15991	Instagram Followers | 15 Days Refill â™»ï¸ | Max 1M | ð€ð¥ð¥ ð…ð¥ðšð ð¬ | ð„ð¦ðžð«ð ðžð§ðœð² ð’ðžð«ð¯ðžð« ð–ð¨ð«ð¤ð¢ð§ð ð…ðšð¬ð­ | Speed 300-500K/Day | INSTANT	244.8248	10	1 000 000	15 Days Refill	2 hours 8 minutes
15992	Instagram Followers | 30 Days Refill â™»ï¸ | Max 1M | ð€ð¥ð¥ ð…ð¥ðšð ð¬ | ð„ð¦ðžð«ð ðžð§ðœð² ð’ðžð«ð¯ðžð« ð–ð¨ð«ð¤ð¢ð§ð ð…ðšð¬ð­ | Speed 300-500K/Day | INSTANT	250.389	10	1 000 000	30 Days Refill	49 minutes
15993	Instagram Followers | 365 Days Refill â™»ï¸ | Max 1M | ð€ð¥ð¥ ð…ð¥ðšð ð¬ | ð„ð¦ðžð«ð ðžð§ðœð² ð’ðžð«ð¯ðžð« ð–ð¨ð«ð¤ð¢ð§ð ð…ðšð¬ð­ | Speed 300-500K/Day | INSTANT	322.7236	10	1 000 000	365 Days Refill	21 hours 5 minutes
15854	Instagram Followers | ðð¨ ð‘ðžðŸð¢ð¥ð¥ | Max 2M | Speed 250K/Day | ðŸðŸŽðŸŽ% ð‘ðžðšð¥ & ð€ðœð­ð¢ð¯ðž ð€ðœðœð¨ð®ð§ð­ð¬ | Refill Button Working | 0-30 Mins	228.1322	1	3 000 000	No Refill	1 hour 40 minutes
15934	Instagram Followers | ðŸ‘ðŸ”ðŸ“ ðƒðšð²ð¬ ð‘ðžðŸð¢ð¥ð¥ | Max 2M | Speed 250K/Day | ðŸðŸŽðŸŽ% ð‘ðžðšð¥ & ð€ðœð­ð¢ð¯ðž ð€ðœðœð¨ð®ð§ð­ð¬ | Refill Button Working | 0-30 Mins	317.1594	1	1 000 000	365 Days Refill	7 hours 11 minutes
15933	Instagram Followers | ðŸ—ðŸŽ ðƒðšð²ð¬ ð‘ðžðŸð¢ð¥ð¥ | Max 2M | Speed 250K/Day | ðŸðŸŽðŸŽ% ð‘ðžðšð¥ & ð€ðœð­ð¢ð¯ðž ð€ðœðœð¨ð®ð§ð­ð¬ | Refill Button Working | 0-30 Mins	278.21	1	1 000 000	30 Days Refill	11 hours 16 minutes
15888	Instagram Followers [No Refill] [ðŽð‹ðƒ ð€ð‚ð‚ðŽð”ðð“ð’ + ð€ð‹ð–ð€ð˜ð’ ð…ð€ð’ð“] [Speed 300K/Day] [0-30 Mins]	222.568	4	1 000 000	No Refill	46 minutes
13570	Instagram Followers [30 Days Refill] [ðŽð‹ðƒ ð€ð‚ð‚ðŽð”ðð“ð’ + ð€ð‹ð–ð€ð˜ð’ ð…ð€ð’ð“] [Speed 300K/Day] [ð‘ðžðŸð¢ð¥ð¥ ðð®ð­ð­ð¨ð§] [0-30 Mins]	255.9532	4	1 000 000	15 Days Refill	31 hours 52 minutes
13311	Instagram Followers [365 Days Refill] [ðŽð‹ðƒ ð€ð‚ð‚ðŽð”ðð“ð’ + ð€ð‹ð–ð€ð˜ð’ ð…ð€ð’ð“] [Speed 300K/Day] [ð‘ðžðŸð¢ð¥ð¥ ðð®ð­ð­ð¨ð§] [0-30 Mins]	328.2878	4	1 000 000	365 Days Refill	6 hours 50 minutes
16050	Instagram Followers | ðð¨ ð‘ðžðŸð¢ð¥ð¥ | Max 3M | Speed UpTo 100K/Day | Refill Button Enabled | 0-1 HR	228.1322	1	3 000 000	No Refill	1 hour 11 minutes
16047	Instagram Followers | ðŸ‘ðŸŽ ðƒðšð²ð¬ ð‘ðžðŸð¢ð¥ð¥ | Max 3M | Speed UpTo 100K/Day | Refill Button Enabled | 0-1 HR	244.8248	1	3 000 000	30 Days Refill	4 hours 41 minutes
16049	Instagram Followers | ðŸ‘ðŸ”ðŸ“ ðƒðšð²ð¬ ð‘ðžðŸð¢ð¥ð¥ | Max 3M | Speed UpTo 100K/Day | Refill Button Enabled | 0-1 HR	311.5952	1	3 000 000	365 Days Refill	9 hours 1 minute
16206	Instagram Followers | 15 Days Refill â™»ï¸ | Max 500K | ð€ð¥ð¥ ð…ð¥ðšð ð¬ | 5-10% Drop Only | Speed 250K/Day | INSTANT	244.8248	10	500 000	15 Days Refill	63 hours 4 minutes
16207	Instagram Followers | 30 Days Refill â™»ï¸ | Max 500K | ð€ð¥ð¥ ð…ð¥ðšð ð¬ | 5-10% Drop Only | Speed 250K/Day | INSTANT	244.8248	10	500 000	30 Days Refill	65 hours 29 minutes
16208	Instagram Followers | 365 Days Refill â™»ï¸ | Max 500K | ð€ð¥ð¥ ð…ð¥ðšð ð¬ | 5-10% Drop Only | Speed 250K/Day | INSTANT	317.1594	10	500 000	365 Days Refill	12 hours 51 minutes
15999	Instagram Followers | 365 Days Refill â™»ï¸ | Max 5M | ð€ð¥ð¥ ð…ð¥ðšð ð¬ | ð„ð¦ðžð«ð ðžð§ðœð² + ð…ðšð¬ð­ðžð¬ð­ ð€ðŸð­ðžð« ð”ð©ððšð­ðž | Speed 500K/Day | INSTANT	556.42	1	5 000 000	365 Days Refill	15 minutes
16356	Instagram Followers | 15 Days Refill â™»ï¸ | Max 5M | ð€ð¥ð¥ ð…ð¥ðšð ð¬ | ð™ðžð«ð¨ ðƒð«ð¨ð© | Speed Up To 15K/HR | 0-10 Mins	489.6496	10	5 000 000	15 Days Refill	8 hours 45 minutes
16357	Instagram Followers | 30 Days Refill â™»ï¸ | Max 5M | ð€ð¥ð¥ ð…ð¥ðšð ð¬ | ð™ðžð«ð¨ ðƒð«ð¨ð© | Speed Up To 15K/HR | 0-10 Mins	506.3422	10	5 000 000	30 Days Refill	5 hours 43 minutes
16359	Instagram Followers | 90 Days Refill â™»ï¸ | Max 5M | ð€ð¥ð¥ ð…ð¥ðšð ð¬ | ð™ðžð«ð¨ ðƒð«ð¨ð© | Speed Up To 15K/HR | 0-10 Mins	517.4706	10	5 000 000	90 Days Refill	10 hours 33 minutes
16358	Instagram Followers | 365 Days Refill â™»ï¸ | Max 5M | ð€ð¥ð¥ ð…ð¥ðšð ð¬ | ð™ðžð«ð¨ ðƒð«ð¨ð© | Speed Up To 15K/HR | 0-10 Mins	534.1632	10	5 000 000	365 Days Refill	8 hours 4 minutes
16570	Instagram Followers | 15 Days Refill â™»ï¸ | Max 3M | ðð«ð¨ðŸð¢ð¥ðž ð–ð¢ð­ð¡ ðð¨ð¬ð­ð¬ | Speed Up To 30K/HR | ðð¨ð§-ðƒð«ð¨ð© | ðŽð§ðž ð‚ð¥ð¢ðœð¤ ð’ð­ðšð«ð­	456.2644	10	3 000 000	15 Days Refill	2 hours 39 minutes
16571	Instagram Followers | 30 Days Refill â™»ï¸ | Max 3M | ðð«ð¨ðŸð¢ð¥ðž ð–ð¢ð­ð¡ ðð¨ð¬ð­ð¬ | Speed Up To 30K/HR | ðð¨ð§-ðƒð«ð¨ð© | ðŽð§ðž ð‚ð¥ð¢ðœð¤ ð’ð­ðšð«ð­	467.3928	10	3 000 000	30 Days Refill	3 hours 35 minutes
16572	Instagram Followers | 60 Days Refill â™»ï¸ | Max 3M | ðð«ð¨ðŸð¢ð¥ðž ð–ð¢ð­ð¡ ðð¨ð¬ð­ð¬ | Speed Up To 30K/HR | ðð¨ð§-ðƒð«ð¨ð© | ðŽð§ðž ð‚ð¥ð¢ðœð¤ ð’ð­ðšð«ð­	495.2138	10	3 000 000	60 Days Refill	5 hours 40 minutes
16573	Instagram Followers | 90 Days Refill â™»ï¸ | Max 3M | ðð«ð¨ðŸð¢ð¥ðž ð–ð¢ð­ð¡ ðð¨ð¬ð­ð¬ | Speed Up To 30K/HR | ðð¨ð§-ðƒð«ð¨ð© | ðŽð§ðž ð‚ð¥ð¢ðœð¤ ð’ð­ðšð«ð­	517.4706	10	3 000 000	90 Days Refill	1 hour 39 minutes
16574	Instagram Followers | 365 Days Refill â™»ï¸ | Max 3M | ðð«ð¨ðŸð¢ð¥ðž ð–ð¢ð­ð¡ ðð¨ð¬ð­ð¬ | Speed Up To 30K/HR | ðð¨ð§-ðƒð«ð¨ð© | ðŽð§ðž ð‚ð¥ð¢ðœð¤ ð’ð­ðšð«ð­	545.2916	10	3 000 000	365 Days Refill	6 hours 32 minutes
16627	Instagram Followers | No Refill | Max 1M | ð€ð¥ð¥ ð…ð¥ðšð ð¬ | ð€ð©ð© ðƒðšð­ðš | ð‚ð¡ðžðšð©ðžð¬ð­ | Speed Up To 100K/Day | 0-10 Mins	317.1594	100	1 000 000	No Refill	1 hour 55 minutes
16623	Instagram Followers | 30 Days Refill â™»ï¸ | Max 1M | ð€ð¥ð¥ ð…ð¥ðšð ð¬ | ð€ð©ð© ðƒðšð­ðš | ð‚ð¡ðžðšð©ðžð¬ð­ | Speed Up To 100K/Day | 0-10 Mins	350.5446	100	1 000 000	30 Days Refill	2 hours 52 minutes
16625	Instagram Followers | 90 Days Refill â™»ï¸ | Max 1M | ð€ð¥ð¥ ð…ð¥ðšð ð¬ | ð€ð©ð© ðƒðšð­ðš | ð‚ð¡ðžðšð©ðžð¬ð­ | Speed Up To 100K/Day | 0-10 Mins	389.494	100	1 000 000	90 Days Refill	39 minutes
17499	Instagram Followers | 120 Days Refill â™»ï¸ | Max 1M | ð€ð¥ð¥ ð…ð¥ðšð ð¬ | ð€ð©ð© ðƒðšð­ðš | ð‚ð¡ðžðšð©ðžð¬ð­ | Speed Up To 100K/Day | 0-10 Mins	422.8792	100	1 000 000	90 Days Refill	1 hour 40 minutes
16626	Instagram Followers | 365 Days Refill â™»ï¸ | Max 1M | ð€ð¥ð¥ ð…ð¥ðšð ð¬ | ð€ð©ð© ðƒðšð­ðš | ð‚ð¡ðžðšð©ðžð¬ð­ | Speed Up To 100K/Day | 0-10 Mins	461.8286	100	1 000 000	365 Days Refill	33 minutes
16687	Instagram Followers | No Refill | ð‚ð¡ðžðšð© | Speed 100K/Day | Drop Ratio - 15-30% | 0-10 Mins	139.105	100	5 000 000	No Refill	3 hours 12 minutes
16688	Instagram Followers | 30 Days Refill â™»ï¸ | ð‚ð¡ðžðšð© | Speed 100K/Day | Drop Ratio - 15-30% | 0-10 Mins	178.0544	100	5 000 000	30 Days Refill	1 hour 6 minutes
16689	Instagram Followers | 60 Days Refill â™»ï¸ | ð‚ð¡ðžðšð© | Speed 100K/Day | Drop Ratio - 15-30% | 0-10 Mins	183.6186	100	5 000 000	60 Days Refill	1 hour 2 minutes
16690	Instagram Followers | 90 Days Refill â™»ï¸ | ð‚ð¡ðžðšð© | Speed 100K/Day | Drop Ratio - 15-30% | 0-10 Mins	194.747	100	5 000 000	90 Days Refill	1 hour 49 minutes
16691	Instagram Followers | 120 Days Refill â™»ï¸ | ð‚ð¡ðžðšð© | Speed 100K/Day | Drop Ratio - 15-30% | 0-10 Mins	200.3112	100	5 000 000	120 Days Refill	2 hours 50 minutes
16692	Instagram Followers | 365 Days Refill â™»ï¸ | ð‚ð¡ðžðšð© | Speed 100K/Day | Drop Ratio - 15-30% | 0-10 Mins	211.4396	100	5 000 000	365 Days Refill	3 hours 5 minutes
17602	Instagram Followers - ðŸ‡§ðŸ‡· BRAZIL | ðŸðŸŽðŸŽ% ð‡ð & ð‘ðžðšð¥ ð€ðœðœð¨ð®ð§ð­ð¬ | No Refill | Max 3M | Speed Up To 2K/Day | Refill & Cancel Button â›” | 0-15 Mins	673.2682	10	3 000 000	No Refill	2 hours 31 minutes
17609	Instagram Followers - ðŸ‡§ðŸ‡· BRAZIL | ðŸðŸŽðŸŽ% ðð«ðšð³ð¢ð¥ ð€ðœðœð¨ð®ð§ð­ð¬ | 30 Days Refill â™»ï¸ | Max 1M | Speed Up To 15K/Day | Refill & Cancel Button â›” | 0-15 Mins	1212.9956	10	10 000 000	30 Days Refill	9 minutes
17603	Instagram Followers - ðŸ‡§ðŸ‡· BRAZIL | ðŸðŸŽðŸŽ% ð‡ð & ð‘ðžðšð¥ ð€ðœðœð¨ð®ð§ð­ð¬ | 30 Days Refill â™»ï¸ | Max 300K | Speed Up To 2K/Day | Refill & Cancel Button â›” | 0-15 Mins	979.2992	10	300 000	30 Days Refill	2 hours 9 minutes
17607	Instagram Followers - ðŸ‡§ðŸ‡· BRAZIL | ðŸðŸŽðŸŽ% ðð«ðšð³ð¢ð¥ ð€ðœðœð¨ð®ð§ð­ð¬ | 30 Days Refill â™»ï¸ | Max 500K | Speed Up To 5K/Day | Refill & Cancel Button â›” | 0-15 Mins	1034.9412	10	500 000	30 Days Refill	32 hours 50 minutes
17608	Instagram Followers - ðŸ‡§ðŸ‡· BRAZIL | âš¡ð‡ð & ð‘ðžðšð¥ | 30 Days Refill â™»ï¸ | Max 100K | Speed Up To 10K/Day | Refill & Cancel Button â›” | 0-15 Mins	1123.9684	10	100 000	30 Days Refill	16 hours 3 minutes
17604	Instagram Likes - ðŸ‡§ðŸ‡· BRAZIL | ðŸðŸŽðŸŽ% ð‡ð & ð‘ðžðšð¥ ð€ðœðœð¨ð®ð§ð­ð¬ | No Refill | Max 3M | Speed Up To 5K/Day | Refill & Cancel Button â›” | 0-15 Mins	172.4902	10	3 000 000	No Refill	1 hour 52 minutes
17605	Instagram Likes - ðŸ‡§ðŸ‡· BRAZIL | ðŸðŸŽðŸŽ% ð‡ð & ð‘ðžðšð¥ ð€ðœðœð¨ð®ð§ð­ð¬ | 30 Days Refill â™»ï¸ | Max 3M | Speed Up To 5K/Day | Refill & Cancel Button â›” | 0-15 Mins	311.5952	10	3 000 000	30 Days Refill	1 hour 43 minutes
16770	Instagram Likes | FAST | No Refill | Speed 50K/Day | INSTANT	16.6926	10	3 000 000	No Refill	8 minutes
16771	Instagram Likes | FAST | 30 Days Refill â™»ï¸ | Speed 50K/Day | INSTANT	22.2568	10	3 000 000	30 Days Refill	10 minutes
16772	Instagram Likes | FAST | 365 Days Refill â™»ï¸ | Speed 50K/Day | INSTANT	22.2568	10	3 000 000	365 Days Refill	14 minutes
16773	Instagram Likes | ð†ð¨ð¨ð ðð®ðšð¥ð¢ð­ð² | No Refill | Speed 200K/Day | ðŽð§ðž ð‚ð¥ð¢ðœð¤ ð’ð­ðšð«ð­	27.821	10	500 000	No Refill	10 minutes
16774	Instagram Likes | ð†ð¨ð¨ð ðð®ðšð¥ð¢ð­ð² | 30 Days Refill | Speed 200K/Day | ðŽð§ðž ð‚ð¥ð¢ðœð¤ ð’ð­ðšð«ð­	27.821	10	500 000	30 Days Refill	22 hours 38 minutes
16775	Instagram Likes | ð‘ðžðšð¥ ðð®ðšð¥ð¢ð­ð² | No Refill | Speed 300K/Day | ðŽð§ðž ð‚ð¥ð¢ðœð¤ ð’ð­ðšð«ð­	55.642	10	1 000 000	No Refill	34 minutes
16776	Instagram Likes | ð‘ðžðšð¥ ðð®ðšð¥ð¢ð­ð² | 30 Days Refill | Speed 300K/Day | ðŽð§ðž ð‚ð¥ð¢ðœð¤ ð’ð­ðšð«ð­	66.7704	10	1 000 000	30 Days Refill	7 minutes
16223	Instagram Followers | No Refill | Max 10M | ð‘ðžðŸð¢ð¥ð¥ ðð®ð­ð­ð¨ð§ ð„ð§ðšð›ð¥ðžð | Speed 200K/Day | ðŽð§ðž ð‚ð¥ð¢ðœð¤ ð’ð­ðšð«ð­	400.6224	10	50 000 000	No Refill	8 hours 27 minutes
16224	Instagram Followers | 30 Days â™»ï¸ | Max 10M | ð‘ðžðŸð¢ð¥ð¥ ðð®ð­ð­ð¨ð§ ð„ð§ðšð›ð¥ðžð | 0 -10% Drop Only | Speed 200K/Day | ðŽð§ðž ð‚ð¥ð¢ðœð¤ ð’ð­ðšð«ð­	523.0348	10	10 000 000	30 Days Refill	4 hours 25 minutes
16225	Instagram Followers | 365 Days â™»ï¸ | Max 10M | ð‘ðžðŸð¢ð¥ð¥ ðð®ð­ð­ð¨ð§ ð„ð§ðšð›ð¥ðžð | 0 -10% Drop Only | Speed 200K/Day | ðŽð§ðž ð‚ð¥ð¢ðœð¤ ð’ð­ðšð«ð­	545.2916	10	100 000 000	365 Days Refill	74 hours 15 minutes
17479	Instagram Followers | No Refill | ð…ðšð¬ð­ðžð¬ð­ ð’ð©ðžðžð ð€ðŸð­ðžð« ð”ð©ððšð­ðž | ð™ðžð«ð¨ ðƒð«ð¨ð© | Speed Up To 500K/Day | ðŽð§ðž ð‚ð¥ð¢ðœð¤ ð’ð­ðšð«ð­	389.494	10	2 000 000	No Refill	2 hours 11 minutes
17475	Instagram Followers | 15 Days Refill â™»ï¸ | ð…ðšð¬ð­ðžð¬ð­ ð’ð©ðžðžð ð€ðŸð­ðžð« ð”ð©ððšð­ðž | ð™ðžð«ð¨ ðƒð«ð¨ð© | Speed Up To 500K/Day | ðŽð§ðž ð‚ð¥ð¢ðœð¤ ð’ð­ðšð«ð­	467.3928	10	2 000 000	15 Days Refill	5 hours 3 minutes
17476	Instagram Followers | 30 Days Refill â™»ï¸ | ð…ðšð¬ð­ðžð¬ð­ ð’ð©ðžðžð ð€ðŸð­ðžð« ð”ð©ððšð­ðž | ð™ðžð«ð¨ ðƒð«ð¨ð© | Speed Up To 500K/Day | ðŽð§ðž ð‚ð¥ð¢ðœð¤ ð’ð­ðšð«ð­	478.5212	10	2 000 000	30 Days Refill	16 hours 34 minutes
17477	Instagram Followers | 120 Days Refill â™»ï¸ | ð…ðšð¬ð­ðžð¬ð­ ð’ð©ðžðžð ð€ðŸð­ðžð« ð”ð©ððšð­ðž | ð™ðžð«ð¨ ðƒð«ð¨ð© | Speed Up To 500K/Day | ðŽð§ðž ð‚ð¥ð¢ðœð¤ ð’ð­ðšð«ð­	489.6496	10	2 000 000	120 Days Refill	1 hour 27 minutes
17478	Instagram Followers | 365 Days Refill â™»ï¸ | ð…ðšð¬ð­ðžð¬ð­ ð’ð©ðžðžð ð€ðŸð­ðžð« ð”ð©ððšð­ðž | ð™ðžð«ð¨ ðƒð«ð¨ð© | Speed Up To 500K/Day | ðŽð§ðž ð‚ð¥ð¢ðœð¤ ð’ð­ðšð«ð­	500.778	10	2 000 000	365 Days Refill	5 hours 28 minutes
15856	Instagram Likes | 30 Days Refill | OLD ACCOUNTS | Max 1M | Speed Upto 300K/Day | INSTANT	22.2568	1	1 000 000	30 Days Refill	35 minutes
16330	Instagram Likes | 365 Days Refill | Max 500K | Speed Upto 500K/Day | ðŽð§ðž ð‚ð¥ð¢ðœð¤ ð’ð­ðšð«ð­ | Recommended	66.7704	10	500 000	No Refill	23 minutes
16000	Instagram Likes | High Quality | 30 Days Refill | Max 1M | Speed Upto 300K/Day | ðŽð§ðž ð‚ð¥ð¢ðœð¤ ð’ð­ðšð«ð­	66.7704	10	10 000 000	30 Days Refill	7 minutes
16227	Instagram Likes | Good Quality | 30 Days Refill | Max 20K | Speed Upto 20K/HR | 0-5 Mins	55.642	20	20 000	30 Days Refill	1 hour 3 minutes
16175	Instagram Likes | 15 Days Refill | High Quality | Speed 250K/Day | 0-5 Mins	55.642	10	10 000 000	15 Days Refill	4 minutes
16370	Instagram Likes | Good Quality | 30 Days Refill | Max 100K | Speed Upto 100K/Day | 0-5 Mins	44.5136	20	100 000	30 Days Refill	58 minutes
16177	Instagram Likes | No Refill | Max 100K | Speed Upto 10K/Day | 0-1 HR	36.1673	10	1 000 000	No Refill	54 minutes
1171	Instagram ðð¨ð°ðžð« ð‹ð¢ð¤ðžð¬ ð‚ð¨ð¦ð›ð¨ [ð‹ð¢ð¤ðžð¬ + ðˆð¦ð©ð«ðžð¬ð¬ð¢ð¨ð§ + ð‘ðžðšðœð¡ + ð•ð¢ðžð°ð¬] [ð‡ð¢ð ð¡ ðð®ðšð¥ð¢ð­ð²] [30 Days Refill] [Max 50K] [Speed 20K/Day] [INSTANT]	44.5136	50	50 000	30 Days Refill	31 minutes
3333	Instagram ðð¨ð°ðžð« ð‹ð¢ð¤ðžð¬ ð‚ð¨ð¦ð›ð¨ [ð‹ð¢ð¤ðžð¬ + ðˆð¦ð©ð«ðžð¬ð¬ð¢ð¨ð§ + ð‘ðžðšðœð¡ + ð•ð¢ðžð°ð¬] [30 Days Refill] [Max 300K] [Speed 30K/Day] [Always Instant]	72.3346	10	300 000	30 Days Refill	44 minutes
7391	Instagram ðð¨ð°ðžð« ð‹ð¢ð¤ðžð¬ ð‚ð¨ð¦ð›ð¨ [ð‹ð¢ð¤ðžð¬ + ðˆð¦ð©ð«ðžð¬ð¬ð¢ð¨ð§ + ð‘ðžðšðœð¡ + ð•ð¢ðžð°ð¬] [ððžð¬ð­ ð‘ðžðšð¥ ðð®ðšð¥ð¢ð­ð²] [Lifetime Warranty] [Max 300K] [Speed 50K/Day] [Always Instant] [ð‘ð„ð‚ðŽðŒðŒð„ððƒð„ðƒ]	166.926	20	300 000	Lifetime Refill	7 minutes
1170	Instagram ðð¨ð°ðžð« ð‹ð¢ð¤ðžð¬ ð‚ð¨ð¦ð›ð¨ [ð‹ð¢ð¤ðžð¬ + ðˆð¦ð©ð«ðžð¬ð¬ð¢ð¨ð§ + ð‘ðžðšðœð¡ + ð•ð¢ðžð°ð¬] [ð’ð®ð©ðžð« ðð®ðšð¥ð¢ð­ð²] [30 Days Refill] [Max 100K] [Speed 50K/Day] [Refill Button] [Always Instant]	72.3346	10	100 000	30 Days Refill	3 hours 31 minutes
3349	Instagram ðð¨ð°ðžð« ð‹ð¢ð¤ðžð¬ ð‚ð¨ð¦ð›ð¨ [ð‹ð¢ð¤ðžð¬ + ðˆð¦ð©ð«ðžð¬ð¬ð¢ð¨ð§ + ð‘ðžðšðœð¡ + ð•ð¢ðžð°ð¬] [ð‘ð„ð€ð‹ & ð‡ð] [90 Days Refill] [Max 120K] [Speed 50-100K/Day] [Always Instant] [ð‘ðžðœð¨ð¦ð¦ðžð§ððžð]	44.5136	50	120 000	90 Days Refill	1 hour 51 minutes
3003	Instagram ðð¨ð°ðžð« ð‹ð¢ð¤ðžð¬ ð‚ð¨ð¦ð›ð¨ [ð‹ð¢ð¤ðžð¬ + ðˆð¦ð©ð«ðžð¬ð¬ð¢ð¨ð§ + ð‘ðžðšðœð¡ + ð•ð¢ðžð°ð¬] [ððžð¬ð­ ðð®ðšð¥ð¢ð­ð²] [30 Days Refill] [Max 250K] [ð€ð”ð“ðŽ ð‘ð„ð…ðˆð‹ð‹] [Speed 40K/Day] [Always Instant]	127.9766	15	250 000	30 Days Refill	8 minutes
1211	Instagram ðð¨ð°ðžð« ð‹ð¢ð¤ðžð¬ ð‚ð¨ð¦ð›ð¨ [ð‹ð¢ð¤ðžð¬ + ðˆð¦ð©ð«ðžð¬ð¬ð¢ð¨ð§ + ð‘ðžðšðœð¡ + ð•ð¢ðžð°ð¬] [ð‘ðžðšð¥ & ððžð¬ð­ ðð®ðšð¥ð¢ð­ð²] [1 Year Refill] [ðð¨ð§-ðƒð«ð¨ð©] [Max 200K] [Speed 100K/Day] [Always Instant]	300.4668	50	200 000	365 Days Refill	12 hours 53 minutes
3348	Instagram ðð¨ð°ðžð« ð‹ð¢ð¤ðžð¬ ð‚ð¨ð¦ð›ð¨ [ð‹ð¢ð¤ðžð¬ + ðˆð¦ð©ð«ðžð¬ð¬ð¢ð¨ð§ + ð‘ðžðšðœð¡ + ð•ð¢ðžð°ð¬] [ð‘ðžðšð¥ & ð‡ð¢ð ð¡ ðð®ðšð¥ð¢ð­ð²] [60 Days Refill] [Max 150K] [ð€ð”ð“ðŽ ð‘ð„ð…ðˆð‹ð‹] [Speed 100K/Day] [INSTANT]	127.9766	10	150 000	60 Days Refill	32 minutes
3345	Instagram ðð¨ð°ðžð« ð‹ð¢ð¤ðžð¬ ð‚ð¨ð¦ð›ð¨ [ð‹ð¢ð¤ðžð¬ + ðˆð¦ð©ð«ðžð¬ð¬ð¢ð¨ð§ + ð‘ðžðšðœð¡ + ð•ð¢ðžð°ð¬] [ Always Instant - High Quality - Super Fast] [50k Max] [Recommended]	55.642	50	50 000	Lifetime Refill	4 hours 15 minutes
3344	Instagram ðð¨ð°ðžð« ð‹ð¢ð¤ðžð¬ ð‚ð¨ð¦ð›ð¨ [ð‹ð¢ð¤ðžð¬ + ðˆð¦ð©ð«ðžð¬ð¬ð¢ð¨ð§ + ð‘ðžðšðœð¡ + ð•ð¢ðžð°ð¬] [Real & Active People | Instant] [150k Max] [BEST]	111.284	10	150 000	Lifetime Refill	2 hours 55 minutes
3343	Instagram ðð¨ð°ðžð« ð‹ð¢ð¤ðžð¬ ð‚ð¨ð¦ð›ð¨ [ð‹ð¢ð¤ðžð¬ + ðˆð¦ð©ð«ðžð¬ð¬ð¢ð¨ð§ + ð‘ðžðšðœð¡ + ð•ð¢ðžð°ð¬] [100% Real | Best Quality in the Market] [20k Max]	77.8988	10	20 000	Lifetime Refill	7 minutes
17495	Instagram Followers | No Refill | ðŸðŸŽðŸŽ% ð°ð¢ð­ð¡ ðð«ð¨ðŸð¢ð¥ðž ðð¢ðœð­ð®ð«ðž | Speed Up To 4K/HR | 0-2 HRS	233.6964	1	1 000 000	No Refill	12 minutes
17496	Instagram Followers | 30 Days Refill â™»ï¸ | ðŸðŸŽðŸŽ% ð°ð¢ð­ð¡ ðð«ð¨ðŸð¢ð¥ðž ðð¢ðœð­ð®ð«ðž | Speed Up To 4K/HR | 0-2 HRS	244.8248	1	1 000 000	30 Days Refill	158 hours 25 minutes
17498	Instagram Followers | 90 Days Refill â™»ï¸ | ðŸðŸŽðŸŽ% ð°ð¢ð­ð¡ ðð«ð¨ðŸð¢ð¥ðž ðð¢ðœð­ð®ð«ðž | Speed Up To 4K/HR | 0-5 Mins0-2 HRS	278.21	1	1 000 000	90 Days Refill	52 minutes
17497	Instagram Followers | 365 Days Refill â™»ï¸ | ðŸðŸŽðŸŽ% ð°ð¢ð­ð¡ ðð«ð¨ðŸð¢ð¥ðž ðð¢ðœð­ð®ð«ðž | Speed Up To 4K/HR | 0-2 HRS	317.1594	1	1 000 000	365 Days Refill	1 hour 48 minutes
16676	Instagram VIP Followers | %100 Italian Users ðŸ‡®ðŸ‡¹ | 90 Days Refill | 10K/D	6688.1684	10	100 000	No Refill	54 hours 49 minutes
16678	Instagram VIP Likes | %100 Italian Users ðŸ‡®ðŸ‡¹ | 30 Days Refill | 10K/D	762.2954	10	50 000	No Refill	7 hours 25 minutes
16680	Instagram VIP Likes | %100 Italian Male Users ðŸ‡®ðŸ‡¹ | 30 Days Refill | 10K/D	762.2954	20	10 000	No Refill	18 minutes
16594	Instagram VIP Followers | %100 Latin Users ðŸ‡¦ðŸ‡· | 30 Days Refill | 10K/D	3666.8078	10	250 000	No Refill	11 hours 36 minutes
16311	Instagram VIP Followers | %100 Latin Users ðŸ‡¦ðŸ‡· | 90 Days Refill | 10K/D	7372.565	10	100 000	No Refill	7 hours 8 minutes
16314	Instagram VIP Likes | %100 Latin Users ðŸ‡¦ðŸ‡· | 30 Days Refill | 50K/D	740.0386	10	15 000	No Refill	15 hours 53 minutes
16315	Instagram VIP Likes | %100 Latin Male Users ðŸ‡¦ðŸ‡· | 30 Days Refill | 50K/D	740.0386	10	15 000	No Refill	46 hours 1 minute
16532	Instagram VIP Followers | %100 USA Users ðŸ‡ºðŸ‡¸ | 30 Days Refill | 20K/D | 0-30 Mins	3666.8078	10	500 000	No Refill	28 hours 19 minutes
16285	Instagram VIP Likes | %100 USA Users ðŸ‡ºðŸ‡¸ | 30 Days Refill | 50K/D	751.167	10	50 000	No Refill	16 minutes
16286	Instagram VIP Likes | %100 USA Female Users ðŸ‡ºðŸ‡¸ | 30 Days Refill | 50K/D	740.0386	10	50 000	No Refill	17 minutes
16287	Instagram VIP Likes | %100 USA Male Users ðŸ‡ºðŸ‡¸ | 30 Days Refill | 50K/D	740.0386	10	50 000	No Refill	24 minutes
16305	Instagram VIP Followers | %100 Spanish Users ðŸ‡ªðŸ‡¸ | 90 Days Refill | 10K/D	3744.7066	10	250 000	No Refill	67 hours 39 minutes
16308	Instagram VIP Likes | %100 Spanish Users ðŸ‡ªðŸ‡¸ | 30 Days Refill | 50K/D	740.0386	10	2 000	No Refill	13 hours 37 minutes
16309	Instagram VIP Likes | %100 Spanish Male Users ðŸ‡ªðŸ‡¸ | 30 Days Refill | 50K/D	740.0386	10	2 000	No Refill	6 hours 27 minutes
16310	Instagram VIP Likes | %100 Spanish Female Users ðŸ‡ªðŸ‡¸ | 30 Days Refill | 50K/D	740.0386	10	2 000	No Refill	35 hours 7 minutes
16660	Instagram VIP Followers | %100 Arab Male Users ðŸ‡¸ðŸ‡¦ | 30 Days Refill | 10K/D	2782.1	10	20 000	30 Days Refill	6 hours 58 minutes
16593	Instagram VIP Followers | %100 Arab Users ðŸ‡¸ðŸ‡¦ | 90 Days Refill | Speed 20K/D | 0-30 Mins	3338.52	10	20 000	No Refill	22 minutes
16277	Instagram VIP Followers | %100 Arab Users ðŸ‡¸ðŸ‡¦ | 90 Days Refill | Speed 20K/D | 0-30 Mins	3616.73	10	20 000	No Refill	11 minutes
16280	Instagram VIP Likes | %100 Arab Users ðŸ‡¸ðŸ‡¦ | 30 Days Refill | Speed 30K/D | 0-30 Mins	222.568	20	5 000	No Refill	4 hours 15 minutes
16536	Instagram VIP Followers | %100 Brazilian Users ðŸ‡§ðŸ‡· | 30 Days Refill | 10K/D	3666.8078	10	150 000	No Refill	4 hours 15 minutes
16296	Instagram VIP Likes | %100 Brazilian Users ðŸ‡§ðŸ‡· | 30 Days Refill | 20K/D	740.0386	20	30 000	No Refill	9 hours 39 minutes
16615	Instagram Followers | No Refill | EU & USA Active Accounts ðŸ‡ªðŸ‡ºðŸ‡ºðŸ‡² | Max 100K | Speed Up To 5K/Day | 0-5 Mins	879.1436	50	100 000	No Refill	120 hours 23 minutes
16614	Instagram Followers | 30 Days Refill â™»ï¸ | EU & USA Active Accounts ðŸ‡ªðŸ‡ºðŸ‡ºðŸ‡² | Max 100K | Speed Up To 5K/Day | 0-5 Mins	951.4782	50	100 000	30 Days Refill	16 minutes
16613	Instagram Followers | 365 Days Refill â™»ï¸ | EU & USA Active Accounts ðŸ‡ªðŸ‡ºðŸ‡ºðŸ‡² | Max 100K | Speed Up To 5K/Day | 0-5 Mins	1090.5832	50	100 000	365 Days Refill	110 hours 15 minutes
16617	Instagram Likes | 30 Days Refill â™»ï¸ | EU & USA Active Accounts ðŸ‡ªðŸ‡ºðŸ‡ºðŸ‡² | Max 100K | Speed Up To 20K/Day | 0-5 Mins	778.988	50	50 000	30 Days Refill	11 minutes
16621	Instagram Likes | 30 Days Refill â™»ï¸ | EU & USA Active Accounts ðŸ‡ªðŸ‡ºðŸ‡ºðŸ‡² | Max 25K | Speed Up To 2K/Day | 0-1 HR	289.3384	50	25 000	30 Days Refill	90 hours 48 minutes
16616	Instagram VIP Followers | %100 USA Users ðŸ‡ºðŸ‡¸ | 30 Days Refill | 20K/D | 0-30 Mins	3744.7066	10	500 000	30 Days Refill	35 hours 7 minutes
16619	Instagram VIP Followers | %100 Spanish Users ðŸ‡ªðŸ‡¸ | 90 Days Refill | 10K/D	3744.7066	10	250 000	30 Days Refill	1 hour 50 minutes
16620	Instagram VIP Likes | %100 Spanish Users ðŸ‡ªðŸ‡¸ | 30 Days Refill | 50K/D	740.0386	10	2 000	30 Days Refill	18 hours 31 minutes
16039	ðŸ‡§ðŸ‡· Instagram Likes | BRAZIL | 30 Days Refill | Max 100K | Speed 1-3K/D | Non-Drop | INSTANT	94.5914	50	100 000	30 Days Refill	15 hours 4 minutes
16043	ðŸ‡§ðŸ‡· Instagram Likes | BRAZIL | 365 Days Refill | Max 100K | Speed 1-3K/D | Non-Drop | INSTANT	100.1556	50	100 000	365 Days Refill	3 hours 48 minutes
16040	ðŸ‡§ðŸ‡· Instagram Followers | BRAZIL | 30 Days Refill | ð‘ðžðšð¥ ð€ðœðœð¨ð®ð§ð­ð¬ | Max 100K | Speed 1-3K/D | Non-Drop | INSTANT	995.9918	50	100 000	30 Days Refill	2 hours 16 minutes
16041	ðŸ‡§ðŸ‡· Instagram Followers | BRAZIL | 90 Days Refill | ð‘ðžðšð¥ ð€ðœðœð¨ð®ð§ð­ð¬ | Max 100K | Speed 1-3K/D | Non-Drop | INSTANT	556.42	50	100 000	90 Days Refill	19 hours 52 minutes
16042	ðŸ‡§ðŸ‡· Instagram Followers | BRAZIL | 365 Days Refill | ð‘ðžðšð¥ ð€ðœðœð¨ð®ð§ð­ð¬ | Max 100K | Speed 1-3K/D | Non-Drop | INSTANT	628.7546	50	100 000	365 Days Refill	11 minutes
16542	Instagram Likes | ð€ð‘ð€ð ð€ðœðœð¨ð®ð§ð­ð¬ | 30 Days Refill | Max 100K | Speed 1-2K/D | Non-Drop | INSTANT	751.167	50	100 000	30 Days Refill	1 hour 25 minutes
16544	Instagram Likes | ð€ð‘ð€ð ð€ðœðœð¨ð®ð§ð­ð¬ | 365 Days Refill | Max 100K | Speed 1-2K/D | Non-Drop | INSTANT	111.284	50	100 000	365 Days Refill	9 hours 46 minutes
16543	Instagram Followers | ð€ð‘ð€ð ð€ðœðœð¨ð®ð§ð­ð¬ | 30 Days Refill | Max 100K | Speed 1-2K/D | Non-Drop | INSTANT	612.062	50	100 000	30 Days Refill	69 hours 54 minutes
16545	Instagram Followers | ð€ð‘ð€ð ð€ðœðœð¨ð®ð§ð­ð¬ | 90 Days Refill | Max 100K | Speed 1-2K/D | Non-Drop | INSTANT	673.2682	50	100 000	90 Days Refill	82 hours 25 minutes
16546	Instagram Followers | ð€ð‘ð€ð ð€ðœðœð¨ð®ð§ð­ð¬ | 365 Days Refill | Max 100K | Speed 1-2K/D | Non-Drop | INSTANT	717.7818	50	100 000	365 Days Refill	27 hours 38 minutes
15504	ðŸ‡®ðŸ‡³ Instagram Premium Followers ðˆð§ðð¢ðš ðŸ‡®ðŸ‡³ | No Refill | Speed 200K/Day | 0-5Mins	489.6496	100	1 000 000	No Refill	51 minutes
15505	ðŸ‡®ðŸ‡³ Instagram Premium Followers ðˆð§ðð¢ðš ðŸ‡®ðŸ‡³ | 30 Days Refill | Speed 200K/Day | Refill Button | 0-5Mins	523.0348	100	1 000 000	30 Days Refill	112 hours 51 minutes
15506	ðŸ‡®ðŸ‡³ Instagram Premium Followers ðˆð§ðð¢ðš ðŸ‡®ðŸ‡³ | 365 Days Refill | Speed 200K/Day | Refill Button | 0-5Mins	623.1904	100	1 000 000	365 Days Refill	8 hours 3 minutes
15508	ðŸ‡®ðŸ‡³ Instagram Premium Likes ðˆð§ðð¢ðš ðŸ‡®ðŸ‡³ | Super Fast & HQ | Speed 100K/Day | 0-10 Mins	172.4902	10	100 000	30 Days Refill	10 minutes
15507	ðŸ‡®ðŸ‡³ Instagram Premium Likes ðˆð§ðð¢ðš ðŸ‡®ðŸ‡³ | Speed 50K/Day | 0-10 Mins	211.4396	100	100 000	30 Days Refill	5 minutes
9556	Instagram Followers | No Refill | Max 100K | Drop Ratio 50%+ | All Flags Working | Speed 15-30K/Day | 0-1 HR	228.1322	100	500 000	No Refill	6 hours 19 minutes
13345	Instagram Followers - No Refill | ð€ð¥ð¥ ð…ð¥ðšð ð¬ ð–ð¨ð«ð¤ð¢ð§ð | Max 1M | ð‡ð¢ð ð¡ ðð®ðšð¥ð¢ð­ð² ð€ðœðœð¨ð®ð§ð­ð¬ | Speed 200K/Day | Refill Button | 0-15 Mins	328.2878	1	1 000 000	No Refill	8 minutes
13296	Instagram Followers - ðƒð¢ð¬ðšð›ð¥ðž " ð…ð¥ðšð ð…ð¨ð« ð‘ðžð¯ð¢ðžð°" ððžðŸð¨ð«ðž ðŽð«ððžð«ð¢ð§ð | [No Refill] [Max 500K] [Speed 10-20K/Day] [0-15Mins]	233.6964	5	500 000	No Refill	55 minutes
16191	Instagram Followers [ ð‚ð¡ðžðšð©ðžð¬ð­ ] | No Refill | Max 1M | Speed UpTo 200K/Day | 0-5 Minutes	228.1322	5	1 000 000	No Refill	40 minutes
16380	Instagram Followers | No Refill | Max 5M | Speed 200K/Day | ðŽð§ðž ð‚ð¥ð¢ðœð¤ ð’ð­ðšð«ð­	211.4396	1	5 000 000	No Refill	9 hours 56 minutes
13304	Instagram Followers - [No Refill] [ð€ð¥ð¥ ð…ð¥ðšð ð¬ ð–ð¨ð«ð¤ð¢ð§ð ] [ð’ð”ðð„ð‘ ð…ð€ð’ð“] [Max 10M] [Speed 300K/Day] [Always Instant]	389.494	20	10 000 000	No Refill	37 minutes
10347	Instagram Followers - [ð‘ðžðšð¥ ð€ð©ð© ðƒðšð­ðš] [No Refill] [Max 50K] [Speed 300K/Day] [INSTANT]	344.9804	1	50 000	No Refill	21 minutes
5359	Instagram Followers - [No Refill] [Max 1M] [Speed 500K/Day] [0-15Mins]	383.9298	10	50 000 000	No Refill	1 hour 59 minutes
12600	Instagram Followers - [ð…ð€ð’ð“ ð’ð“ð€ð‘ð“] [No Refill] [Max 500K] | ðƒð¢ð¬ðšð›ð¥ðž " ð…ð¥ðšð ð…ð¨ð« ð‘ðžð¯ð¢ðžð°" ððžðŸð¨ð«ðž ðŽð«ððžð«ð¢ð§ð [Good Speed] [INSTANT]	400.6224	50	500 000	No Refill	3 hours 46 minutes
16174	Instagram Followers | No Refill | Speed 150K/Day | INSTANT	250.389	10	1 000 000	No Refill	2 hours 10 minutes
13109	Instagram Followers - ðƒð¢ð¬ðšð›ð¥ðž " ð…ð¥ðšð ð…ð¨ð« ð‘ðžð¯ð¢ðžð°" ððžðŸð¨ð«ðž ðŽð«ððžð«ð¢ð§ð | ð‡ð¢ð ð¡ ðð®ðšð¥ð¢ð­ð² [ð…ðšð¬ð­ðžð¬ð­ ð’ðžð«ð¯ðžð« ðˆð§ ð“ð¡ðž ðŒðšð«ð¤ðžð­] [Max 5M] [No Refill] [Speed 50-100/Day] [INSTANT]	400.6224	10	5 000 000	No Refill	5 hours 18 minutes
3104	Instagram Followers - [No Refill] [Max 100K] [Speed 50-100K/Day] | ðƒð¢ð¬ðšð›ð¥ðž " ð…ð¥ðšð ð…ð¨ð« ð‘ðžð¯ð¢ðžð°" ððžðŸð¨ð«ðž ðŽð«ððžð«ð¢ð§ð [INSTANT]	339.4162	20	100 000	No Refill	37 minutes
5361	Instagram Followers - [ð†ð¨ð¨ð ðð®ðšð¥ð¢ð­ð²] [No Refill] [Max 300K] [Speed 500K/Day] [INSTANT]	378.3656	5	300 000	No Refill	11 minutes
5356	Instagram Followers - [ð‘ðžðšð¥ & ð‡ð] [No Refill] [Max 1M] [Speed 20K/HR] [INSTANT]	339.4162	5	1 000 000	No Refill	14 minutes
3055	Instagram Followers - [ð‘ðžðšð¥ & ð‡ð] [Low Drop] [Max 5M] [50-100K/Day] [INSTANT - Recommended] ðŸ”¥	233.6964	10	5 000 000	No Refill	2 hours 28 minutes
13297	Instagram Followers - [No Refill] [ð€ð¥ð¥ ð…ð¥ðšð ð¬ ð–ð¨ð«ð¤ð¢ð§ð ] [Max 1M] [Mixed Quality] [Speed 100K/Day] [0-30Mins]	344.9804	10	1 000 000	No Refill	16 minutes
15865	Instagram Followers | No Refill | ð‘ðžðšð¥ ð€ðœðœð¨ð®ð§ð­ð¬ ð–ð¢ð­ð¡ ðð¨ð¬ð­ð¬ | Speed 400K/Day | 0-15 Mins	333.852	50	1 000 000	No Refill	17 minutes
5360	Instagram Followers - [ð‘ð„ð€ð‹] [No Refill] [Max 500K] [Speed 50K/Day] [INSTANT]	344.9804	100	500 000	No Refill	18 minutes
13381	ðŸ†• Instagram Followers - [No Refill] [ð€ð¥ð¥ ð…ð¥ðšð ð¬ ð–ð¨ð«ð¤ð¢ð§ð ] [Max 10M] [ðŽð¥ð ð€ðœðœð¨ð®ð§ð­ð¬ ð°ð¢ð­ð¡ ðð¨ð¬ð­] [Speed 10-20K/Day] [0-20 Mins]	361.673	20	10 000 000	No Refill	22 minutes
16056	Instagram Followers | No Refill | Max 1M | ð€ðœðœð¨ð®ð§ð­ð¬ ð–ð¢ð­ð¡ ðð¨ð¬ð­ + ðŸðŸŽðŸŽ% ð‘ðžðšð¥ | Speed Up To 200K/Day | ðŽð§ðž ð‚ð¥ð¢ðœð¤ ð’ð­ðšð«ð­	628.7546	10	1 000 000	365 Days Refill	54 minutes
12494	Instagram Followers - [No Refill] [Max 5M] [Super Fast] [INSTANT]	333.852	100	5 000 000	No Refill	15 minutes
13306	Instagram Followers - [No Refill] [ð€ð¥ð¥ ð…ð¥ðšð ð¬ ð–ð¨ð«ð¤ð¢ð§ð ] [Max 5M] [ðŸðŸ“+ ðð¨ð¬ð­ ð€ðœðœð¨ð®ð§ð­ð¬] [Speed 200K/Day] [INSTANT]	361.673	10	5 000 000	No Refill	11 minutes
15839	Instagram Followers | ðð¨ ð‘ðžðŸð¢ð¥ð¥ | ðŽð¥ð ð€ð ðžð ð€ðœðœð¨ð®ð§ð­ð¬ | Speed 200K/Day | 0-15 Mins	472.957	10	1 000 000	No Refill	12 minutes
15840	Instagram Followers | ðð¨ ð‘ðžðŸð¢ð¥ð¥ | ð‘ðžðšð¥ ð€ðœðœð¨ð®ð§ð­ð¬ ð–ð¢ð­ð¡ ðð¨ð¬ð­ð¬ | Speed Upto 200K/Day | 0-30 Mins	339.4162	50	1 000 000	No Refill	1 hour 43 minutes
16010	Instagram Followers | No Refill | Max 5M | Drop Ratio 0-20% | All Flags Working | Speed 50K/Day | 0-15 Mins	1836.186	1	5 000 000	No Refill	14 minutes
15846	Instagram Followers | No Refill | Max 100K | Speed 50K/Day | 0-1 HR	1602.4896	50	100 000	No Refill	23 minutes
13305	Instagram Followers - [30 Days Refill] [ð€ð¥ð¥ ð…ð¥ðšð ð¬ ð–ð¨ð«ð¤ð¢ð§ð ] [ð’ð”ðð„ð‘ ð…ð€ð’ð“] [Max 10M] [Speed 100-500K/Day] [ð‘ðžðŸð¢ð¥ð¥ ðð®ð­ð­ð¨ð§] [Always Instant]	461.8286	20	10 000 000	30 Days Refill	3 hours 18 minutes
13114	Instagram Followers - [ð€ð¥ð¥ ð…ð¥ðšð ð¬ ð–ð¨ð«ð¤ð¢ð§ð ] [ð†ð¨ð¨ð ðð®ðšð¥ð¢ð­ð²] [30 Days Refill] [Max 1M] [Speed 200-500K/Day] [ð‘ðžðŸð¢ð¥ð¥ ðð®ð­ð­ð¨ð§] [0-3HRS]	472.957	10	1 000 000	30 Days Refill	11 minutes
5374	Instagram Followers - [ð€ð ðžð ð€ðœðœð¨ð®ð§ð­ð¬] [â™»ï¸ 30 Days Refill] [Max 1M] [ð‘ðžðŸð¢ð¥ð¥ ðð®ð­ð­ð¨ð§] [Speed Up To 200K/Day] [INSTANT]	350.5446	20	1 000 000	30 Days Refill	20 minutes
16192	Instagram Followers [ ð‚ð¡ðžðšð©ðžð¬ð­ ] | 30 Days Refill | Max 1M | Speed UpTo 200K/Day | 0-5 Minutes	239.2606	5	1 000 000	30 Days Refill	25 hours 16 minutes
16381	Instagram Followers | 30 Days Refill â™»ï¸ | Max 5M | ðƒð«ð¨ð© ð‘ðšð­ð¢ð¨ ð”ð© ð“ð¨ ðŸðŸŽ% | Speed 200K/Day | ðŽð§ðž ð‚ð¥ð¢ðœð¤ ð’ð­ðšð«ð­	350.5446	10	5 000 000	30 Days Refill	16 minutes
13380	ðŸ†• Instagram Followers - [30 Days Refill] [ð€ð¥ð¥ ð…ð¥ðšð ð¬ ð–ð¨ð«ð¤ð¢ð§ð ] [Max 1M] [ðŽð¥ð ð€ðœðœð¨ð®ð§ð­ð¬ ð°ð¢ð­ð¡ ðð¨ð¬ð­] [Refill Button] [Speed 500K/Day] [0-20 Minutes]	356.1088	50	1 000 000	30 Days Refill	1 hour 2 minutes
13251	Instagram Followers - [ð€ð¥ð¥ ð…ð¥ðšð ð¬ ð–ð¨ð«ð¤ð¢ð§ð ] | ð‡ð¢ð ð¡ ðð®ðšð¥ð¢ð­ð² [ð…ðšð¬ð­ðžð¬ð­ ð’ðžð«ð¯ðžð« ðˆð§ ð“ð¡ðž ðŒðšð«ð¤ðžð­] [Max 5M] [30 Days Refill] [Speed 100-500K/Day] [INSTANT]	478.5212	10	5 000 000	30 Days Refill	17 minutes
12250	Instagram Followers - [30 Days Refill] [Max 50K] [Speed 200-300K/Day] [0-10Mins]	417.315	5	50 000	30 Days Refill	5 minutes
15563	Instagram Followers - [30 Days Refill] [ð€ð¥ð¥ ð…ð¥ðšð ð¬ ð–ð¨ð«ð¤ð¢ð§ð ] [ðŸðŸ“+ ðŽð¥ð ð€ðœðœð¨ð®ð§ð­ ðð¨ð¬ð­ð¬] [Speed 2M/Day] [ð‘ðžðŸð¢ð¥ð¥ ðð®ð­ð­ð¨ð§] [INSTANT]	628.7546	10	1 000 000	30 Days Refill	50 minutes
9191	Instagram Followers - [â™»ï¸ 30 Days Refill] [Max 500K] [Speed 200K/Day] [0-15Mins]	372.8014	1	50 000	30 Days Refill	16 minutes
12259	Instagram Followers - [ð€ð©ð© ðƒðšð­ðš] [â™»ï¸ 30 Days Refill] [Max 500K] [ð‘ðžðŸð¢ð¥ð¥ ðð®ð­ð­ð¨ð§] HQ [Speed Up To 300-500K/Day] [INSTANT]	389.494	100	500 000	30 Days Refill	21 minutes
5387	Instagram Followers - [ð‘ð„ð€ð‹] [â™»ï¸ 30 Days Refill] [Max 500K] [ð‘ðžðŸð¢ð¥ð¥ ðð®ð­ð­ð¨ð§] [Speed 20K/HR] [INSTANT]	356.1088	15	500 000	30 Days Refill	299 hours 6 minutes
15842	Instagram Followers | 30 Days Refillâ™»ï¸ | ð‘ðžðšð¥ ð€ðœðœð¨ð®ð§ð­ð¬ ð–ð¢ð­ð¡ ðð¨ð¬ð­ð¬ | Speed 400K/Day | Refill Button | 0-15 Mins	350.5446	50	1 000 000	30 Days Refill	40 minutes
16196	Instagram Followers [ð€ð©ð© ðƒðšð­ðš + ð€ðœð­ð¢ð¯ðž ð€ðœðœð¨ð®ð§ð­ð¬] | 30 Days Refill | Max 1M | Speed UpTo 200K/Day | Refill Button Working | 0-15 Minutes	255.9532	100	1 000 000	30 Days Refill	55 minutes
13115	Instagram Followers - [ð€ð¥ð¥ ð…ð¥ðšð ð¬ ð–ð¨ð«ð¤ð¢ð§ð ] [ð€ð ðžð ð€ðœðœð¨ð®ð§ð­ð¬] [30 Days Refill] [Max 10M] [Speed 100-500K/Day] [ð‘ðžðŸð¢ð¥ð¥ ðð®ð­ð­ð¨ð§] [INSTANT]	1491.2056	10	10 000 000	30 Days Refill	1 hour 10 minutes
15883	Instagram Followers [30 Days Refill] [Max 10M] [All Flags Working] [ð’ð®ð©ðžð« ð…ðšð¬ð­ ð’ð©ðžðžð & ð™ðžð«ð¨ ðƒð«ð¨ð©] [Speed 500K/Day] [ðŸŽ-ðŸ ðŒð¢ð§]	751.167	1	10 000 000	30 Days Refill	2 hours 45 minutes
15837	Instagram Followers | 30 Days Refillâ™»ï¸ | ðŽð¥ð ð€ð ðžð ð€ðœðœð¨ð®ð§ð­ð¬ | Speed Upto 200K/Day | Refill Button | 0-15 Mins	445.136	5	5 000 000	30 Days Refill	23 minutes
5389	Instagram Followers - [ð„ð±ðœðžð¥ð¥ðžð§ð­ ðð®ðšð¥ð¢ð­ð²] [99 Days Refill] [Max 300K] [Non-Drop] [Refill Button] [Speed 30-60K/Day] [INSTANT]	945.914	20	300 000	99 Days Refill	22 minutes
16197	Instagram Followers [ð€ð©ð© ðƒðšð­ðš + ð€ðœð­ð¢ð¯ðž ð€ðœðœð¨ð®ð§ð­ð¬] | 60 Days Refill | Max 1M | Speed UpTo 200K/Day | Refill Button Working | 0-15 Minutes	500.778	1	10 000 000	60 Days Refill	16 minutes
3781	Instagram Followers - [ð†ð¨ð¨ð ðð®ðšð¥ð¢ð­ð²] [90 Days Refill] [120K Max] [Refill Button] [500K/Day] [INSTANT]	484.0854	5	120 000	90 Days Refill	6 hours 19 minutes
5383	Instagram Followers - [ð„ð±ðœðžð¥ð¥ðžð§ð­ ðð®ðšð¥ð¢ð­ð²] [99 Days Refill] [Max 500K] [Non-Drop] [Refill Button] [Speed 50-100/Day] | ðƒð¢ð¬ðšð›ð¥ðž " ð…ð¥ðšð ð…ð¨ð« ð‘ðžð¯ð¢ðžð°" ððžðŸð¨ð«ðž ðŽð«ððžð«ð¢ð§ð [INSTANT]	589.8052	10	500 000	99 Days Refill	22 minutes
16193	Instagram Followers [ ð‚ð¡ðžðšð©ðžð¬ð­ ] | 90 Days Refill | Max 1M | Speed UpTo 200K/Day | 0-5 Minutes	255.9532	5	1 000 000	90 Days Refill	82 hours 34 minutes
16382	Instagram Followers | 90 Days Refill â™»ï¸ | Max 5M | ðƒð«ð¨ð© ð‘ðšð­ð¢ð¨ ð”ð© ð“ð¨ ðŸðŸŽ% | Speed 200K/Day | ðŽð§ðž ð‚ð¥ð¢ðœð¤ ð’ð­ðšð«ð­	434.0076	10	5 000 000	90 Days Refill	11 hours 4 minutes
1239	Instagram Followers - [ð‘ð„ð€ð‹] [99 Days Refill] [Max 300K] [Refill Button] [Speed 300K/Day] [INSTANT]	450.7002	5	300 000	99 Days Refill	41 minutes
12256	Instagram Followers - [ð€ð©ð© ðƒðšð­ðš] [â™»ï¸ 60 Days Refill] [Max 500K] [ð‘ðžðŸð¢ð¥ð¥ ðð®ð­ð­ð¨ð§] HQ [Speed Up To 200K/Day] [INSTANT]	339.4162	50	500 000	60 Days Refill	73 hours 18 minutes
12253	Instagram Followers - [ð€ð ðžð & ðð®ðšð¥ð¢ð­ð² ð€ðœðœð¨ð®ð§ð­ð¬] [â™»ï¸ 60 Days Refill] [Max 5M] [ð‘ðžðŸð¢ð¥ð¥ ðð®ð­ð­ð¨ð§] [Speed Up To 1M/Day] [INSTANT]	350.5446	50	5 000 000	60 Days Refill	11 minutes
12257	Instagram Followers - [ð€ð©ð© ðƒðšð­ðš] [â™»ï¸ 90 Days Refill] [Max 500K] [ð‘ðžðŸð¢ð¥ð¥ ðð®ð­ð­ð¨ð§] HQ [Speed Up To 50K/Day] | ðƒð¢ð¬ðšð›ð¥ðž " ð…ð¥ðšð ð…ð¨ð« ð‘ðžð¯ð¢ðžð°" ððžðŸð¨ð«ðž ðŽð«ððžð«ð¢ð§ð [INSTANT]	639.883	10	500 000	90 Days Refill	4 hours 16 minutes
13119	Instagram Followers - [ð€ð¥ð¥ ð…ð¥ðšð ð¬ ð–ð¨ð«ð¤ð¢ð§ð ] [ð†ð¨ð¨ð ðð®ðšð¥ð¢ð­ð²] [90 Days Refill] [Max 1M] [Speed 200-500K/Day] [ð‘ðžðŸð¢ð¥ð¥ ðð®ð­ð­ð¨ð§] [0-3HRS]	428.4434	1	1 000 000	90 Days Refill	20 minutes
5390	Instagram Followers - [ð†ð¨ð¨ð ðð®ðšð¥ð¢ð­ð²] [120 Days Refill] [Max 500K] [Refill Button] [Speed 50-100K/Day] [INSTANT]	1446.692	10	500 000	120 Days Refill	13 minutes
16055	Instagram Followers | 90 Days Refill â™»ï¸ | Max 1M | ð€ðœðœð¨ð®ð§ð­ð¬ ð–ð¢ð­ð¡ ðð¨ð¬ð­ + ðŸðŸŽðŸŽ% ð‘ðžðšð¥ | Speed Up To 200K/Day | ðŽð§ðž ð‚ð¥ð¢ðœð¤ ð’ð­ðšð«ð­	639.883	1	1 000 000	90 Days Refill	55 minutes
13303	Instagram Followers - [365 Days Refill] [ð€ð¥ð¥ ð…ð¥ðšð ð¬ ð–ð¨ð«ð¤ð¢ð§ð ] [ð’ð”ðð„ð‘ ð…ð€ð’ð“] [Max 10M] [Speed 300K/Day] [ð‘ðžðŸð¢ð¥ð¥ ðð®ð­ð­ð¨ð§] [Always Instant]	634.3188	20	10 000 000	365 Days Refill	2 hours 12 minutes
13382	ðŸ†• Instagram Followers - [365 Days Refill] [ð€ð¥ð¥ ð…ð¥ðšð ð¬ ð–ð¨ð«ð¤ð¢ð§ð ] [Max 10M] [ðŽð¥ð ð€ðœðœð¨ð®ð§ð­ð¬ ð°ð¢ð­ð¡ ðð¨ð¬ð­] [Refill Button] [Speed 100-200K/Day] [0-20 Minutes]	450.7002	5	10 000 000	365 Days Refill	116 hours 41 minutes
13308	Instagram Followers - [365 Days Refill] [ð€ð¥ð¥ ð…ð¥ðšð ð¬ ð–ð¨ð«ð¤ð¢ð§ð ] [Max 5M] [ðŸðŸ“+ ðð¨ð¬ð­ ð€ðœðœð¨ð®ð§ð­ð¬] [Refill Button] [Speed 200K/Day] [INSTANT]	595.3694	5	5 000 000	365 Days Refill	14 minutes
8576	Instagram Followers - [ð’ð®ð©ðžð« ðð®ðšð¥ð¢ð­ð²] [365 Days Refill] [Max 300K] [ðð¨ð§-ðƒð«ð¨ð©] [Speed 400K/Day] [ð‘ðžðŸð¢ð¥ð¥ ðð®ð­ð­ð¨ð§] [INSTANT]	333.852	5	300 000	365 Days Refill	106 hours 45 minutes
16317	Instagram Followers [ ð‚ð¡ðžðšð©ðžð¬ð­ ] | 365 Days Refill | Max 1M | Speed UpTo 200K/Day | 0-5 Minutes	300.4668	5	1 000 000	365 Days Refill	9 minutes
16547	Instagram Followers | 365 Days Refill â™»ï¸ | Max 5M | ðƒð«ð¨ð© ð‘ðšð­ð¢ð¨ ð”ð© ð“ð¨ ðŸðŸŽ% | Speed 200K/Day | ðŽð§ðž ð‚ð¥ð¢ðœð¤ ð’ð­ðšð«ð­	617.6262	10	5 000 000	365 Days Refill	55 minutes
7397	Instagram Followers - [ð„ð±ðœðžð¥ð¥ðžð§ð­ ðð®ðšð¥ð¢ð­ð²] [ðŸ‘ðŸ”ðŸ“ ðƒðšð²ð¬ ð‘ðžðŸð¢ð¥ð¥] [Max 500K] [Refill Button] [Non-Drop] [Speed 100-200K/Day] [Always Instant]	283.7742	1	500 000	365 Days Refill	10 minutes
15838	Instagram Followers | 365 Days Refillâ™»ï¸ | ðŽð¥ð ð€ð ðžð ð€ðœðœð¨ð®ð§ð­ð¬ | Speed Upto 200K/Day | Refill Button | 0-15 Mins	489.6496	5	5 000 000	365 Days Refill	50 minutes
9154	Instagram Followers - [ð€ð†ð„ðƒ ð€ð‚ð‚ðŽð”ðð“ð’] [365 Days Refill] [Max 50K] [ð‘ðžðŸð¢ð¥ð¥ ðð®ð­ð­ð¨ð§] [Speed 500K/Day] [INSTANT]	511.9064	10	50 000	365 Days Refill	12 minutes
14748	Instagram Followers [365 Days Refill] [ð€ð¥ð¥ ð…ð¥ðšð ð¬ ð–ð¨ð«ð¤ð¢ð§ð ] [Max 2M] [Speed 500K/Day] [ð™ð„ð‘ðŽ ðƒð‘ðŽð] [Refill Button Enabled] [Always Instant]	417.315	10	2 000 000	365 Days Refill	82 hours 40 minutes
12601	Instagram Followers - [ð…ð€ð’ð“ ð’ð“ð€ð‘ð“] [365 Days Refill] [Max 2M] [Refill Button] [Good Speed] [INSTANT]	434.0076	5	2 000 000	365 Days Refill	10 minutes
9314	Instagram Followers - [ð…ðšð¬ð­ðžð¬ð­ ð’ðžð«ð¯ðžð« ðˆð§ ð“ð¡ðž ðŒðšð«ð¤ðžð­] [365 Days Refill] [Max 500K] [â™»ï¸ Refill Button] [Speed Up To 1M/Day] [0-5 Mins]	333.852	100	500 000	365 Days Refill	8 hours 30 minutes
13108	Instagram Followers - [ð€ð¥ð¥ ð…ð¥ðšð ð¬ ð–ð¨ð«ð¤ð¢ð§ð ] [ð€ð ðžð ð€ðœðœð¨ð®ð§ð­ð¬] [ð…ðšð¬ð­ðžð¬ð­ ð’ðžð«ð¯ðžð« ðˆð§ ð“ð¡ðž ðŒðšð«ð¤ðžð­] [365 Days Refill] [Max 1M] [â™»ï¸ Refill Button] [Speed Up To 500K/Day] [0-5 Mins]	417.315	1	1 000 000	365 Days Refill	9 minutes
12813	Instagram Followers - [â™»ï¸ 365 Days Refill] [Max 1M] [Speed Up To 50K/Day] [Refill Button] [0-5 Mins]	445.136	1	1 000 000	365 Days Refill	21 minutes
15885	Instagram Followers [365 Days Refill] [Max 10M] [All Flags Working] [ð’ð®ð©ðžð« ð…ðšð¬ð­ ð’ð©ðžðžð & ð™ðžð«ð¨ ðƒð«ð¨ð©] [Speed 500K/Day] [ðŸŽ-ðŸ ðŒð¢ð§]	1112.84	10	10 000 000	365 Days Refill	1 hour 58 minutes
16053	Instagram Followers | 365 Days Refill â™»ï¸ | Max 1M | ð€ðœðœð¨ð®ð§ð­ð¬ ð–ð¢ð­ð¡ ðð¨ð¬ð­ + ðŸðŸŽðŸŽ% ð‘ðžðšð¥ | Speed Up To 200K/Day | ðŽð§ðž ð‚ð¥ð¢ðœð¤ ð’ð­ðšð«ð­	589.8052	4	1 000 000	365 Days Refill	55 minutes
16198	Instagram Followers [ð€ð©ð© ðƒðšð­ðš + ð€ðœð­ð¢ð¯ðž ð€ðœðœð¨ð®ð§ð­ð¬] | 365 Days Refill | Max 1M | Speed UpTo 200K/Day | Refill Button Working | 0-15 Minutes	311.5952	10	1 000 000	365 Days Refill	23 minutes
3084	Instagram Followers - [365 Days Refill] [Max 3M] [Refill Button] [Speed 100-200K/day] [INSTANT]	439.5718	1	3 000 000	365 Days Refill	261 hours 47 minutes
12592	Instagram Followers - [ð€ð¥ð¥ ð…ð¥ðšð ð¬ ð–ð¨ð«ð¤ð¢ð§ð ] [365 Days Refill] [Max 3M] [Speed 100-200K/Day] [ð‘ðžðŸð¢ð¥ð¥ ðð®ð­ð­ð¨ð§] [0-30 Mins]	445.136	100	3 000 000	365 Days Refill	17 minutes
8625	Instagram Followers - [ð„ð±ðœðžð¥ð¥ðžð§ð­ ðð®ðšð¥ð¢ð­ð²] [365 Days Refill] [Max 1M] [Refill Button] [ð’ð“ð€ðð‹ð„] [Speed 100K/Day] [ðˆðð’ð“ð€ðð“]	445.136	50	1 000 000	365 Days Refill	218 hours 23 minutes
15841	Instagram Followers | 365 Days Refillâ™»ï¸ | ð‘ðžðšð¥ ð€ðœðœð¨ð®ð§ð­ð¬ | Speed Upto 300K/Day | Refill Button | 0-15 Mins	311.5952	1	1 000 000	365 Days Refill	142 hours 33 minutes
8196	Instagram Followers - [ð†ð¨ð¨ð ðð®ðšð¥ð¢ð­ð²] [â™»ï¸ ðŸ‘ðŸ”ðŸ“ ðƒðšð²ð¬ ð‘ðžðŸð¢ð¥ð¥] [Max 1M] [Refill Button] [Speed 50-100K/Day] [Always Instant] ðŸ”¥ðŸ”¥	472.957	100	1 000 000	365 Days Refill	31 hours 3 minutes
13113	Instagram Followers - ð€ð¥ð¥ ð…ð¥ðšð ð¬ ð–ð¨ð«ð¤ð¢ð§ð | [ð€ð ðžð ð€ðœðœð¨ð®ð§ð­ð¬] [ð…ðšð¬ð­ðžð¬ð­ ð’ðžð«ð¯ðžð« ðˆð§ ð“ð¡ðž ðŒðšð«ð¤ðžð­] [365 Days Refill] [Max 1M] [â™»ï¸ Refill Button] [Speed Up To 100K/Day] [0-5 Mins]	417.315	1	1 000 000	365 Days Refill	26 minutes
12593	Instagram Followers - [ð€ð¥ð¥ ð…ð¥ðšð ð¬ ð–ð¨ð«ð¤ð¢ð§ð ] [ð„ð±ðœðžð¥ð¥ðžð§ð­ ðð®ðšð¥ð¢ð­ð²] [365 Days Refill] [Max 5M] [ðð¨ð§-ðƒð«ð¨ð©] [Speed 20-40K/Day] [ð‘ðžðŸð¢ð¥ð¥ ðð®ð­ð­ð¨ð§] [Instant]	545.2916	1	5 000 000	365 Days Refill	29 minutes
12266	Instagram Followers - [ð€ð ðžð & ðð®ðšð¥ð¢ð­ð² ð€ðœðœð¨ð®ð§ð­ð¬] [â™»ï¸ 365 Days Refill] [Max 1M] [ð‘ðžðŸð¢ð¥ð¥ ðð®ð­ð­ð¨ð§] [Speed Up To 100K/Day] [INSTANT]	333.852	50	1 000 000	365 Days Refill	9 hours 51 minutes
12265	Instagram Followers - [ð€ð ðžð ð€ðœðœð¨ð®ð§ð­ð¬] [â™»ï¸ 30 Days Refill] [Max 1M] [ð‘ðžðŸð¢ð¥ð¥ ðð®ð­ð­ð¨ð§] [Speed Up To 200K/Day] [INSTANT]	372.8014	50	1 000 000	30 Days Refill	24 hours 33 minutes
12254	Instagram Followers - [ð€ð ðžð & ðð®ðšð¥ð¢ð­ð² ð€ðœðœð¨ð®ð§ð­ð¬] [â™»ï¸ 90 Days Refill] [Max 5M] [ð‘ðžðŸð¢ð¥ð¥ ðð®ð­ð­ð¨ð§] [Speed Up To 100K/Day] [INSTANT]	400.6224	5	5 000 000	90 Days Refill	43 minutes
12267	Instagram Followers - [ð€ð†ð„ðƒ ð€ð‚ð‚ðŽð”ðð“ð’] [365 Days Refill] [Max 500K] [ð‘ðžðŸð¢ð¥ð¥ ðð®ð­ð­ð¨ð§] [Speed 50-100K/Day] [INSTANT]	445.136	10	500 000	365 Days Refill	2 hours 21 minutes
12491	Instagram Followers - [ðŽð‹ðƒ ð€ð‚ð‚ðŽð”ðð“ð’] [365 Days Refill] [Max 100K] [Refill Button] [Speed Up To 100K/Day] [INSTANT]	434.0076	10	100 000	365 Days Refill	2 hours 46 minutes
12676	Instagram Followers - [ðŽð‹ðƒ ð€ð‚ð‚ðŽð”ðð“ð’] [365 Days Refill] [Max 1M] [Refill Button] [Speed 25K/Day] [0-10 Minutes]	422.8792	50	1 000 000	365 Days Refill	23 minutes
12264	Instagram Followers - [ð€ð ðžð ð€ðœðœð¨ð®ð§ð­ð¬] [â™»ï¸ 30 Days Refill] [Max 500K] [ð‘ðžðŸð¢ð¥ð¥ ðð®ð­ð­ð¨ð§] [Speed Up To 50K/Day] [0-30Mins]	356.1088	10	500 000	30 Days Refill	1 hour 15 minutes
12675	Instagram Followers - [ðŽð‹ðƒ ð€ð‚ð‚ðŽð”ðð“ð’] [365 Days Refill] [Max 1M] [Refill Button] [Speed 1-5K/Day] [0-15 Minutes]	417.315	100	1 000 000	365 Days Refill	10 minutes
12677	Instagram Followers - [ðŽð‹ðƒ ð€ð‚ð‚ðŽð”ðð“ð’] [365 Days Refill] [Max 1M] [Refill Button] [Speed 30K/Day] [0-10 Minutes]	428.4434	100	1 000 000	365 Days Refill	2 hours 57 minutes
10026	Instagram Followers - [ð€ð†ð„ðƒ ð€ð‚ð‚ðŽð”ðð“ð’] [365 Days Refill] [Max 200K] [ð‘ðžðŸð¢ð¥ð¥ ðð®ð­ð­ð¨ð§] [Speed 50-100K/Day] [INSTANT]	333.852	1	200 000	365 Days Refill	64 hours
12263	Instagram Followers - [ð€ð©ð© ðƒðšð­ðš] [â™»ï¸ 365 Days Refill] [Max 1M] [ð‘ðžðŸð¢ð¥ð¥ ðð®ð­ð­ð¨ð§] HQ [Speed Up To 300-500K/Day] [INSTANT]	439.5718	5	1 000 000	365 Days Refill	42 hours 16 minutes
14747	Instagram Followers - [ð€ðð ðƒð€ð“ð€] [Max 5M] [365 Days Refill] [ð‘ðžðŸð¢ð¥ð¥ ðð®ð­ð­ð¨ð§] [Speed Upto 500K/Day] [INSTANT]	1212.9956	10	5 000 000	365 Days Refill	3 hours 24 minutes
10023	Instagram Followers - [ð€ðð ðƒð€ð“ð€] [Max 1M] [365 Days Refill] [Speed 300K/Day] [INSTANT]	600.9336	10	5 000 000	365 Days Refill	55 minutes
16202	Instagram Followers [30 Days Refill] [100% APP Data] [7-15% Drop] [Speed 100K/Day] [0-5 Mins]	478.5212	20	1 000 000	30 Days Refill	1 hour 54 minutes
16203	Instagram Followers [45 Days Refill] [100% APP Data] [7-15% Drop] [Speed 100K/Day] [0-5 Mins] [0-5 Mins]	523.0348	20	1 000 000	No Refill	3 hours 18 minutes
16204	Instagram Followers [365 Days Refill] [100% APP Data] [7-15% Drop] [Speed 100K/Day] [0-5 Mins] [0-5 Mins]	578.6768	20	1 000 000	90 Days Refill	6 hours 6 minutes
12258	Instagram Followers - [ð€ð©ð© ðƒðšð­ðš] [â™»ï¸ 90 Days Refill] [Max 500K] [ð‘ðžðŸð¢ð¥ð¥ ðð®ð­ð­ð¨ð§] HQ [Speed Up To 200K/Day] [INSTANT]	428.4434	50	500 000	90 Days Refill	16 minutes
12262	Instagram Followers - [ð€ð©ð© ðƒðšð­ðš] [â™»ï¸ 30 Days Refill] [Max 500K] [ð‘ðžðŸð¢ð¥ð¥ ðð®ð­ð­ð¨ð§] HQ [Speed Up To 300-500K/Day] [INSTANT]	356.1088	50	500 000	30 Days Refill	40 minutes
12261	Instagram Followers - [â™»ï¸ 30 Days Refill] [ð‘ðžðšð¥ ð€ð©ð© ðƒðšð­ðš] [Max 30K] [Speed 20K/Day] [INSTANT]	356.1088	10	30 000	30 Days Refill	10 minutes
10022	Instagram Followers - [ð€ðð ðƒð€ð“ð€] [Max 30K] [90 Days Refill] [Speed 10K/HR] [INSTANT]	411.7508	100	30 000	90 Days Refill	7 minutes
10019	Instagram Followers - [ð€ðð ðƒð€ð“ð€] [Max 50K] [No Refill] [Speed 5K/HR] [INSTANT]	495.2138	50	50 000	No Refill	1 hour 14 minutes
10020	Instagram Followers - [ð€ðð ðƒð€ð“ð€] [Max 15K] [No Refill] [Speed 15K/HR] [INSTANT]	344.9804	5	15 000	No Refill	22 minutes
10021	Instagram Followers - [ð€ðð ðƒð€ð“ð€] [Max 100K] [No Refill] [Speed 25K/HR] [INSTANT]	361.673	5	100 000	No Refill	28 minutes
9189	Instagram Followers - [365 Days Refill] [Max 3M] [ð€ð®ð­ð¨ ð‘ðžðŸð¢ð¥ð¥] [Speed 30-50K/Day] [INSTANT]	484.0854	100	3 000 000	365 Days Refill	58 hours 51 minutes
8198	Instagram Followers - [ð†ð¨ð¨ð ðð®ðšð¥ð¢ð­ð²] [ðŸ—ðŸŽ ðƒðšð²ð¬ ð‘ðžðŸð¢ð¥ð¥] [Max 500K] [ð€ð®ð­ð¨ ð‘ðžðŸð¢ð¥ð¥] [Speed 10-20K/Day] [INSTANT]	311.5952	50	500 000	90 Days Refill	9 hours 4 minutes
5400	Instagram Followers - [Mixed Quality] [ðŸðŸðŸŽ ðƒðšð²ð¬ ð‘ðžðŸð¢ð¥ð¥] [Max 1M] [ð€ð®ð­ð¨ ð‘ðžðŸð¢ð¥ð¥] [Speed 50-100K/Day] [INSTANT]	478.5212	1	1 000 000	120 Days Refill	4 hours 55 minutes
5380	Instagram Followers - [ð‡ð¢ð ð¡ ðð®ðšð¥ð¢ð­ð²] [60 Days Refill] [Max 500K] [Non-Drop] [ð€ð”ð“ðŽ ð‘ð„ð…ðˆð‹ð‹] [Speed 20-30K/Day] [INSTANT] â™»ï¸	461.8286	100	500 000	60 Days Refill	13 hours 57 minutes
5391	Instagram Followers - [ð‡ð¢ð ð¡ ðð®ðšð¥ð¢ð­ð²] [60 Days Refill] [Max 200K] [Non-Drop] [ð€ð”ð“ðŽ ð‘ð„ð…ðˆð‹ð‹] [Speed 30K/Day] [INSTANT] â™»ï¸	495.2138	100	200 000	60 Days Refill	11 hours 49 minutes
3325	Instagram Followers - [ð”ð’ð€] [ððžð¬ð­ ðð®ðšð¥ð¢ð­ð²] [30 Days Refill] [Max 5K] [ð€ð”ð“ðŽ ð‘ð„ð…ðˆð‹ð‹] [Speed 2-5K/Day] [Always Instant] â™»ï¸	2726.458	10	2 000	30 Days Refill	17 minutes
3111	Instagram Followers - [ð„ð§ð ð¥ð¢ð¬ð¡ ððšð¦ðžð¬ - ððžð¬ð­ ðð®ðšð¥ð¢ð­ð²] [30 Days Refill] [Max 6K] [ð€ð”ð“ðŽ ð‘ð„ð…ðˆð‹ð‹] [Speed 2-6K/Day] [Always Instant] â™»ï¸	2782.1	50	2 000	30 Days Refill	16 minutes
3224	Instagram Followers - [ð‹ðšð­ð¢ð§ð¨ ð…ð¨ð¥ð¥ð¨ð°ðžð«ð¬] [30 Days Refill] [Max 10K] [ð€ð”ð“ðŽ ð‘ð„ð…ðˆð‹ð‹] [Speed 2K/Day] [Always Instant] â™»ï¸	2225.68	10	2 000	30 Days Refill	25 hours 39 minutes
10533	Instagram Followers - [ð‘ð„ð€ð‹ & ðŽð‘ð†ð€ððˆð‚] [365 Days Refill] [Max 500K] [Speed 50-100K/Day] [INSTANT]	534.1632	50	500 000	365 Days Refill	18 minutes
10534	Instagram Followers - [ð‘ð„ð€ð‹ & ðŽð‘ð†ð€ððˆð‚] [No Refill] [Max 1M] [Speed 10-50K/Day] [INSTANT]	378.3656	1	1 000 000	No Refill	23 minutes
10531	Instagram Followers - [ð‘ð„ð€ð‹ & ðŽð‘ð†ð€ððˆð‚] [30 Days Refill] [Max 200K] [Speed 20K/Day] [INSTANT]	411.7508	100	200 000	30 Days Refill	26 minutes
10530	Instagram Followers - [ð‘ð„ð€ð‹ & ðŽð‘ð†ð€ððˆð‚] [60 Days Refill] [Max 500K] [Speed 50K/Day] [INSTANT]	472.957	100	500 000	60 Days Refill	66 hours 49 minutes
10532	Instagram Followers - [ð‘ð„ð€ð‹ & ðŽð‘ð†ð€ððˆð‚] [90 Days Refill] [Max 300K] [Speed 50K/Day] [INSTANT]	506.3422	1	300 000	90 Days Refill	1 hour 22 minutes
10538	Instagram Likes - [ð‘ð„ð€ð‹ & ðŽð‘ð†ð€ððˆð‚] [Max 50K] [Speed 20K/Day] [INSTANT]	1980.8552	10	40 000	30 Days Refill	8 hours
10539	Instagram Likes - [ð‘ð„ð€ð‹ & ðŽð‘ð†ð€ððˆð‚] [Max 75K] [Speed 30K/Day] [INSTANT]	1980.8552	20	75 000	30 Days Refill	17 minutes
5402	Instagram Likes [Real & Organic] [No Refill] [Max 50K] [Speed 50K/Day] [INSTANT]	829.0658	10	40 000	No Refill	7 minutes
15855	Instagram Likes [Real & Organic] [30 Days Refill] [Max 50K] [Speed 20K/Day] [INSTANT]	840.1942	10	40 000	30 Days Refill	9 minutes
17500	Instagram Followers | No Refill | Max 500K | ð€ð¥ð¥ ð…ð¥ðšð ð¬ | ð‚ð¡ðžðšð©ðžð¬ð­ | Speed Up To 30K/Day | 0-3 HRS	217.0038	100	1 000 000	No Refill	11 hours 30 minutes
17501	Instagram Followers | 30 Days Refill â™»ï¸ | Max 500K | ð€ð¥ð¥ ð…ð¥ðšð ð¬ | ð‚ð¡ðžðšð©ðžð¬ð­ | Speed Up To 30K/Day | 0-3 HRS	261.5174	100	1 000 000	30 Days Refill	4 hours 27 minutes
17502	Instagram Followers | 90 Days Refill â™»ï¸ | Max 500K | ð€ð¥ð¥ ð…ð¥ðšð ð¬ | ð‚ð¡ðžðšð©ðžð¬ð­ | Speed Up To 30K/Day | 0-3 HRS	272.6458	100	1 000 000	90 Days Refill	1 hour 6 minutes
17503	Instagram Followers | 120 Days Refill â™»ï¸ | Max 500K | ð€ð¥ð¥ ð…ð¥ðšð ð¬ | ð‚ð¡ðžðšð©ðžð¬ð­ | Speed Up To 30K/Day | 0-3 HRS	283.7742	100	1 000 000	120 Days Refill	79 hours 1 minute
17504	Instagram Followers | 365 Days Refill â™»ï¸ | Max 500K | ð€ð¥ð¥ ð…ð¥ðšð ð¬ | ð‚ð¡ðžðšð©ðžð¬ð­ | Speed Up To 30K/Day | 0-3 HRS	300.4668	100	1 000 000	365 Days Refill	33 hours 59 minutes
3786	Instagram Follower [365 Days Refill] [50k Package] [1 Day Delivery]	445.136	50 000	50 000	365 Days Refill	33 minutes
3787	Instagram Follower [365 Days Refill] [100k Package] [1 Days Delivery]	439.5718	100 000	100 000	365 Days Refill	33 minutes
3788	Instagram Follower [365 Days Refill] [100k Package] [1-2 Days Delivery] [High Quality]	450.7002	100 000	100 000	365 Days Refill	33 minutes
3789	Instagram Follower [365 Days Refill] [150k Package] [1-3 Days Delivery]	439.5718	150 000	150 000	365 Days Refill	11 minutes
3790	Instagram Follower [365 Days Refill] [200k Package] [3-5 Days Delivery]	428.4434	200 000	200 000	365 Days Refill	16 minutes
3791	Instagram Follower [365 Days Refill] [300k Package] [5-10 Days Delivery]	422.8792	300 000	300 000	365 Days Refill	11 minutes
3792	Instagram Follower [365 Days Refill] [500k Package] [7-10 Days Delivery]	417.315	500 000	500 000	365 Days Refill	23 minutes
5372	Instagram Turkey Follower - From VERIFIED ACCOUNT [1 FOLLOW]	1619.1822	1	1	30 Days Refill	16 minutes
3097	Instagram Turkey Follower - From VERIFIED ACCOUNT [2 FOLLOW]	3232.8002	1	1	30 Days Refill	31 hours 21 minutes
5373	Instagram Turkey Follower - From VERIFIED ACCOUNT [3 FOLLOW]	4851.9824	1	1	30 Days Refill	33 minutes
5564	Instagram Turkey Follower - From VERIFIED ACCOUNT | @cult352	3872.6832	1	1	30 Days Refill	11 minutes
16051	Instagram Reposts [Max 10K] [No Refill] [Speed 1K/Day] [0-1HR]	278.21	10	10 000	365 Days Refill	5 minutes
3116	Instagram Reposts [Max 500] [No Refill] [Speed 500/Day] [0-1HR]	294.9026	10	5 000	No Refill	5 minutes
15995	Instagram Reposts [Max 10K] [15 Days Refill] [Speed 1K/Day] [0-1HR]	467.3928	10	10 000	15 Days Refill	5 minutes
15996	Instagram Reposts [Max 1K] [30 Days Refill] [Speed 1K/Day] [0-1HR]	2609.6098	10	100 000	30 Days Refill	3 minutes
16052	Instagram Reposts + Reach [Max 10K] [No Refill] [Speed 1K/Day] [0-1HR]	317.1594	10	10 000	365 Days Refill	1 hour 59 minutes
10536	Instagram Follower - [ðð…ð“] [100% Real NFT] [Speed 500/Day] [Auto Refill] [INSTANT]	45709.903	10	500	30 Days Refill	55 minutes
3012	Instagram Likes - [Max 500K] [Speed 100K/Day] [Always Instant]	16.6926	1	500 000	No Refill	52 minutes
3000	Instagram Likes - [ð‘ð„ð€ð‹] [Max 5M] [Speed 100K/Day] [Always Instant]	50.0778	10	500 000	No Refill	20 minutes
15700	Instagram Likes - [No Refill] [Max 500K] [Speed 10K/Day]	22.2568	10	500 000	No Refill	36 minutes
7414	Instagram Likes - [High Quality] [Max 200K] [Speed 20K/HR] [INSTANT]	44.5136	20	200 000	No Refill	8 hours 58 minutes
2999	Instagram Likes - [ðŒð¢ð±ðžð ðð®ðšð¥ð¢ð­ð²] [Max 500K] [Speed 50K/HR] [Always Instant]	66.7704	5	500 000	No Refill	2 minutes
9273	Instagram Likes - [No Refill] [Max 500K] [Speed 100K/Day]	22.2568	1	600 000	No Refill	4 hours 17 minutes
9039	Instagram Likes - [No Refill] [Max 1M] [Speed 300K/Day]	55.642	10	10 000 000	No Refill	2 hours 30 minutes
3005	Instagram Likes - [ð‡ð¢ð ð¡ ðð®ðšð¥ð¢ð­ð²] [Max 50K] [Speed 10K/Day] [Always Instant]	22.2568	1	1 000 000	No Refill	4 hours 55 minutes
9017	Instagram Likes - [ðŒð¢ð±ðžð ðð®ðšð¥ð¢ð­ð²] [Max 100K] [Speed 50K/Day] [Always Instant]	22.2568	1	100 000	No Refill	1 hour 8 minutes
2505	Instagram Likes - [ðŒð¢ð±ðžð ðð®ðšð¥ð¢ð­ð²] [Max 1M] [Speed 70-100K/Day] [Always Instant]	27.821	1	1 000 000	No Refill	33 minutes
5441	Instagram Likes - [ð‘ð„ð€ð‹] [Max 200K] [Speed 50K/Day] [INSTANT]	44.5136	50	100 000	No Refill	2 hours
1176	Instagram Likes - [30 Days Refill] [ðŽð‹ðƒ ð€ð‚ð‚ðŽð”ðð“ð’] [Max 500K] [Speed 150K/Day] [INSTANT]	33.3852	1	1 000 000	30 Days Refill	1 hour 26 minutes
12922	Instagram Likes - [ð€ð†ð„ðƒ ð€ð‚ð‚ðŽð”ðð“ð’] [Lifetime Warranty] [Refill Button] [Max 5M] [Speed 200K/Day] [INSTANT]	50.0778	1	5 000 000	Lifetime Refill	89 hours 10 minutes
9188	Instagram Likes - [ð€ð†ð„ðƒ ð€ð‚ð‚ðŽð”ðð“ð’] [Lifetime Warranty] [Max 300K] [Speed 300K/Day] [Refill Button] [INSTANT]	72.3346	10	300 000	Lifetime Refill	30 minutes
10036	Instagram Likes - [ð†ðŽðŽðƒ ðð”ð€ð‹ðˆð“ð˜] [Max 500K] [Lifetime Warranty] [ðŸðŸŽðŸŽ% ðð¨ð§-ðƒð«ð¨ð©] [Speed 50-100K/Min] [INSTANT]	22.2568	1	1 000 000	Lifetime Refill	46 minutes
16001	Instagram Likes [30 Days Refill] [Max 1M] [Speed Upto 500K/Day] [INSTANT]	27.821	10	1 000 000	30 Days Refill	17 minutes
12923	Instagram Likes - [ðŽð‹ðƒ ð€ð‚ð‚ðŽð”ðð“ð’] [Lifetime Warranty] [Max 1M] [Speed 500K/Day] [INSTANT]	27.821	1	1 000 000	Lifetime Refill	40 minutes
12489	Instagram Likes - [ð‡ð¢ð ð¡ ðð®ðšð¥ð¢ð­ð²] [Max 1M] [Lifetime Warranty] [ðŸðŸŽðŸŽ% ðð¨ð§-ðƒð«ð¨ð©] [Super Fast] [INSTANT]	27.821	50	1 000 000	Lifetime Refill	19 minutes
12924	Instagram Likes - [ð†ðŽðŽðƒ ðð”ð€ð‹ðˆð“ð˜] [Max 200K] [Lifetime Warranty] [ðŸðŸŽðŸŽ% ðð¨ð§-ðƒð«ð¨ð©] [Speed 10-50K/HR] [INSTANT]	55.642	1	1 000 000	Lifetime Refill	8 minutes
15932	Instagram Likes [30 Days Refill] [Max 500K] [Speed Upto 100K/Day] [0-1HR]	22.2568	1	1 000 000	30 Days Refill	38 minutes
5396	Instagram Likes [30 Days Refill] [Max 500K] [Speed Upto 50K/Day] [0-5 Mins]	27.821	1	500 000	30 Days Refill	49 minutes
12488	Instagram Likes - [ð†ðŽðŽðƒ ðð”ð€ð‹ðˆð“ð˜] [Max 150K] [Lifetime Warranty] [ðŸðŸŽðŸŽ% ðð¨ð§-ðƒð«ð¨ð©] [Speed 50K/Day] [INSTANT]	122.4124	5	150 000	Lifetime Refill	20 minutes
15857	Instagram Likes [365 Days Refill] [Max 1M] [Speed Upto 500K/Day] [0-5 Mins]	50.0778	1	1 000 000	365 Days Refill	3 hours 47 minutes
1165	Instagram Likes - [30 Days Refill] [Max 250K] [Speed 50K/Day] [Always Instant]	61.2062	5	250 000	30 Days Refill	23 minutes
9138	Instagram Likes - [ð€ð†ð„ðƒ ð€ð‚ð‚ðŽð”ðð“ð’] [Lifetime Warranty] [Max 500K] [Refill Button] [INSTANT]	44.5136	10	500 000	Lifetime Refill	6 minutes
15858	Instagram Likes [30 Days Refill] [Max 100K] [Speed Upto 100K/Day] [INSTANT]	61.2062	1	100 000	30 Days Refill	32 minutes
3002	Instagram Likes - [30 Days Refill] [Max 300K] [Speed 100K/Day] [Always Instant]	22.2568	10	300 000	30 Days Refill	1 hour 13 minutes
3022	Instagram Likes - [60 Days Refill] [Max 100K] [Refill Button] [Speed 20K/Day] [INSTANT]	22.2568	1	1 000 000	60 Days Refill	58 minutes
3334	Instagram Likes - [ð†ð¨ð¨ð ðð®ðšð¥ð¢ð­ð²] [30 Days Refill] [Max 50K] [ð€ð”ð“ðŽ ð‘ð„ð…ðˆð‹ð‹] [Non-Drop] [Speed 25K/Day] [Always Instant]	222.568	20	50 000	30 Days Refill	7 minutes
15863	Instagram Likes [30 Days Refill] [Max 300K] [Speed Upto 300K/Day] [INSTANT]	50.0778	1	300 000	30 Days Refill	3 minutes
3342	Instagram Like + Impression + Views [ððžð¬ð­ ðð®ðšð¥ð¢ð­ð²] - [30 Days Refill] [Max 250K] [ð€ð”ð“ðŽ ð‘ð„ð…ðˆð‹ð‹] [Speed 40K/Day] [Always Instant]	72.3346	10	300 000	30 Days Refill	18 minutes
3329	Instagram Like + Impression + Views [ð‘ðžðšð¥ & ð‡ð¢ð ð¡ ðð®ðšð¥ð¢ð­ð²] - [60 Days Refill] [Max 150K] [ð€ð”ð“ðŽ ð‘ð„ð…ðˆð‹ð‹] [Speed 100K/Day] [INSTANT]	233.6964	10	150 000	60 Days Refill	10 minutes
3338	Instagram Likes - [ððžð¬ð­ ðð®ðšð¥ð¢ð­ð²] [30 Days Refill] [Max 50K] [Speed 25K/Day] [Always Instant] [ð‘ð„ð‚ðŽðŒðŒð„ððƒð„ðƒ]	105.7198	10	50 000	30 Days Refill	7 minutes
5540	Instagram Likes - [ððžð¬ð­ ðð®ðšð¥ð¢ð­ð²] [30 Days Refill] [Max 50K] [ð€ð”ð“ðŽ ð‘ð„ð…ðˆð‹ð‹] [Speed 50K/Day] [Always Instant] [ð‘ð„ð‚ðŽðŒðŒð„ððƒð„ðƒ]	239.2606	10	50 000	30 Days Refill	42 hours 49 minutes
1181	Instagram Likes - [ð‘ð„ð€ð‹] [30 Days Refill] [Max 200K] [ð€ð”ð“ðŽ ð‘ð„ð…ðˆð‹ð‹] [Non-Drop] [Speed 20K/Day] [Always Instant]	61.2062	50	200 000	30 Days Refill	8 minutes
3330	Instagram Likes - [ð‘ðžðšð¥ & ð‡ð¢ð ð¡ ðð®ðšð¥ð¢ð­ð²] - [60 Days Refill] [Max 150K] [ð€ð”ð“ðŽ ð‘ð„ð…ðˆð‹ð‹] [Speed 100K/Day] [INSTANT]	127.9766	10	150 000	60 Days Refill	8 minutes
5543	Instagram Likes - [ð‘ð„ð€ð‹] [30 Days Refill] [Max 5K] [Non-Drop] [Speed 5K/Day] [Always Instant]	612.062	10	5 000	30 Days Refill	18 minutes
3019	Instagram Likes - [30 Days Refill] [Max 30K] [Speed 3-5K/Day] [INSTANT]	27.821	1	300 000	30 Days Refill	20 minutes
15762	Instagram SPLIT Likes on Last 10 posts âž— | Medium Quality | [Enter Username]	166.926	1 000	100 000	No Refill	42 hours 50 minutes
15763	Instagram SPLIT Likes on Last 20 posts âž— | Medium Quality | [Enter Username]	166.926	2 000	100 000	No Refill	15 minutes
15764	Instagram SPLIT Likes on Last 30 posts âž— | Medium Quality | [Enter Username]	166.926	3 000	100 000	No Refill	23 minutes
15765	Instagram SPLIT Likes on Last 40 posts âž— | Medium Quality | [Enter Username]	166.926	4 000	100 000	No Refill	11 minutes
15766	Instagram SPLIT Likes on Last 50 posts âž— | Medium Quality | [Enter Username]	166.926	5 000	100 000	No Refill	22 minutes
15767	Instagram SPLIT Likes on Last 100 posts âž— | Medium Quality | [Enter Username]	166.926	10 000	100 000	No Refill	33 minutes
15768	Instagram SPLIT Likes on Last 200 posts âž— | Medium Quality | [Enter Username]	166.926	20 000	200 000	No Refill	55 minutes
15769	Instagram SPLIT Likes on Last 300 posts âž— | Medium Quality | [Enter Username]	166.926	30 000	200 000	No Refill	11 minutes
15770	Instagram SPLIT Likes on Last 400 posts âž— | Medium Quality | [Enter Username]	166.926	40 000	200 000	No Refill	55 minutes
15771	Instagram SPLIT Likes on Last 500 posts âž— | Medium Quality | [Enter Username]	166.926	50 000	200 000	No Refill	33 minutes
15742	Instagram SPLIT Likes on Last 10 posts âž— | High Quality | Super-Fast ðŸ“¸â¤ï¸ [Enter Username]	1268.6376	1 000	100 000	No Refill	55 minutes
15743	Instagram SPLIT Likes on Last 20 posts âž— | High Quality | Super-Fast ðŸ“¸â¤ï¸ [Enter Username]	1268.6376	2 000	100 000	No Refill	33 minutes
15744	Instagram SPLIT Likes on Last 30 posts âž— | High Quality | Super-Fast ðŸ“¸â¤ï¸ [Enter Username]	1268.6376	3 000	100 000	No Refill	23 minutes
15745	Instagram SPLIT Likes on Last 40 posts âž— | High Quality | Super-Fast ðŸ“¸â¤ï¸ [Enter Username]	1268.6376	4 000	100 000	No Refill	22 minutes
15746	Instagram SPLIT Likes on Last 50 posts âž— | High Quality | Super-Fast ðŸ“¸â¤ï¸ [Enter Username]	1268.6376	5 000	100 000	No Refill	55 minutes
15747	Instagram SPLIT Likes on Last 100 posts âž— | High Quality | Super-Fast ðŸ“¸â¤ï¸ [Enter Username]	1268.6376	10 000	100 000	No Refill	55 minutes
15748	Instagram SPLIT Likes on Last 200 posts âž— | High Quality | Super-Fast ðŸ“¸â¤ï¸ [Enter Username]	1268.6376	20 000	200 000	No Refill	16 minutes
15749	Instagram SPLIT Likes on Last 300 posts âž— | High Quality | Super-Fast ðŸ“¸â¤ï¸ [Enter Username]	1268.6376	30 000	200 000	No Refill	17 minutes
15750	Instagram SPLIT Likes on Last 400 posts âž— | High Quality | Super-Fast ðŸ“¸â¤ï¸ [Enter Username]	1268.6376	40 000	200 000	No Refill	55 minutes
15751	Instagram SPLIT Likes on Last 500 posts âž— | High Quality | Super-Fast ðŸ“¸â¤ï¸ [Enter Username]	1268.6376	50 000	200 000	No Refill	16 minutes
15752	Instagram SPLIT ð…ðžð¦ðšð¥ðž Likes on Last 10 posts âž— | Super-Fast ðŸ“¸â¤ï¸ [Enter Username]	400.6224	200	1 000 000	No Refill	41 minutes
15753	Instagram SPLIT ð…ðžð¦ðšð¥ðž Likes on Last 20 posts âž— | Super-Fast ðŸ“¸â¤ï¸ [Enter Username]	400.6224	400	1 000 000	No Refill	55 minutes
15754	Instagram SPLIT ð…ðžð¦ðšð¥ðž Likes on Last 30 posts âž— | Super-Fast ðŸ“¸â¤ï¸ [Enter Username]	400.6224	600	1 000 000	No Refill	33 minutes
15755	Instagram SPLIT ð…ðžð¦ðšð¥ðž Likes on Last 40 posts âž— | Super-Fast ðŸ“¸â¤ï¸ [Enter Username]	400.6224	800	1 000 000	No Refill	22 minutes
15756	Instagram SPLIT ð…ðžð¦ðšð¥ðž Likes on Last 50 posts âž— | Super-Fast ðŸ“¸â¤ï¸ [Enter Username]	400.6224	1 000	1 000 000	No Refill	17 minutes
15758	Instagram SPLIT ð…ðžð¦ðšð¥ðž Likes on Last 200 posts âž— | Super-Fast ðŸ“¸â¤ï¸ [Enter Username]	400.6224	4 000	1 000 000	No Refill	33 minutes
15759	Instagram SPLIT ð…ðžð¦ðšð¥ðž Likes on Last 300 posts âž— | Super-Fast ðŸ“¸â¤ï¸ [Enter Username]	400.6224	6 000	1 000 000	No Refill	11 minutes
15760	Instagram SPLIT ð…ðžð¦ðšð¥ðž Likes on Last 400 posts âž— | Super-Fast ðŸ“¸â¤ï¸ [Enter Username]	400.6224	8 000	1 000 000	No Refill	17 minutes
15761	Instagram SPLIT ð…ðžð¦ðšð¥ðž Likes on Last 500 posts âž— | Super-Fast ðŸ“¸â¤ï¸ [Enter Username]	400.6224	10 000	1 000 000	No Refill	11 minutes
15772	Instagram 100% Views + 10% Likes - [Max 100K] [Speed 100K/Day] [0-1 HR]	61.2062	1 000	100 000	7 Days Refill	1 hour 12 minutes
15773	Instagram 100% Views + 20% Likes - [Max 100K] [Speed 100K/Day] [0-1 HR]	105.7198	1 000	100 000	7 Days Refill	28 hours 9 minutes
15774	Instagram 100% Views + 30% Likes - [Max 100K] [Speed 100K/Day] [0-1 HR]	161.3618	1 000	100 000	7 Days Refill	33 minutes
15775	Instagram 100% Views + 40% Likes - [Max 100K] [Speed 100K/Day] [0-1 HR]	211.4396	1 000	100 000	7 Days Refill	15 hours 8 minutes
15776	Instagram 100% Views + 50% Likes - [Max 100K] [Speed 100K/Day] [0-1 HR]	261.5174	1 000	100 000	7 Days Refill	17 minutes
15777	Instagram 100% Views + 60% Likes - [Max 100K] [Speed 100K/Day] [0-1 HR]	311.5952	1 000	100 000	7 Days Refill	22 minutes
15778	Instagram 100% Views + 70% Likes - [Max 100K] [Speed 100K/Day] [0-1 HR]	367.2372	1 000	100 000	7 Days Refill	50 minutes
15779	Instagram 100% Views + 80% Likes - [Max 100K] [Speed 100K/Day] [0-1 HR]	417.315	1 000	100 000	7 Days Refill	1 hour 3 minutes
15780	Instagram 100% Views + 90% Likes - [Max 100K] [Speed 100K/Day] [0-1 HR]	467.3928	1 000	100 000	7 Days Refill	55 minutes
15781	Instagram 100% Views + 100% Likes - [Max 100K] [Speed 100K/Day] [0-1 HR]	523.0348	1 000	100 000	7 Days Refill	11 hours 37 minutes
15782	Instagram 100% Views + 10% HQ Likes + 2% Comments - [Max 100K] [Speed 10K/Day] [INSTANT]	434.0076	100	100 000	7 Days Refill	25 hours 40 minutes
15783	Instagram 100% Views + 20% HQ Likes + 2% Comments - [Max 100K] [Speed 10K/Day] [INSTANT]	534.1632	100	100 000	7 Days Refill	16 minutes
15784	Instagram 100% Views + 30% HQ Likes + 4% Comments - [Max 100K] [Speed 10K/Day] [INSTANT]	662.1398	100	100 000	7 Days Refill	26 hours 55 minutes
15785	Instagram 100% Views + 40% HQ Likes + 5% Comments - [Max 100K] [Speed 10K/Day] [INSTANT]	734.4744	100	100 000	7 Days Refill	24 hours 8 minutes
15786	Instagram 100% Views + 50% HQ Likes + 6% Comments - [Max 100K] [Speed 10K/Day] [INSTANT]	801.2448	100	100 000	7 Days Refill	22 minutes
15787	Instagram 100% Views + 60% HQ Likes + 7% Comments - [Max 100K] [Speed 10K/Day] [INSTANT]	868.0152	100	100 000	7 Days Refill	17 minutes
15788	Instagram 100% Views + 70% HQ Likes + 8% Comments - [Max 100K] [Speed 10K/Day] [INSTANT]	934.7856	100	100 000	7 Days Refill	22 minutes
15789	Instagram 100% Views + 80% HQ Likes + 9% Comments - [Max 100K] [Speed 10K/Day] [INSTANT]	1001.556	100	100 000	7 Days Refill	3 hours 23 minutes
15790	Instagram 100% Views + 90% HQ Likes + 10% Comments - [Max 100K] [Speed 10K/Day] [INSTANT]	1068.3264	100	100 000	7 Days Refill	26 minutes
15791	Instagram 100% Views + 100% HQ Likes + 11% Comments - [Max 100K] [Speed 10K/Day] [INSTANT]	1135.0968	100	100 000	7 Days Refill	25 hours 21 minutes
2499	Instagram Likes [INDIAN] [Max 100K] [No Refill/Refund] [Speed 30K/Day] [Instant]	161.3618	50	100 000	No Refill	56 hours 59 minutes
3158	Instagram Likes [GERMANY] [Non-Drop] [300 Max] [Speed 80-120/Day] [Fast Service]	24223.7447	20	5 000	30 Days Refill	19 minutes
2980	Instagram Libya Likes [Max 10K] [Speed 3-6K/Day] [No Refill/Refund]	4540.3872	100	10 000	No Refill	22 minutes
8342	Instagram Views - [ð•ð¢ððžð¨ + ð‘ðžðžð¥ + ðˆð†ð“ð•] [Unlimited] [5M/HR] [INSTANT]	5.00778	10	2 147 483 647	No Refill	10 minutes
16575	Instagram Views | ð•ð¢ððžð¨ + ð‘ðžðžð¥ + ðˆð†ð“ð• | Unlimited | Speed 500K/Day | 0-5 Mins	4.45136	10	2 147 483 647	No Refill	4 hours 10 minutes
10443	Instagram Video Views - [ð•ð¢ððžð¨ + ð‘ðžðžð¥] [Speed 300K/Day] [Instant]	5.5642	10	1 000 000	No Refill	2 hours 37 minutes
8312	Instagram Views - [ð•ð¢ððžð¨ + ð‘ðžðžð¥ + ðˆð†ð“ð•] [Unlimited] [1M/HR] [INSTANT]	55.642	100	10 000 000	No Refill	6 minutes
5443	Instagram Views - [ð•ð¢ððžð¨ + ð‘ðžðžð¥ + ðˆð†ð“ð•] [Unlimited] [Speed 5M/Day] [ALWAYS INSTANT]	6.67704	100	10 000 000	No Refill	17 minutes
16176	Instagram Video Views | No Refill | Max 1M | Speed 500K/Day | INSTANT	5.5642	10	100 000 000	365 Days Refill	6 minutes
16474	Instagram Views | ð•ð¢ððžð¨ + ð‘ðžðžð¥ + ðˆð†ð“ð• | Unlimited | Speed 1M/Day | 0-5 Mins	5.5642	10	100 000 000	7 Days Refill	6 minutes
16475	Instagram Views | ð•ð¢ððžð¨ + ð‘ðžðžð¥ + ðˆð†ð“ð• | Unlimited | Speed 2M/Day | 0-5 Mins	5.5642	10	200 000 000	7 Days Refill	16 minutes
16476	Instagram Views | ð•ð¢ððžð¨ + ð‘ðžðžð¥ + ðˆð†ð“ð• | Unlimited | Speed 3M/Day | 0-5 Mins	3.33852	100	100 000 000	7 Days Refill	10 minutes
8426	Instagram Views - [ð•ð¢ððžð¨ + ð‘ðžðžð¥] [Unlimited] [Speed 50M/Day] [INSTANT]	4.45136	100	100 000 000	No Refill	6 minutes
16477	Instagram ð•ð¢ðžð°ð¬ + ðˆð¦ð©ð«ðžð¬ð¬ð¢ð¨ð§ð¬ { ðð¡ð¨ð­ð¨ð¬ } | Unlimited | Speed 1M/Day | 0-5 Mins	11.1284	10	200 000 000	7 Days Refill	10 minutes
10190	Instagram Views - [ð•ð¢ððžð¨ + ð‘ðžðžð¥ + ðˆð†ð“ð•] [Speed 200K/HR] [INSTANT]	1.11284	100	100 000 000	No Refill	6 minutes
16478	Instagram ð•ð¢ðžð°ð¬ + ðˆð¦ð©ð«ðžð¬ð¬ð¢ð¨ð§ð¬ { ðð¡ð¨ð­ð¨ð¬ } ð…ð«ð¨ð¦ ð„ð±ð©ð¥ð¨ð«ðž ððšð ðž | Unlimited | Speed 1M/Day | 0-5 Mins	11.1284	10	200 000 000	7 Days Refill	9 minutes
7283	Instagram Views - [ð•ð¢ððžð¨ + ð‘ðžðžð¥ + ðˆð†ð“ð•] [30 Days Refill] [Unlimited] [Speed 10M/Day] [INSTANT]	5.5642	10	100 000 000	No Refill	49 minutes
8310	Instagram Views - [ð•ð¢ððžð¨ + ð‘ðžðžð¥ + ðˆð†ð“ð•] [Unlimited] [10M/Day] [INSTANT]	5.5642	10	100 000 000	No Refill	8 minutes
10662	Instagram Views - [ð•ð¢ððžð¨ + ð‘ðžðžð¥ + ðˆð†ð“ð•] [Speed 1M/Day]	5.5642	100	100 000 000	No Refill	15 minutes
8574	Instagram Views - [ð•ð¢ððžð¨ + ð‘ðžðžð¥ + ðˆð†ð“ð•] [Unlimited] [Speed 10M/Day] [0-15Mins]	5.5642	100	200 000 000	No Refill	13 minutes
10663	Instagram Views - [ð•ð¢ððžð¨ + ð‘ðžðžð¥ + ðˆð†ð“ð•] [Speed 500K/Day] [ð–ð¨ð«ð¤ð¢ð§ð ð€ðŸð­ðžð« ð”ð©ððšð­ðž]	5.5642	10	100 000 000	No Refill	16 minutes
10029	Instagram Views - [ð•ð¢ððžð¨ + ð‘ðžðžð¥ + ðˆð†ð“ð•] [Speed 1M/HR] [INSTANT]	33.3852	100	100 000 000	No Refill	35 minutes
8438	Instagram Views - [ð•ð¢ððžð¨ + ð‘ðžðžð¥ + ðˆð†ð“ð•] [Unlimited] [Speed 50K/Day] [0-15Mins]	5.5642	100	2 147 483 647	No Refill	1 hour 20 minutes
7266	Instagram Views - [ð•ð¢ððžð¨ + ð‘ðžðžð¥ + ðˆð†ð“ð•] [Unlimited] [Speed 500-1M/Day] [INSTANT]	5.5642	100	100 000 000	No Refill	1 hour 15 minutes
8311	Instagram Views - [ð•ð¢ððžð¨ + ð‘ðžðžð¥ + ðˆð†ð“ð•] [ð‘ðžðšðœð¡ + ðˆð¦ð©ð«ðžð¬ð¬ð¢ð¨ð§ð¬ + ðð«ð¨ðŸð¢ð¥ðž ð•ð¢ð¬ð¢ð­] [Unlimited] [Speed 50-100K/Day] [INSTANT] [ð‘ðžðœð¨ð¦ð¦ðžð§ððžð]	27.821	100	10 000 000	No Refill	7 hours 29 minutes
15701	Instagram SPLIT Views on Last 10 Instagram Videos âž— | Super-Fast âš¡ï¸ [Enter Username]	77.8988	1 000	1 000 000	No Refill	45 minutes
15702	Instagram SPLIT Views on Last 20 Instagram Videos âž— | Super-Fast âš¡ï¸ [Enter Username]	77.8988	2 000	1 000 000	No Refill	16 minutes
15703	Instagram SPLIT Views on Last 30 Instagram Videos âž— | Super-Fast âš¡ï¸ [Enter Username]	77.8988	3 000	1 000 000	No Refill	17 minutes
15705	Instagram SPLIT Views on Last 50 Instagram Videos âž— | Super-Fast âš¡ï¸ [Enter Username]	77.8988	5 000	1 000 000	No Refill	17 minutes
15706	Instagram SPLIT Views on Last 100 Instagram Videos âž— | Super-Fast âš¡ï¸ [Enter Username]	77.8988	10 000	1 000 000	No Refill	22 minutes
15707	Instagram SPLIT Views on Last 200 Instagram Videos âž— | Super-Fast âš¡ï¸ [Enter Username]	77.8988	20 000	1 000 000	No Refill	11 minutes
15708	Instagram SPLIT Views on Last 300 Instagram Videos âž— | Super-Fast âš¡ï¸ [Enter Username]	77.8988	30 000	1 000 000	No Refill	22 minutes
15709	Instagram SPLIT Views on Last 400 Instagram Videos âž— | Super-Fast âš¡ï¸ [Enter Username]	77.8988	40 000	1 000 000	No Refill	55 minutes
15710	Instagram SPLIT Views on Last 500 Instagram Videos âž— | Super-Fast âš¡ï¸ [Enter Username]	77.8988	50 000	1 000 000	No Refill	16 minutes
10288	Instagram Watch Time Views - [+%100 WatchTime] [INSTANT]	44.5136	100	100 000 000	No Refill	1 hour 7 minutes
10286	Instagram Watch Time Views - [+%20 WatchTime] [INSTANT]	38.9494	100	100 000 000	No Refill	1 hour 19 minutes
10287	Instagram Watch Time Views - [+%50 WatchTime] [INSTANT]	38.9494	100	100 000 000	No Refill	1 hour 15 minutes
7399	Instagram Video Views - [USA ðŸ‡ºðŸ‡¸] [No Refill] [Unlimited] [Speed 1M/Day]	456.2644	100	10 000 000	No Refill	7 hours 49 minutes
12423	Instagram Video Views - [United Kingdom ðŸ‡¬ðŸ‡§] [No Refill] [Unlimited] [Speed 1M/Day]	456.2644	100	10 000 000	No Refill	33 minutes
12291	Instagram Video Views - [France ðŸ‡«ðŸ‡·] [No Refill] [Unlimited] [Speed 1M/Day]	456.2644	100	10 000 000	No Refill	121 hours 5 minutes
12268	Instagram Video Views - [Croatia ðŸ‡­ðŸ‡·] [No Refill] [Unlimited] [Speed 1M/Day]	456.2644	100	10 000 000	No Refill	16 minutes
12269	Instagram Video Views - [Cuba ðŸ‡¨ðŸ‡º] [No Refill] [Unlimited] [Speed 1M/Day]	456.2644	100	10 000 000	No Refill	17 minutes
7400	Instagram Video Views - [India ðŸ‡®ðŸ‡³] [No Refill] [Unlimited] [Speed 1M/Day]	456.2644	100	10 000 000	No Refill	6 minutes
12270	Instagram Video Views - [Cyprus ðŸ‡¨ðŸ‡¾] [No Refill] [Unlimited] [Speed 1M/Day]	456.2644	100	10 000 000	No Refill	17 minutes
5508	Instagram Video Views - [France ðŸ‡«ðŸ‡·] [No Refill] [Unlimited] [Speed 1M/Day]	456.2644	100	10 000 000	No Refill	11 minutes
12271	Instagram Video Views - [Check ðŸ‡¨ðŸ‡¿] [No Refill] [Unlimited] [Speed 1M/Day]	456.2644	100	10 000 000	No Refill	55 minutes
12272	Instagram Video Views - [Danish ðŸ‡©ðŸ‡°] [No Refill] [Unlimited] [Speed 1M/Day]	456.2644	100	10 000 000	No Refill	55 minutes
12273	Instagram Video Views - [Djibouti ðŸ‡©ðŸ‡¯] [No Refill] [Unlimited] [Speed 1M/Day]	456.2644	100	10 000 000	No Refill	33 minutes
12274	Instagram Video Views - [Dominica ðŸ‡©ðŸ‡²] [No Refill] [Unlimited] [Speed 1M/Day]	456.2644	100	10 000 000	No Refill	17 minutes
12275	Instagram Video Views - [Dominican ðŸ‡©ðŸ‡´] [No Refill] [Unlimited] [Speed 1M/Day]	456.2644	100	10 000 000	No Refill	34 hours 3 minutes
12276	Instagram Video Views - [East Timor ðŸ‡¹ðŸ‡±] [No Refill] [Unlimited] [Speed 1M/Day]	456.2644	100	10 000 000	No Refill	33 minutes
7095	Instagram Video Views - [Turkey ðŸ‡¹ðŸ‡·] [No Refill] [Unlimited] [Speed 1M/Day]	456.2644	100	10 000 000	No Refill	55 minutes
12277	Instagram Video Views - [Ecuador ðŸ‡ªðŸ‡¨] [No Refill] [Unlimited] [Speed 1M/Day]	456.2644	100	10 000 000	No Refill	33 minutes
7401	Instagram Video Views - [Brazil ðŸ‡§ðŸ‡·] [No Refill] [Unlimited] [Speed 1M/Day]	456.2644	100	10 000 000	No Refill	17 minutes
12278	Instagram Video Views - [Corn ðŸ‡ªðŸ‡¬] [No Refill] [Unlimited] [Speed 1M/Day]	456.2644	100	10 000 000	No Refill	55 minutes
7102	Instagram Video Views - [Germany ðŸ‡©ðŸ‡ª] [No Refill] [Unlimited] [Speed 1M/Day]	456.2644	100	10 000 000	No Refill	14 hours 12 minutes
12279	Instagram Video Views - [El Salvador ðŸ‡¸ðŸ‡»] [No Refill] [Unlimited] [Speed 1M/Day]	456.2644	100	10 000 000	No Refill	16 minutes
12280	Instagram Video Views - [Equator ðŸ‡¬ðŸ‡¶] [No Refill] [Unlimited] [Speed 1M/Day]	456.2644	100	100 000 000	No Refill	11 minutes
7402	Instagram Video Views - [Spain ðŸ‡ªðŸ‡¸] [No Refill] [Unlimited] [Speed 1M/Day]	456.2644	100	10 000 000	No Refill	4 hours 43 minutes
12281	Instagram Video Views - [Unreal ðŸ‡¨ðŸ‡¦] [No Refill] [Unlimited] [Speed 1M/Day]	456.2644	100	10 000 000	No Refill	22 minutes
12282	Instagram Video Views - [Estonian ðŸ‡ªðŸ‡ª] [No Refill] [Unlimited] [Speed 1M/Day]	456.2644	100	10 000 000	No Refill	16 minutes
7094	Instagram Video Views - [Thailand ðŸ‡¹ðŸ‡­] [No Refill] [Unlimited] [Speed 1M/Day]	456.2644	100	10 000 000	No Refill	23 minutes
12283	Instagram Video Views - [Ethiopia ðŸ‡ªðŸ‡¹] [No Refill] [Unlimited] [Speed 1M/Day]	456.2644	100	10 000 000	No Refill	33 minutes
7103	Instagram Video Views - [Italy ðŸ‡®ðŸ‡¹] [No Refill] [Unlimited] [Speed 1M/Day]	456.2644	100	10 000 000	No Refill	1 hour 37 minutes
12284	Instagram Video Views - [Falkland ðŸ‡«ðŸ‡°] [No Refill] [Unlimited] [Speed 1M/Day]	456.2644	100	10 000 000	No Refill	55 minutes
7096	Instagram Video Views - [Indonesia ðŸ‡®ðŸ‡©] [No Refill] [Unlimited] [Speed 1M/Day]	456.2644	100	10 000 000	No Refill	33 minutes
12285	Instagram Video Views - [Faroese ðŸ‡«ðŸ‡´] [No Refill] [Unlimited] [Speed 1M/Day]	456.2644	100	10 000 000	No Refill	23 minutes
7097	Instagram Video Views - [Malaysia ðŸ‡²ðŸ‡¾] [No Refill] [Unlimited] [Speed 1M/Day]	456.2644	100	10 000 000	No Refill	55 minutes
12286	Instagram Video Views - [Fiji ðŸ‡«ðŸ‡¯] [No Refill] [Unlimited] [Speed 1M/Day]	456.2644	100	10 000 000	No Refill	11 minutes
7098	Instagram Video Views - [Bangladesh ðŸ‡§ðŸ‡©] [No Refill] [Unlimited] [Speed 1M/Day]	456.2644	100	10 000 000	No Refill	11 minutes
12287	Instagram Video Views - [Finland ðŸ‡«ðŸ‡®] [No Refill] [Unlimited] [Speed 1M/Day]	456.2644	100	10 000 000	No Refill	10 minutes
12288	Instagram Video Views - [France Metropolitan ðŸ‡«ðŸ‡·] [No Refill] [Unlimited] [Speed 1M/Day]	456.2644	100	10 000 000	No Refill	11 minutes
7100	Instagram Video Views - [Nigeria ðŸ‡³ðŸ‡¬] [No Refill] [Unlimited] [Speed 1M/Day]	456.2644	100	10 000 000	No Refill	23 minutes
12289	Instagram Video Views - [France Guiana ðŸ‡«ðŸ‡·] [No Refill] [Unlimited] [Speed 1M/Day]	456.2644	100	10 000 000	No Refill	55 minutes
7101	Instagram Video Views - [Kuwait ðŸ‡°ðŸ‡¼] [No Refill] [Unlimited] [Speed 1M/Day]	456.2644	100	10 000 000	No Refill	23 minutes
12290	Instagram Video Views - [France Polynesia ðŸ‡«ðŸ‡·] [No Refill] [Unlimited] [Speed 1M/Day]	456.2644	100	10 000 000	No Refill	11 minutes
12292	Instagram Video Views - [Gabon ðŸ‡¬ðŸ‡¦] [No Refill] [Unlimited] [Speed 1M/Day]	456.2644	100	10 000 000	No Refill	17 minutes
12293	Instagram Video Views - [Gambia ðŸ‡¬ðŸ‡²] [No Refill] [Unlimited] [Speed 1M/Day]	456.2644	100	10 000 000	No Refill	22 minutes
12294	Instagram Video Views - [Georgia ðŸ‡¬ðŸ‡ª] [No Refill] [Unlimited] [Speed 1M/Day]	456.2644	100	10 000 000	No Refill	33 minutes
12295	Instagram Video Views - [Ghana ðŸ‡¬ðŸ‡­] [No Refill] [Unlimited] [Speed 1M/Day]	456.2644	100	10 000 000	No Refill	16 hours
12296	Instagram Video Views - [Cebeli ðŸ‡¬ðŸ‡®] [No Refill] [Unlimited] [Speed 1M/Day]	456.2644	100	10 000 000	No Refill	17 minutes
12297	Instagram Video Views - [Greece ðŸ‡¬ðŸ‡·] [No Refill] [Unlimited] [Speed 1M/Day]	456.2644	100	10 000 000	No Refill	11 minutes
12298	Instagram Video Views - [Greenland ðŸ‡¬ðŸ‡±] [No Refill] [Unlimited] [Speed 1M/Day]	456.2644	100	10 000 000	No Refill	55 minutes
12299	Instagram Video Views - [Grenada ðŸ‡¬ðŸ‡©] [No Refill] [Unlimited] [Speed 1M/Day]	456.2644	100	10 000 000	No Refill	16 minutes
12300	Instagram Video Views - [Guadeloupe ðŸ‡¬ðŸ‡±] [No Refill] [Unlimited] [Speed 1M/Day]	456.2644	100	10 000 000	No Refill	23 minutes
12301	Instagram Video Views - [Guam ðŸ‡¬ðŸ‡º] [No Refill] [Unlimited] [Speed 1M/Day]	456.2644	100	10 000 000	No Refill	22 minutes
12302	Instagram Video Views - [Guatemala ðŸ‡¬ðŸ‡¹] [No Refill] [Unlimited] [Speed 1M/Day]	456.2644	100	10 000 000	No Refill	55 minutes
12303	Instagram Video Views - [Guinea ðŸ‡¬ðŸ‡³] [No Refill] [Unlimited] [Speed 1M/Day]	456.2644	100	10 000 000	No Refill	17 minutes
12304	Instagram Video Views - [Guinea Bissau ðŸ‡¬ðŸ‡¼] [No Refill] [Unlimited] [Speed 1M/Day]	456.2644	100	10 000 000	No Refill	22 minutes
12305	Instagram Video Views - [Guyana ðŸ‡¬ðŸ‡¾] [No Refill] [Unlimited] [Speed 1M/Day]	456.2644	100	10 000 000	No Refill	22 minutes
12306	Instagram Video Views - [Haiti ðŸ‡­ðŸ‡¹] [No Refill] [Unlimited] [Speed 1M/Day]	456.2644	100	10 000 000	No Refill	22 minutes
12307	Instagram Video Views - [Donald Islands ðŸ‡§ðŸ‡·] [No Refill] [Unlimited] [Speed 1M/Day]	456.2644	100	10 000 000	No Refill	11 minutes
12308	Instagram Video Views - [Holly ðŸ‡³ðŸ‡±] [No Refill] [Unlimited] [Speed 1M/Day]	456.2644	100	10 000 000	No Refill	16 minutes
12309	Instagram Video Views - [Honduran ðŸ‡­ðŸ‡³] [No Refill] [Unlimited] [Speed 1M/Day]	456.2644	100	10 000 000	No Refill	22 minutes
12310	Instagram Video Views - [Mexican ðŸ‡²ðŸ‡½] [No Refill] [Unlimited] [Speed 1M/Day]	456.2644	100	10 000 000	No Refill	17 minutes
12311	Instagram Video Views - [Hong Kong ðŸ‡­ðŸ‡°] [No Refill] [Unlimited] [Speed 1M/Day]	456.2644	100	10 000 000	No Refill	23 minutes
12312	Instagram Video Views - [Hungary ðŸ‡­ðŸ‡º] [No Refill] [Unlimited] [Speed 1M/Day]	456.2644	100	10 000 000	No Refill	11 minutes
12313	Instagram Video Views - [Iceland ðŸ‡®ðŸ‡¸] [No Refill] [Unlimited] [Speed 1M/Day]	456.2644	100	10 000 000	No Refill	33 minutes
12314	Instagram Video Views - [India ðŸ‡®ðŸ‡³] [No Refill] [Unlimited] [Speed 1M/Day]	456.2644	100	10 000 000	No Refill	7 hours 49 minutes
12315	Instagram Video Views - [Indonesia ðŸ‡®ðŸ‡©] [No Refill] [Unlimited] [Speed 1M/Day]	456.2644	100	10 000 000	No Refill	42 hours 8 minutes
12316	Instagram Video Views - [Iran ðŸ‡®ðŸ‡·] [No Refill] [Unlimited] [Speed 1M/Day]	456.2644	100	10 000 000	No Refill	11 minutes
12317	Instagram Video Views - [Iraq ðŸ‡®ðŸ‡¶] [No Refill] [Unlimited] [Speed 1M/Day]	456.2644	100	10 000 000	No Refill	17 minutes
12318	Instagram Video Views - [Ireland ðŸ‡®ðŸ‡ª] [No Refill] [Unlimited] [Speed 1M/Day]	456.2644	100	10 000 000	No Refill	16 minutes
12319	Instagram Video Views - [Jamaica ðŸ‡¯ðŸ‡²] [No Refill] [Unlimited] [Speed 1M/Day]	456.2644	100	10 000 000	No Refill	23 minutes
12320	Instagram Video Views - [Japan ðŸ‡¯ðŸ‡µ] [No Refill] [Unlimited] [Speed 1M/Day]	456.2644	100	10 000 000	No Refill	11 minutes
12321	Instagram Video Views - [Jordan ðŸ‡¯ðŸ‡´] [No Refill] [Unlimited] [Speed 1M/Day]	456.2644	100	10 000 000	No Refill	22 minutes
12322	Instagram Video Views - [Kazakhstan ðŸ‡°ðŸ‡¿] [No Refill] [Unlimited] [Speed 1M/Day]	456.2644	100	10 000 000	No Refill	16 minutes
12323	Instagram Video Views - [Kenya ðŸ‡°ðŸ‡ª] [No Refill] [Unlimited] [Speed 1M/Day]	456.2644	100	10 000 000	No Refill	33 minutes
12324	Instagram Video Views - [Kribati ðŸ‡°ðŸ‡¿] [No Refill] [Unlimited] [Speed 1M/Day]	456.2644	100	10 000 000	No Refill	55 minutes
12325	Instagram Video Views - [Korean ðŸ‡µðŸ‡±] [No Refill] [Unlimited] [Speed 1M/Day]	456.2644	100	10 000 000	No Refill	54 minutes
12326	Instagram Video Views - [Kyrgyzstan ðŸ‡°ðŸ‡¬] [No Refill] [Unlimited] [Speed 1M/Day]	456.2644	100	10 000 000	No Refill	55 minutes
12327	Instagram Video Views - [Lao ðŸ‡±ðŸ‡¦] [No Refill] [Unlimited] [Speed 1M/Day]	456.2644	100	10 000 000	No Refill	16 minutes
12328	Instagram Video Views - [Lativa ðŸ‡±ðŸ‡»] [No Refill] [Unlimited] [Speed 1M/Day]	456.2644	100	10 000 000	No Refill	11 minutes
12329	Instagram Video Views - [Lebanon ðŸ‡±ðŸ‡§] [No Refill] [Unlimited] [Speed 1M/Day]	456.2644	100	10 000 000	No Refill	16 minutes
12330	Instagram Video Views - [Liberia ðŸ‡±ðŸ‡·] [No Refill] [Unlimited] [Speed 1M/Day]	456.2644	100	10 000 000	No Refill	17 minutes
12331	Instagram Video Views - [Libya ðŸ‡±ðŸ‡¾] [No Refill] [Unlimited] [Speed 1M/Day]	456.2644	100	10 000 000	No Refill	17 minutes
12332	Instagram Video Views - [Liechtenstein ðŸ‡±ðŸ‡®] [No Refill] [Unlimited] [Speed 1M/Day]	456.2644	100	10 000 000	No Refill	23 minutes
12333	Instagram Video Views - [Lithuanian ðŸ‡±ðŸ‡¹] [No Refill] [Unlimited] [Speed 1M/Day]	456.2644	100	10 000 000	No Refill	16 minutes
12334	Instagram Video Views - [Luxembourg ðŸ‡±ðŸ‡º] [No Refill] [Unlimited] [Speed 1M/Day]	456.2644	100	10 000 000	No Refill	11 minutes
12335	Instagram Video Views - [Makoa ðŸ‡²ðŸ‡´] [No Refill] [Unlimited] [Speed 1M/Day]	456.2644	100	10 000 000	No Refill	55 minutes
12336	Instagram Video Views - [Macedonia ðŸ‡²ðŸ‡°] [No Refill] [Unlimited] [Speed 1M/Day]	456.2644	100	10 000 000	No Refill	11 minutes
12337	Instagram Video Views - [Madagascar ðŸ‡²ðŸ‡¬] [No Refill] [Unlimited] [Speed 1M/Day]	456.2644	100	10 000 000	No Refill	33 minutes
12338	Instagram Video Views - [Malawi ðŸ‡²ðŸ‡¼] [No Refill] [Unlimited] [Speed 1M/Day]	456.2644	100	10 000 000	No Refill	55 minutes
12339	Instagram Video Views - [Maldives ðŸ‡²ðŸ‡»] [No Refill] [Unlimited] [Speed 1M/Day]	456.2644	100	10 000 000	No Refill	33 minutes
12340	Instagram Video Views - [Financial ðŸ‡²ðŸ‡±] [No Refill] [Unlimited] [Speed 1M/Day]	456.2644	100	10 000 000	No Refill	22 minutes
12341	Instagram Video Views - [Malta ðŸ‡²ðŸ‡¹] [No Refill] [Unlimited] [Speed 1M/Day]	456.2644	100	10 000 000	No Refill	33 minutes
12342	Instagram Video Views - [Marshal ðŸ‡²ðŸ‡»] [No Refill] [Unlimited] [Speed 1M/Day]	456.2644	100	10 000 000	No Refill	11 minutes
12343	Instagram Video Views - [Martinique ðŸ‡²ðŸ‡¶] [No Refill] [Unlimited] [Speed 1M/Day]	456.2644	100	10 000 000	No Refill	55 minutes
12344	Instagram Video Views - [Mauritian ðŸ‡²ðŸ‡º] [No Refill] [Unlimited] [Speed 1M/Day]	456.2644	100	10 000 000	No Refill	55 minutes
12345	Instagram Video Views - [Mayot ðŸ‡¾ðŸ‡¹] [No Refill] [Unlimited] [Speed 1M/Day]	456.2644	100	10 000 000	No Refill	55 minutes
12346	Instagram Video Views - [Micronesia ðŸ‡«ðŸ‡²] [No Refill] [Unlimited] [Speed 1M/Day]	456.2644	100	10 000 000	No Refill	16 minutes
12347	Instagram Video Views - [Manoka ðŸ‡²ðŸ‡´] [No Refill] [Unlimited] [Speed 1M/Day]	456.2644	100	10 000 000	No Refill	23 minutes
12348	Instagram Video Views - [Mongolia ðŸ‡°ðŸ‡ª] [No Refill] [Unlimited] [Speed 1M/Day]	456.2644	100	10 000 000	No Refill	11 minutes
12349	Instagram Video Views - [Montserrat ðŸ‡²ðŸ‡¸] [No Refill] [Unlimited] [Speed 1M/Day]	456.2644	100	10 000 000	No Refill	33 minutes
12350	Instagram Video Views - [Moroccan ðŸ‡²ðŸ‡¦] [No Refill] [Unlimited] [Speed 1M/Day]	456.2644	100	10 000 000	No Refill	16 minutes
12351	Instagram Video Views - [Mozambique ðŸ‡²ðŸ‡¿] [No Refill] [Unlimited] [Speed 1M/Day]	456.2644	100	10 000 000	No Refill	17 minutes
12352	Instagram Video Views - [Myanmar ðŸ‡²ðŸ‡²] [No Refill] [Unlimited] [Speed 1M/Day]	456.2644	100	10 000 000	No Refill	17 minutes
12353	Instagram Video Views - [Mambia ðŸ‡²ðŸ‡¾] [No Refill] [Unlimited] [Speed 1M/Day]	456.2644	100	10 000 000	No Refill	33 minutes
12354	Instagram Video Views - [Nauru ðŸ‡³ðŸ‡·] [No Refill] [Unlimited] [Speed 1M/Day]	456.2644	100	10 000 000	No Refill	22 minutes
12355	Instagram Video Views - [Nepal ðŸ‡³ðŸ‡µ] [No Refill] [Unlimited] [Speed 1M/Day]	456.2644	100	10 000 000	No Refill	17 minutes
12356	Instagram Video Views - [Dutch ðŸ‡³ðŸ‡±] [No Refill] [Unlimited] [Speed 1M/Day]	456.2644	100	10 000 000	No Refill	11 minutes
12357	Instagram Video Views - [Netherlands Antilles ðŸ‡³ðŸ‡±] [No Refill] [Unlimited] [Speed 1M/Day]	456.2644	100	10 000 000	No Refill	23 minutes
12358	Instagram Video Views - [New Caledonia ðŸ‡°ðŸ‡¿] [No Refill] [Unlimited] [Speed 1M/Day]	456.2644	100	10 000 000	No Refill	22 minutes
12359	Instagram Video Views - [New Zealand ðŸ‡³ðŸ‡¿] [No Refill] [Unlimited] [Speed 1M/Day]	456.2644	100	10 000 000	No Refill	23 minutes
12360	Instagram Video Views - [Nicaragua ðŸ‡³ðŸ‡®] [No Refill] [Unlimited] [Speed 1M/Day]	456.2644	100	10 000 000	No Refill	16 minutes
12361	Instagram Video Views - [Niger ðŸ‡³ðŸ‡¬] [No Refill] [Unlimited] [Speed 1M/Day]	456.2644	100	10 000 000	No Refill	33 minutes
12362	Instagram Video Views - [Nigeria ðŸ‡³ðŸ‡ª] [No Refill] [Unlimited] [Speed 1M/Day]	456.2644	100	10 000 000	No Refill	33 minutes
12363	Instagram Video Views - [Niue ðŸ‡³ðŸ‡º] [No Refill] [Unlimited] [Speed 1M/Day]	456.2644	100	10 000 000	No Refill	33 minutes
12364	Instagram Video Views - [Norfolk ðŸ‡³ðŸ‡«] [No Refill] [Unlimited] [Speed 1M/Day]	456.2644	100	10 000 000	No Refill	16 minutes
12365	Instagram Video Views - [Mariana ðŸ‡²ðŸ‡¾] [No Refill] [Unlimited] [Speed 1M/Day]	456.2644	100	10 000 000	No Refill	23 minutes
12366	Instagram Video Views - [Monoway ðŸ‡²ðŸ‡¨] [No Refill] [Unlimited] [Speed 1M/Day]	456.2644	100	10 000 000	No Refill	17 minutes
12367	Instagram Video Views - [Oman ðŸ‡´ðŸ‡²] [No Refill] [Unlimited] [Speed 1M/Day]	456.2644	100	10 000 000	No Refill	16 minutes
12368	Instagram Video Views - [Pakistan ðŸ‡µðŸ‡°] [No Refill] [Unlimited] [Speed 1M/Day]	456.2644	100	10 000 000	No Refill	11 minutes
12369	Instagram Video Views - [Palu ðŸ‡²ðŸ‡»] [No Refill] [Unlimited] [Speed 1M/Day]	456.2644	100	10 000 000	No Refill	17 minutes
12370	Instagram Video Views - [Panama ðŸ‡µðŸ‡¦] [No Refill] [Unlimited] [Speed 1M/Day]	456.2644	100	10 000 000	No Refill	16 minutes
12371	Instagram Video Views - [Papuan ðŸ‡µðŸ‡¬] [No Refill] [Unlimited] [Speed 1M/Day]	456.2644	100	10 000 000	No Refill	55 minutes
12372	Instagram Video Views - [Paraguay ðŸ‡µðŸ‡¾] [No Refill] [Unlimited] [Speed 1M/Day]	456.2644	100	10 000 000	No Refill	11 minutes
12373	Instagram Video Views - [Peru ðŸ‡µðŸ‡ª] [No Refill] [Unlimited] [Speed 1M/Day]	456.2644	100	10 000 000	No Refill	22 minutes
12374	Instagram Video Views - [Philippines ðŸ‡µðŸ‡­] [No Refill] [Unlimited] [Speed 1M/Day]	456.2644	100	10 000 000	No Refill	22 minutes
12375	Instagram Video Views - [Pitcame ðŸ‡µðŸ‡³] [No Refill] [Unlimited] [Speed 1M/Day]	456.2644	100	10 000 000	No Refill	22 minutes
12376	Instagram Video Views - [Polish ðŸ‡µðŸ‡±] [No Refill] [Unlimited] [Speed 1M/Day]	456.2644	100	10 000 000	No Refill	55 minutes
12377	Instagram Video Views - [Portugal ðŸ‡µðŸ‡¹] [No Refill] [Unlimited] [Speed 1M/Day]	456.2644	100	10 000 000	No Refill	23 minutes
12378	Instagram Video Views - [Puerto ðŸ‡µðŸ‡·] [No Refill] [Unlimited] [Speed 1M/Day]	456.2644	100	10 000 000	No Refill	23 minutes
12379	Instagram Video Views - [Kata ðŸ‡¶ðŸ‡¦] [No Refill] [Unlimited] [Speed 1M/Day]	456.2644	100	10 000 000	No Refill	23 minutes
12380	Instagram Video Views - [Reunion ðŸ‡·ðŸ‡ª] [No Refill] [Unlimited] [Speed 1M/Day]	456.2644	100	10 000 000	No Refill	22 minutes
12381	Instagram Video Views - [Romania ðŸ‡·ðŸ‡´] [No Refill] [Unlimited] [Speed 1M/Day]	456.2644	100	10 000 000	No Refill	16 minutes
12382	Instagram Video Views - [Russia ðŸ‡·ðŸ‡º] [No Refill] [Unlimited] [Speed 1M/Day]	456.2644	100	10 000 000	No Refill	16 minutes
12383	Instagram Video Views - [Rwando ðŸ‡·ðŸ‡¼] [No Refill] [Unlimited] [Speed 1M/Day]	456.2644	100	10 000 000	No Refill	17 minutes
12384	Instagram Video Views - [Latvian ðŸ‡±ðŸ‡»] [No Refill] [Unlimited] [Speed 1M/Day]	456.2644	100	10 000 000	No Refill	22 minutes
12385	Instagram Video Views - [Georgia ðŸ‡¬ðŸ‡ª] [No Refill] [Unlimited] [Speed 1M/Day]	456.2644	100	10 000 000	No Refill	23 minutes
12386	Instagram Video Views - [Kazakhstan ðŸ‡°ðŸ‡¿] [No Refill] [Unlimited] [Speed 1M/Day]	456.2644	100	10 000 000	No Refill	55 minutes
12387	Instagram Video Views - [Samoa ðŸ‡·ðŸ‡¼] [No Refill] [Unlimited] [Speed 1M/Day]	456.2644	100	10 000 000	No Refill	23 minutes
12388	Instagram Video Views - [San Marino ðŸ‡¸ðŸ‡²] [No Refill] [Unlimited] [Speed 1M/Day]	456.2644	100	10 000 000	No Refill	11 minutes
12389	Instagram Video Views - [San ðŸ‡¸ðŸ‡²] [No Refill] [Unlimited] [Speed 1M/Day]	456.2644	100	10 000 000	No Refill	33 minutes
12390	Instagram Video Views - [Saudi Arabia ðŸ‡¸ðŸ‡¦] [No Refill] [Unlimited] [Speed 1M/Day]	456.2644	100	10 000 000	No Refill	55 minutes
12391	Instagram Video Views - [Seychelles ðŸ‡¸ðŸ‡¨] [No Refill] [Unlimited] [Speed 1M/Day]	456.2644	100	10 000 000	No Refill	16 minutes
12392	Instagram Video Views - [Sierra ðŸ‡¸ðŸ‡±] [No Refill] [Unlimited] [Speed 1M/Day]	456.2644	100	10 000 000	No Refill	11 minutes
12393	Instagram Video Views - [Single Opera ðŸ‡°ðŸ‡¿] [No Refill] [Unlimited] [Speed 1M/Day]	456.2644	100	10 000 000	No Refill	23 minutes
12394	Instagram Video Views - [Slovakia ðŸ‡¸ðŸ‡°] [No Refill] [Unlimited] [Speed 1M/Day]	456.2644	100	10 000 000	No Refill	11 minutes
12395	Instagram Video Views - [Slovenia ðŸ‡¸ðŸ‡®] [No Refill] [Unlimited] [Speed 1M/Day]	456.2644	100	10 000 000	No Refill	17 minutes
12396	Instagram Video Views - [Soloman ðŸ‡¸ðŸ‡§] [No Refill] [Unlimited] [Speed 1M/Day]	456.2644	100	10 000 000	No Refill	17 minutes
12397	Instagram Video Views - [Somali ðŸ‡¸ðŸ‡´] [No Refill] [Unlimited] [Speed 1M/Day]	456.2644	100	10 000 000	No Refill	33 minutes
12398	Instagram Video Views - [South African ðŸ‡¿ðŸ‡¦] [No Refill] [Unlimited] [Speed 1M/Day]	456.2644	100	10 000 000	No Refill	55 minutes
12399	Instagram Video Views - [South Georgia ðŸ‡¬ðŸ‡ª] [No Refill] [Unlimited] [Speed 1M/Day]	456.2644	100	10 000 000	No Refill	55 minutes
12400	Instagram Video Views - [Sri Lankan ðŸ‡±ðŸ‡°] [No Refill] [Unlimited] [Speed 1M/Day]	456.2644	100	10 000 000	No Refill	16 minutes
12401	Instagram Video Views - [Elena ðŸ‡¸ðŸ‡§] [No Refill] [Unlimited] [Speed 1M/Day]	456.2644	100	10 000 000	No Refill	16 minutes
12402	Instagram Video Views - [Pierre ðŸ‡±ðŸ‡»] [No Refill] [Unlimited] [Speed 1M/Day]	456.2644	100	10 000 000	No Refill	22 minutes
12403	Instagram Video Views - [Water ðŸ‡¸ðŸ‡©] [No Refill] [Unlimited] [Speed 1M/Day]	456.2644	100	10 000 000	No Refill	33 minutes
12404	Instagram Video Views - [Suriname ðŸ‡¸ðŸ‡·] [No Refill] [Unlimited] [Speed 1M/Day]	456.2644	100	10 000 000	No Refill	55 minutes
12405	Instagram Video Views - [Svalbard ðŸ‡¸ðŸ‡¿] [No Refill] [Unlimited] [Speed 1M/Day]	456.2644	100	10 000 000	No Refill	17 minutes
12406	Instagram Video Views - [Swalziand ðŸ‡¸ðŸ‡¿] [No Refill] [Unlimited] [Speed 1M/Day]	456.2644	100	10 000 000	No Refill	11 minutes
12407	Instagram Video Views - [Sweden ðŸ‡¸ðŸ‡ª] [No Refill] [Unlimited] [Speed 1M/Day]	456.2644	100	10 000 000	No Refill	55 minutes
12408	Instagram Video Views - [Switzerland ðŸ‡¨ðŸ‡­] [No Refill] [Unlimited] [Speed 1M/Day]	456.2644	100	10 000 000	No Refill	16 hours 16 minutes
12409	Instagram Video Views - [Syrian Arab ðŸ‡¸ðŸ‡¾] [No Refill] [Unlimited] [Speed 1M/Day]	456.2644	100	10 000 000	No Refill	55 minutes
12410	Instagram Video Views - [Taiwan ðŸ‡¹ðŸ‡¼] [No Refill] [Unlimited] [Speed 1M/Day]	456.2644	100	10 000 000	No Refill	33 minutes
12411	Instagram Video Views - [Tajikistan ðŸ‡¹ðŸ‡¯] [No Refill] [Unlimited] [Speed 1M/Day]	456.2644	100	10 000 000	No Refill	22 minutes
12412	Instagram Video Views - [Tanzania ðŸ‡¹ðŸ‡¿] [No Refill] [Unlimited] [Speed 1M/Day]	456.2644	100	10 000 000	No Refill	17 minutes
12413	Instagram Video Views - [Tokelau ðŸ‡¹ðŸ‡°] [No Refill] [Unlimited] [Speed 1M/Day]	456.2644	100	10 000 000	No Refill	22 minutes
12414	Instagram Video Views - [Trinidad ðŸ‡ºðŸ‡¬] [No Refill] [Unlimited] [Speed 1M/Day]	456.2644	100	10 000 000	No Refill	16 minutes
12415	Instagram Video Views - [Trinidad Tobaga ðŸ‡¹ðŸ‡»] [No Refill] [Unlimited] [Speed 1M/Day]	456.2644	100	10 000 000	No Refill	33 minutes
12416	Instagram Video Views - [Tunisian ðŸ‡¹ðŸ‡³] [No Refill] [Unlimited] [Speed 1M/Day]	456.2644	100	10 000 000	No Refill	17 minutes
12417	Instagram Video Views - [Turkmenistan ðŸ‡¹ðŸ‡²] [No Refill] [Unlimited] [Speed 1M/Day]	456.2644	100	10 000 000	No Refill	22 minutes
12418	Instagram Video Views - [Caicos ðŸ‡¬ðŸ‡®] [No Refill] [Unlimited] [Speed 1M/Day]	456.2644	100	10 000 000	No Refill	22 minutes
12419	Instagram Video Views - [Tuvalu ðŸ‡¹ðŸ‡»] [No Refill] [Unlimited] [Speed 1M/Day]	456.2644	100	10 000 000	No Refill	23 minutes
12420	Instagram Video Views - [Ugando ðŸ‡ºðŸ‡¬] [No Refill] [Unlimited] [Speed 1M/Day]	456.2644	100	10 000 000	No Refill	22 minutes
12421	Instagram Video Views - [United Arab ðŸ‡¦ðŸ‡ª] [No Refill] [Unlimited] [Speed 1M/Day]	456.2644	100	10 000 000	No Refill	23 minutes
12422	Instagram Video Views - [UK ðŸ‡»ðŸ‡¬] [No Refill] [Unlimited] [Speed 1M/Day]	456.2644	100	10 000 000	No Refill	23 minutes
12424	Instagram Video Views - [Uruguayan ðŸ‡ºðŸ‡¾] [No Refill] [Unlimited] [Speed 1M/Day]	456.2644	100	10 000 000	No Refill	22 minutes
12425	Instagram Video Views - [Uzbekistan ðŸ‡ºðŸ‡¿] [No Refill] [Unlimited] [Speed 1M/Day]	456.2644	100	10 000 000	No Refill	45 hours 36 minutes
12426	Instagram Video Views - [Vanuatu ðŸ‡»ðŸ‡º] [No Refill] [Unlimited] [Speed 1M/Day]	456.2644	100	10 000 000	No Refill	22 minutes
12427	Instagram Video Views - [Venezuela ðŸ‡»ðŸ‡ª] [No Refill] [Unlimited] [Speed 1M/Day]	456.2644	100	10 000 000	No Refill	16 minutes
12428	Instagram Video Views - [Virgin Islands ðŸ‡ªðŸ‡ª] [No Refill] [Unlimited] [Speed 1M/Day]	456.2644	100	10 000 000	No Refill	17 minutes
12429	Instagram Video Views - [Virgin Islands ðŸ‡ªðŸ‡ª] [No Refill] [Unlimited] [Speed 1M/Day]	456.2644	100	10 000 000	No Refill	22 minutes
12430	Instagram Video Views - [Futuna ðŸ‡¹ðŸ‡±] [No Refill] [Unlimited] [Speed 1M/Day]	456.2644	100	10 000 000	No Refill	23 minutes
12431	Instagram Video Views - [Western Sahara ðŸ‡ªðŸ‡­] [No Refill] [Unlimited] [Speed 1M/Day]	456.2644	100	10 000 000	No Refill	16 minutes
12432	Instagram Video Views - [Yemen ðŸ‡¾ðŸ‡ª] [No Refill] [Unlimited] [Speed 1M/Day]	456.2644	100	10 000 000	No Refill	55 minutes
12433	Instagram Video Views - [Yugoslavia ðŸ‡¿ðŸ‡¼] [No Refill] [Unlimited] [Speed 1M/Day]	456.2644	100	10 000 000	No Refill	55 minutes
12434	Instagram Video Views - [Zambia ðŸ‡¿ðŸ‡²] [No Refill] [Unlimited] [Speed 1M/Day]	456.2644	100	10 000 000	No Refill	55 minutes
12435	Instagram Video Views - [Zimbabwe ðŸ‡¿ðŸ‡¼] [No Refill] [Unlimited] [Speed 1M/Day]	456.2644	100	10 000 000	No Refill	16 minutes
12436	Instagram Video Views - [Afghanistan ðŸ‡¦ðŸ‡«] [No Refill] [Unlimited] [Speed 1M/Day]	456.2644	100	10 000 000	No Refill	22 minutes
12437	Instagram Video Views - [Albanian ðŸ‡¦ðŸ‡±] [No Refill] [Unlimited] [Speed 1M/Day]	456.2644	100	10 000 000	No Refill	18 hours 2 minutes
12438	Instagram Video Views - [Algerian ðŸ‡©ðŸ‡¿] [No Refill] [Unlimited] [Speed 1M/Day]	456.2644	100	10 000 000	No Refill	55 minutes
12439	Instagram Video Views - [American ðŸ‡ºðŸ‡¸] [No Refill] [Unlimited] [Speed 1M/Day]	456.2644	100	10 000 000	No Refill	33 minutes
12440	Instagram Video Views - [Andorra ðŸ‡¦ðŸ‡©] [No Refill] [Unlimited] [Speed 1M/Day]	456.2644	100	10 000 000	No Refill	55 minutes
12441	Instagram Video Views - [Angola ðŸ‡¦ðŸ‡´] [No Refill] [Unlimited] [Speed 1M/Day]	456.2644	100	10 000 000	No Refill	22 minutes
12442	Instagram Video Views - [Antarctica ðŸ‡¦ðŸ‡¶] [No Refill] [Unlimited] [Speed 1M/Day]	456.2644	100	10 000 000	No Refill	55 minutes
12443	Instagram Video Views - [Antigua ðŸ‡¦ðŸ‡¬] [No Refill] [Unlimited] [Speed 1M/Day]	456.2644	100	10 000 000	No Refill	55 minutes
12444	Instagram Video Views - [Argentina ðŸ‡¦ðŸ‡·] [No Refill] [Unlimited] [Speed 1M/Day]	456.2644	100	10 000 000	No Refill	22 minutes
12445	Instagram Video Views - [Armenia ðŸ‡¦ðŸ‡²] [No Refill] [Unlimited] [Speed 1M/Day]	456.2644	100	10 000 000	No Refill	33 minutes
12446	Instagram Video Views - [Aruba ðŸ‡¦ðŸ‡¼] [No Refill] [Unlimited] [Speed 1M/Day]	456.2644	100	10 000 000	No Refill	33 minutes
12447	Instagram Video Views - [Australian ðŸ‡¦ðŸ‡¹] [No Refill] [Unlimited] [Speed 1M/Day]	456.2644	100	10 000 000	No Refill	55 minutes
12448	Instagram Video Views - [Austria ðŸ‡¦ðŸ‡º] [No Refill] [Unlimited] [Speed 1M/Day]	456.2644	100	10 000 000	No Refill	55 minutes
12449	Instagram Video Views - [Azerbaijan ðŸ‡¦ðŸ‡¿] [No Refill] [Unlimited] [Speed 1M/Day]	456.2644	100	10 000 000	No Refill	33 minutes
12450	Instagram Video Views - [Bahamas ðŸ‡§ðŸ‡¸] [No Refill] [Unlimited] [Speed 1M/Day]	456.2644	100	10 000 000	No Refill	17 minutes
12451	Instagram Video Views - [Bahrain ðŸ‡§ðŸ‡­] [No Refill] [Unlimited] [Speed 1M/Day]	456.2644	100	10 000 000	No Refill	11 minutes
12452	Instagram Video Views - [Barbados ðŸ‡§ðŸ‡§] [No Refill] [Unlimited] [Speed 1M/Day]	456.2644	100	10 000 000	No Refill	23 minutes
12453	Instagram Video Views - [Belarus ðŸ‡§ðŸ‡¾] [No Refill] [Unlimited] [Speed 1M/Day]	456.2644	100	10 000 000	No Refill	22 minutes
12454	Instagram Video Views - [Belgium ðŸ‡§ðŸ‡ª] [No Refill] [Unlimited] [Speed 1M/Day]	456.2644	100	10 000 000	No Refill	11 minutes
12455	Instagram Video Views - [Belize ðŸ‡§ðŸ‡¿] [No Refill] [Unlimited] [Speed 1M/Day]	456.2644	100	10 000 000	No Refill	55 minutes
12456	Instagram Video Views - [Benin ðŸ‡§ðŸ‡¯] [No Refill] [Unlimited] [Speed 1M/Day]	456.2644	100	10 000 000	No Refill	11 minutes
12457	Instagram Video Views - [Bermudas ðŸ‡§ðŸ‡²] [No Refill] [Unlimited] [Speed 1M/Day]	456.2644	100	10 000 000	No Refill	33 minutes
12458	Instagram Video Views - [Butane ðŸ‡§ðŸ‡¹] [No Refill] [Unlimited] [Speed 1M/Day]	456.2644	100	10 000 000	No Refill	55 minutes
12459	Instagram Video Views - [Bolivia ðŸ‡§ðŸ‡´] [No Refill] [Unlimited] [Speed 1M/Day]	456.2644	100	10 000 000	No Refill	11 minutes
12460	Instagram Video Views - [Bosnia ðŸ‡§ðŸ‡¦] [No Refill] [Unlimited] [Speed 1M/Day]	456.2644	100	10 000 000	No Refill	23 minutes
12461	Instagram Video Views - [Botswana ðŸ‡§ðŸ‡¼] [No Refill] [Unlimited] [Speed 1M/Day]	456.2644	100	10 000 000	No Refill	17 minutes
12462	Instagram Video Views - [Bouve ðŸ‡§ðŸ‡¼] [No Refill] [Unlimited] [Speed 1M/Day]	456.2644	100	10 000 000	No Refill	17 minutes
12463	Instagram Video Views - [British ðŸ‡»ðŸ‡¬] [No Refill] [Unlimited] [Speed 1M/Day]	456.2644	100	10 000 000	No Refill	55 minutes
12464	Instagram Video Views - [Bunei ðŸ‡§ðŸ‡³] [No Refill] [Unlimited] [Speed 1M/Day]	456.2644	100	10 000 000	No Refill	16 minutes
12465	Instagram Video Views - [Bulgaria ðŸ‡§ðŸ‡¬] [No Refill] [Unlimited] [Speed 1M/Day]	456.2644	100	10 000 000	No Refill	17 minutes
12466	Instagram Video Views - [Burkino ðŸ‡§ðŸ‡«] [No Refill] [Unlimited] [Speed 1M/Day]	456.2644	100	10 000 000	No Refill	33 minutes
12467	Instagram Video Views - [Cambodia ðŸ‡°ðŸ‡­] [No Refill] [Unlimited] [Speed 1M/Day]	456.2644	100	10 000 000	No Refill	55 minutes
12468	Instagram Video Views - [Cameroon ðŸ‡¨ðŸ‡²] [No Refill] [Unlimited] [Speed 1M/Day]	456.2644	100	10 000 000	No Refill	55 minutes
12469	Instagram Video Views - [Canadian ðŸ‡¨ðŸ‡¦] [No Refill] [Unlimited] [Speed 1M/Day]	456.2644	100	10 000 000	No Refill	6 hours 50 minutes
12470	Instagram Video Views - [Cape Verde ðŸ‡¨ðŸ‡»] [No Refill] [Unlimited] [Speed 1M/Day]	456.2644	100	10 000 000	No Refill	55 minutes
12471	Instagram Video Views - [Cayman Islands ðŸ‡°ðŸ‡¾] [No Refill] [Unlimited] [Speed 1M/Day]	456.2644	100	10 000 000	No Refill	17 minutes
12472	Instagram Video Views - [African ðŸŒ] [No Refill] [Unlimited] [Speed 1M/Day]	456.2644	100	10 000 000	No Refill	17 minutes
12473	Instagram Video Views - [Chad ðŸ‡¹ðŸ‡©] [No Refill] [Unlimited] [Speed 1M/Day]	456.2644	100	10 000 000	No Refill	33 minutes
12474	Instagram Video Views - [Chile ðŸ‡¨ðŸ‡±] [No Refill] [Unlimited] [Speed 1M/Day]	456.2644	100	10 000 000	No Refill	23 minutes
12475	Instagram Video Views - [Chinese ðŸ‡¨ðŸ‡³] [No Refill] [Unlimited] [Speed 1M/Day]	456.2644	100	10 000 000	No Refill	23 minutes
12476	Instagram Video Views - [Christmas ðŸ‡¨ðŸ‡³] [No Refill] [Unlimited] [Speed 1M/Day]	456.2644	100	10 000 000	No Refill	55 minutes
12477	Instagram Video Views - [Colombia ðŸ‡¨ðŸ‡´] [No Refill] [Unlimited] [Speed 1M/Day]	456.2644	100	10 000 000	No Refill	22 minutes
12478	Instagram Video Views - [Comoros ðŸ‡°ðŸ‡²] [No Refill] [Unlimited] [Speed 1M/Day]	456.2644	100	10 000 000	No Refill	11 minutes
12479	Instagram Video Views - [Congo ðŸ‡¨ðŸ‡¬] [No Refill] [Unlimited] [Speed 1M/Day]	456.2644	100	10 000 000	No Refill	22 minutes
12480	Instagram Video Views - [Democrotic ðŸ‡¨ðŸ‡¬] [No Refill] [Unlimited] [Speed 1M/Day]	456.2644	100	10 000 000	No Refill	11 minutes
12481	Instagram Video Views - [Cook Islands ðŸ‡¨ðŸ‡°] [No Refill] [Unlimited] [Speed 1M/Day]	456.2644	100	10 000 000	No Refill	16 minutes
12482	Instagram Video Views - [Costa Rica ðŸ‡¨ðŸ‡·] [No Refill] [Unlimited] [Speed 1M/Day]	456.2644	100	10 000 000	No Refill	55 minutes
12483	Instagram Video Views - [Beach ðŸ‡¨ðŸ‡©] [No Refill] [Unlimited] [Speed 1M/Day]	456.2644	100	10 000 000	No Refill	33 minutes
12484	Instagram Video Views - [TÃ¼rkiye ðŸ‡¹ðŸ‡·] [No Refill] [Unlimited] [Speed 1M/Day]	456.2644	100	10 000 000	No Refill	15 hours 18 minutes
10030	Instagram Saves - [Max 500K] [ð†ð¨ð¨ð ðð®ðšð¥ð¢ð­ð²] [Speed 50K/Day] [INSTANT]	27.821	10	500 000	No Refill	136 hours 43 minutes
5533	Instagram Saves - [Max 100K] [Speed 30K/Day] [INSTANT]	21.70038	15	100 000	No Refill	19 minutes
10540	Instagram Profile Visitsï¼‹Reachï¼‹Interactionï¼‹Impressions - [ð‘ð„ð€ð‹ & ðŽð‘ð†ð€ððˆð‚] [Max 100K] [Speed 100K/Day] [INSTANT]	22.2568	100	1 000 000	30 Days Refill	1 hour 45 minutes
10031	Instagram Saves - [Max 300K] [ð‘ð„ð€ð‹ - ð’ð®ð©ðžð« ð…ðšð¬ð­] [Speed 100K/Day] [INSTANT]	33.3852	20	300 000	No Refill	103 hours 54 minutes
5520	Instagram Saves - [Max 50K] [Speed 10-15K/Day] [Always Instant & Working]	22.2568	100	50 000	No Refill	156 hours 49 minutes
5535	Instagram Saves - [Max 20K] [Speed 20K/Day] [Always Instant & Working] [ð‘ðžðœð¨ð¦ð¦ðžð§ððžð]	27.821	100	20 000	No Refill	103 hours 43 minutes
15955	Instagram Impressions + Views From Explore [ðð‡ðŽð“ðŽð’ ðŽðð‹ð˜] - [Max 1M] [Speed 100K/Day] [INSTANT]	11.1284	10	100 000	No Refill	6 minutes
5523	Instagram Share + Impressions + Reach [Max 100K] [Speed 10-20K/Day] [Always Instant] [ð‘ðžðœð¨ð¦ð¦ðžð§ððžð]	66.7704	10	1 000 000	No Refill	8 minutes
15954	Instagram Impressions + Reach From Explore [Max 200K] [Speed 10-20K/Day] [Always Instant] [ð‘ðžðœð¨ð¦ð¦ðžð§ððžð]	33.3852	10	200 000	No Refill	18 minutes
5521	Instagram Impressions - [Max 10K] [Speed 10K/Day] [INSTANT]	32.82878	10	10 000	No Refill	19 minutes
5530	Instagram Impressions + Reach - [Max 5M] [Speed 100K/Day] [Always Instant] [ð‘ðžðœð¨ð¦ð¦ðžð§ððžð]	89.0272	10	5 000 000	No Refill	32 hours 10 minutes
10035	Instagram Impressions + Reach [Max 50K] [Speed 50K/Day] [Always Instant]	27.821	100	50 000	No Refill	2 minutes
5524	Instagram Impressions + Reach [Max 1M] [Speed 20-50K/Day] [INSTANT]	30.04668	100	1 000 000	No Refill	28 minutes
5522	Instagram Impressions + Reach [Max 500K] [Speed 50-100K/Day] [INSTANT]	37.83656	100	500 000	No Refill	2 minutes
5537	Instagram Impressions + Reach [Max 1M] [Speed 50K/Day] [Always Instant]	27.821	100	1 000 000	No Refill	2 minutes
5532	Instagram Profile Visits - [Max 5M] [Speed 100k/Day] [Always Instant & Working]	22.2568	100	5 000 000	No Refill	1 minute
15721	Instagram SPLIT Impressions + Reach on Last 10 Instagram Posts âž— | Super-Fast âš¡ï¸ [Enter Username]	100.1556	1 000	100 000	No Refill	44 minutes
15722	Instagram SPLIT Impressions + Reach on Last 20 Instagram Posts âž— | Super-Fast âš¡ï¸ [Enter Username]	100.1556	2 000	100 000	No Refill	13 minutes
15723	Instagram SPLIT Impressions + Reach on Last 30 Instagram Posts âž— | Super-Fast âš¡ï¸ [Enter Username]	100.1556	3 000	100 000	No Refill	16 minutes
15724	Instagram SPLIT Impressions + Reach on Last 40 Instagram Posts âž— | Super-Fast âš¡ï¸ [Enter Username]	100.1556	4 000	100 000	No Refill	55 minutes
15725	Instagram SPLIT Impressions + Reach on Last 50 Instagram Posts âž— | Super-Fast âš¡ï¸ [Enter Username]	100.1556	5 000	100 000	No Refill	16 minutes
15726	Instagram SPLIT Impressions + Reach on Last 100 Instagram Posts âž— | Super-Fast âš¡ï¸ [Enter Username]	100.1556	10 000	100 000	No Refill	33 minutes
15727	Instagram SPLIT Impressions + Reach on Last 200 Instagram Posts âž— | Super-Fast âš¡ï¸ [Enter Username]	100.1556	20 000	200 000	No Refill	23 minutes
15728	Instagram SPLIT Impressions + Reach on Last 300 Instagram Posts âž— | Super-Fast âš¡ï¸ [Enter Username]	100.1556	30 000	200 000	No Refill	33 minutes
15729	Instagram SPLIT Impressions + Reach on Last 400 Instagram Posts âž— | Super-Fast âš¡ï¸ [Enter Username]	100.1556	40 000	200 000	No Refill	16 minutes
15730	Instagram SPLIT Impressions + Reach on Last 500 Instagram Posts âž— | Super-Fast âš¡ï¸ [Enter Username]	100.1556	50 000	200 000	No Refill	22 minutes
15711	Instagram SPLIT Saves on Last 10 Instagram Posts âž— | Super-Fast âš¡ï¸ [Enter Username]	100.1556	1 000	100 000	No Refill	55 minutes
15712	Instagram SPLIT Saves on Last 20 Instagram Posts âž— | Super-Fast âš¡ï¸ [Enter Username]	100.1556	2 000	100 000	No Refill	1 hour 8 minutes
15713	Instagram SPLIT Saves on Last 30 Instagram Posts âž— | Super-Fast âš¡ï¸ [Enter Username]	100.1556	3 000	100 000	No Refill	11 minutes
15714	Instagram SPLIT Saves on Last 40 Instagram Posts âž— | Super-Fast âš¡ï¸ [Enter Username]	100.1556	4 000	100 000	No Refill	16 minutes
15715	Instagram SPLIT Saves on Last 50 Instagram Posts âž— | Super-Fast âš¡ï¸ [Enter Username]	100.1556	5 000	100 000	No Refill	11 minutes
15716	Instagram SPLIT Saves on Last 100 Instagram Posts âž— | Super-Fast âš¡ï¸ [Enter Username]	100.1556	10 000	100 000	No Refill	17 minutes
15717	Instagram SPLIT Saves on Last 200 Instagram Posts âž— | Super-Fast âš¡ï¸ [Enter Username]	100.1556	20 000	200 000	No Refill	33 minutes
15718	Instagram SPLIT Saves on Last 300 Instagram Posts âž— | Super-Fast âš¡ï¸ [Enter Username]	100.1556	30 000	200 000	No Refill	33 minutes
15719	Instagram SPLIT Saves on Last 400 Instagram Posts âž— | Super-Fast âš¡ï¸ [Enter Username]	100.1556	40 000	200 000	No Refill	33 minutes
15720	Instagram SPLIT Saves on Last 500 Instagram Posts âž— | Super-Fast âš¡ï¸ [Enter Username]	100.1556	50 000	200 000	No Refill	55 minutes
5495	Instagram Live - [ð•ð¢ððžð¨ ð‹ð¢ð¤ðžð¬] [Max 30K] [Speed 10K/Day]	50.0778	1	30 000	No Refill	11 minutes
5497	Instagram Live - [ð•ð¢ððžð¨ ð‚ð¨ð¦ð¦ðžð§ð­ð¬] [Random] [Max 2K] [INSTANT]	3828.1696	50	2 000	No Refill	17 minutes
5482	Instagram Reel Views - [ð•ð¢ððžð¨ + ð‘ðžðžð¥ + ðˆð†ð“ð•] [Unlimited] [Speed 1M/Day] [INSTANT]	11.1284	100	2 147 483 647	No Refill	7 minutes
3451	Instagram Reel Views - [ð•ð¢ððžð¨ + ð‘ðžðžð¥ + ðˆð†ð“ð•] [Unlimited] [Speed 1M/HR] [INSTANT] [ð‘ðžðœð¨ð¦ð¦ðžð§ððžð ]	16.6926	10	100 000 000	No Refill	6 minutes
5481	Instagram Reel Views - [ð•ð¢ððžð¨ + ð‘ðžðžð¥ + ðˆð†ð“ð•] [Unlimited] [1-2M/Day] [INSTANT]	66.7704	100	2 147 483 647	No Refill	3 minutes
3437	Instagram Reel Views - [Trending] [Unlimited] [INSTANT]	77.8988	100	2 147 483 647	No Refill	6 minutes
5485	Instagram Reel Likes - [Max 30K] [Speed 1-3K/Day] [INSTANT]	228.1322	1	30 000	No Refill	15 minutes
5484	Instagram Reel Likes - [ð†ð¨ð¨ð ðð®ðšð¥ð¢ð­ð²] [30 Days Refill] [Max 50K] [ð€ð”ð“ðŽ ð‘ð„ð…ðˆð‹ð‹] [Non-Drop] [Speed 25K/Day] [Always Instant]	127.9766	10	50 000	30 Days Refill	6 minutes
3454	Instagram Reel Likes - [ððžð¬ð­ ðð®ðšð¥ð¢ð­ð²] [30 Days Refill] [Max 50K] [Speed 25K/Day] [Always Instant] [ð‘ð„ð‚ðŽðŒðŒð„ððƒð„ðƒ]	105.7198	10	50 000	30 Days Refill	9 minutes
3448	Instagram Reel Comments - [Custom] [ð‘ð„ð€ð‹ & ð‡ð] [Max 100K] [Speed 10-20K/Day] [Always Instant] [ð‘ðžðœð¨ð¦ð¦ðžð§ððžð]	267.0816	10	100 000	No Refill	3 minutes
3449	Instagram Reel Comments - [Random] [ð†ð¨ð¨ð ðð®ðšð¥ð¢ð­ð²] [Max 150K] [Speed 50K/Day] [Always Instant]	2531.711	10	150 000	No Refill	44 minutes
5483	Instagram Reel Comments - [Emoji] [ð†ð¨ð¨ð ðð®ðšð¥ð¢ð­ð²] [Max 10K] [Speed 10K/Day] [INSTANT]	2531.711	10	10 000	No Refill	55 minutes
3442	Instagram Reel Saves - [Max 50K] [Speed 10-15K/Day] [Always Instant & Working]	22.2568	100	50 000	No Refill	120 hours 21 minutes
3445	Instagram Reel Saves - [Max 20K] [Speed 20K/Day] [Always Instant & Working] [ð‘ðžðœð¨ð¦ð¦ðžð§ððžð]	111.284	50	200 000	No Refill	121 hours 32 minutes
7202	Instagram IGTV Views - [ð•ð¢ððžð¨ + ð‘ðžðžð¥ + ðˆð†ð“ð•] [Unlimited] [Speed 1M/Day] [INSTANT]	5.5642	100	1 000 000	No Refill	55 minutes
7201	Instagram IGTV Views - [ð•ð¢ððžð¨ + ð‘ðžðžð¥ + ðˆð†ð“ð•] [Unlimited] [Speed 1M/HR] [INSTANT] [ð‘ðžðœð¨ð¦ð¦ðžð§ððžð ]	2.22568	100	10 000 000	No Refill	4 minutes
7203	Instagram IGTV Views - [ð•ð¢ððžð¨ + ð‘ðžðžð¥ + ðˆð†ð“ð•] [Unlimited] [Speed 1M/HR] [INSTANT]	5.5642	100	2 000 000 000	No Refill	55 minutes
7204	Instagram IGTV Views - [ð•ð¢ðžð°ð¬ + ð‘ðžðšðœð¡ + ðð«ð¨ðŸð¢ð¥ðž ð•ð¢ð¬ð¢ð­] [Unlimited] [Speed 100K/Day] [INSTANT]	33.3852	100	1 000 000	No Refill	22 minutes
8439	Instagram IGTV Views - [Trending] [Unlimited] [INSTANT]	161.3618	100	2 147 483 647	No Refill	22 minutes
5546	Instagram IGTV Likes - [ð†ð¨ð¨ð ðð®ðšð¥ð¢ð­ð²] [30 Days Refill] [Max 50K] [ð€ð”ð“ðŽ ð‘ð„ð…ðˆð‹ð‹] [Non-Drop] [Speed 25K/Day] [Always Instant]	77.8988	10	50 000	30 Days Refill	11 minutes
7208	Instagram IGTV Likes - [ððžð¬ð­ ðð®ðšð¥ð¢ð­ð²] [30 Days Refill] [Max 50K] [Speed 25K/Day] [Always Instant] [ð‘ð„ð‚ðŽðŒðŒð„ððƒð„ðƒ]	205.8754	10	50 000	30 Days Refill	22 minutes
5547	Instagram IGTV Likes - [ððžð¬ð­ ðð®ðšð¥ð¢ð­ð²] [30 Days Refill] [Max 50K] [ð€ð”ð“ðŽ ð‘ð„ð…ðˆð‹ð‹] [Speed 50K/Day] [Always Instant] [ð‘ð„ð‚ðŽðŒðŒð„ððƒð„ðƒ]	200.3112	10	50 000	30 Days Refill	23 minutes
5549	Instagram IGTV Comments - [Custom] [ð‘ð„ð€ð‹ & ð‡ð] [Max 100K] [Speed 10-20K/Day] [Always Instant] [ð‘ðžðœð¨ð¦ð¦ðžð§ððžð]	267.0816	10	100 000	No Refill	4 minutes
7220	Instagram IGTV Comments - [Random] [ð†ð¨ð¨ð ðð®ðšð¥ð¢ð­ð²] [Max 150K] [Speed 50K/Day] [Always Instant]	2631.8666	10	150 000	No Refill	23 minutes
7221	Instagram IGTV Comments - [Emoji] [ð†ð¨ð¨ð ðð®ðšð¥ð¢ð­ð²] [Max 10K] [Speed 10K/Day] [INSTANT]	2631.8666	10	10 000	No Refill	16 minutes
5548	Instagram IGTV Saves - [Max 50K] [Speed 10-15K/Day] [Always Instant & Working]	27.821	10	50 000	No Refill	4 hours 31 minutes
7217	Instagram IGTV Saves - [Max 200K] [Speed 50K/Day] [Always Instant & Working] [ð‘ðžðœð¨ð¦ð¦ðžð§ððžð]	66.7704	100	200 000	No Refill	17 minutes
15831	Instagram Shares [Lifetime Warranty] [Unlimited] [2M/Day] [INSTANT]	50.0778	10	1 000 000	Lifetime Refill	5 minutes
15830	Instagram Shares [Lifetime Warranty] [Unlimited] [Speed 500K/Day] [INSTANT]	66.7704	100	1 000 000	Lifetime Refill	10 minutes
15832	Instagram Shares + Engagement [Lifetime Warranty] [Unlimited] [3K/Day] [INSTANT]	66.7704	10	1 000 000	Lifetime Refill	7 minutes
15833	Instagram Shares + Engagement + Reach [Lifetime Warranty] [Unlimited] [5K/Day] [INSTANT]	66.7704	10	1 000 000	Lifetime Refill	10 minutes
10541	Instagram Shares - [ð‘ð„ð€ð‹ & ðŽð‘ð†ð€ððˆð‚] [Unlimited] [Speed 100K/Day] [INSTANT]	116.8482	10	1 000 000	No Refill	9 minutes
9040	Instagram Story - Views [Max 200K] [Speed 100K/Day] [Always Instant]	72.3346	10	200 000	No Refill	2 hours 13 minutes
15835	Instagram Story Views [Max 30K] [Speed 5-10K/Day] [Always Instant]	66.7704	100	15 000	No Refill	2 hours 31 minutes
5455	Instagram Story - Views [ð‘ð„ð€ð‹] [30 Days Refill] [Max 100K] [Speed 5K/HR] [All Stories] [Always Instant] [ð‘ðžðœð¨ð¦ð¦ðžð§ððžð]	105.7198	100	5 000	30 Days Refill	5 minutes
5454	Instagram Story - [Views + Likes] - [ð‘ð„ð€ð‹] [30 Days Refill] [Max 5K] [Speed 5-10K/Day] [All Stories] [Always Instant] [ð‘ðžðœð¨ð¦ð¦ðžð§ððžð]	94.5914	10	5 000	30 Days Refill	1 hour 46 minutes
5453	Instagram Story - Views [30 Days Refill] [Max 100K] [Speed 10K/Day] [All Stories] [Always Instant]	66.7704	50	5 000	30 Days Refill	6 hours 12 minutes
5452	Instagram Story - Views [30 Days Refill] [Max 10K] [Speed 10K/Day] [All Stories] [INSTANT]	77.8988	100	10 000	30 Days Refill	2 hours 58 minutes
5458	Instagram Story Views + Reach [Max 10K] [Speed 10k/Day] [0-30Mins]	94.5914	10	10 000	7 Days Refill	9 minutes
15800	Instagram Channel Member | Global ðŸŒŽ | Max 1M | 100% Real Organic Users | 500K/Day [0-10Mins]	639.883	10	1 000 000	No Refill	11 minutes
15801	Instagram Channel Member | USA ðŸ‡ºðŸ‡¸ | Max 1M | 100% Real Organic Users | 500K/Day [0-10Mins]	639.883	10	1 000 000	No Refill	16 minutes
15802	Instagram Channel Member | Arab ðŸ‡¸ðŸ‡¦ | Max 1M | 100% Real Organic Users | 500K/Day [0-10Mins]	639.883	10	1 000 000	No Refill	17 minutes
15803	Instagram Channel Member | Turkey ðŸ‡¹ðŸ‡· | Max 1M | 100% Real Organic Users | 500K/Day [0-10Mins]	639.883	10	1 000 000	No Refill	23 minutes
15804	Instagram Channel Member | Europe ðŸ‡ªðŸ‡º | Max 1M | 100% Real Organic Users | 500K/Day [0-10Mins]	639.883	10	1 000 000	No Refill	33 minutes
15805	Instagram Channel Member | Azerbaijan ðŸ‡¦ðŸ‡¿ | Max 1M | 100% Real Organic Users | 500K/Day [0-10Mins]	639.883	10	1 000 000	No Refill	16 minutes
15806	Instagram Channel Member | Latin America ðŸ‡¦ðŸ‡· | Max 1M | 100% Real Organic Users | 500K/Day [0-10Mins]	639.883	10	1 000 000	No Refill	55 minutes
15807	Instagram Channel Member | India ðŸ‡®ðŸ‡³ | Max 1M | 100% Real Organic Users | 500K/Day [0-10Mins]	639.883	10	1 000 000	No Refill	17 minutes
15808	Instagram Channel Member | Brazil ðŸ‡§ðŸ‡· | Max 1M | 100% Real Organic Users | 500K/Day [0-10Mins]	639.883	10	1 000 000	No Refill	17 minutes
15809	Instagram Channel Member | Vietnam ðŸ‡»ðŸ‡³ | Max 1M | 100% Real Organic Users | 500K/Day [0-10Mins]	639.883	10	1 000 000	No Refill	16 minutes
15810	Instagram Channel Member | Thailand ðŸ‡¹ðŸ‡­ | Max 1M | 100% Real Organic Users | 500K/Day [0-10Mins]	639.883	10	1 000 000	No Refill	16 minutes
15811	Instagram Channel Member | Nigeria ðŸ‡³ðŸ‡¬ | Max 1M | 100% Real Organic Users | 500K/Day [0-10Mins]	639.883	10	1 000 000	No Refill	22 minutes
15812	Instagram Channel Member | Pakistan ðŸ‡µðŸ‡° | Max 1M | 100% Real Organic Users | 500K/Day [0-10Mins]	639.883	10	1 000 000	No Refill	17 minutes
10719	Instagram Channel Members - [WORLDWIDE] [Max 50K] [Speed 1-3K/Day] [0-1HR]	395.0582	10	500 000	30 Days Refill	11 hours 50 minutes
10720	Instagram Channel Members - [Turkey ðŸ‡¹ðŸ‡·] [Max 50K] [Speed 1-3K/Day] [0-1HR]	389.494	10	50 000	30 Days Refill	11 minutes
10721	Instagram Channel Members - [USA ðŸ‡ºðŸ‡¸] [Max 50K] [Speed 1-3K/Day] [0-1HR]	628.7546	10	1 000 000	30 Days Refill	23 minutes
10722	Instagram Channel Members - [Azerbaijan ðŸ‡¦ðŸ‡¿] [Max 50K] [Speed 1-3K/Day] [0-1HR]	389.494	10	50 000	30 Days Refill	11 minutes
10723	Instagram Channel Members - [Arab ðŸ‡¸ðŸ‡¦] [Max 50K] [Speed 1-3K/Day] [0-1HR]	389.494	10	50 000	30 Days Refill	11 minutes
10724	Instagram Channel Members - [Europe ðŸ‡ªðŸ‡º] [Max 50K] [Speed 1-3K/Day] [0-1HR]	389.494	10	50 000	30 Days Refill	22 minutes
10725	Instagram Channel Members - [Latin America ðŸ‡¦ðŸ‡·] [Max 50K] [Speed 1-3K/Day] [0-1HR]	389.494	10	50 000	30 Days Refill	17 minutes
16318	Instagram Channel Members [ðŸŒWorldwide] [Max 100K] [0-30 Mins]	801.2448	50	100 000	No Refill	55 minutes
16319	Instagram Channel Members [ðŸ‡¹ðŸ‡·Turkey] [Max 100K] [0-30 Mins]	868.0152	50	100 000	No Refill	22 minutes
16320	Instagram Channel Members [ðŸ‡§ðŸ‡·Brazil] [Max 100K] [0-30 Mins]	868.0152	50	100 000	No Refill	22 minutes
16321	Instagram Channel Members [ðŸ‡¬ðŸ‡§U.K.] [Max 100K] [0-30 Mins]	868.0152	50	100 000	No Refill	11 minutes
16322	Instagram Channel Members [ðŸ‡ªðŸ‡¸Spain] [Max 100K] [0-30 Mins]	868.0152	50	100 000	No Refill	11 minutes
16323	Instagram Channel Members [ðŸ‡©ðŸ‡ªGermany] [Max 100K] [0-30 Mins]	868.0152	50	100 000	No Refill	55 minutes
16324	Instagram Channel Members [ðŸ‡ºðŸ‡¸U.S.A.] [Max 100K] [0-30 Mins]	868.0152	50	100 000	No Refill	11 minutes
16325	Instagram Channel Members [ðŸ‡¦ðŸ‡¿Azerbaijan] [Max 100K] [0-30 Mins]	868.0152	50	100 000	No Refill	33 minutes
16326	Instagram Channel Members [ðŸ‡«ðŸ‡·France] [Max 100K] [0-30 Mins]	868.0152	50	100 000	No Refill	17 minutes
16327	Instagram Channel Members [ðŸ‡®ðŸ‡¹Italy] [Max 100K] [0-30 Mins]	868.0152	50	100 000	No Refill	22 minutes
16328	Instagram Channel Members [ðŸ‡µðŸ‡°Pakistan] [Max 100K] [0-30 Mins]	868.0152	50	100 000	No Refill	23 minutes
16329	Instagram Channel Members [ðŸ‡·ðŸ‡ºRussia] [Max 100K] [0-30 Mins]	868.0152	50	100 000	No Refill	17 minutes
7110	Instagram Comments - [Custom] [ð‘ð„ð€ð‹ & ð‡ð] [Max 100K] [Speed 10-20K/Day] [Always Instant] [ð‘ðžðœð¨ð¦ð¦ðžð§ððžð]	278.21	10	100 000	No Refill	3 minutes
7109	Instagram Comments - [Custom] [ð‘ð„ð€ð‹] [Max 10K] [Speed 3-5K/Day] [Always Instant]	255.9532	10	10 000	No Refill	3 minutes
3362	Instagram Comments - [Custom] [Max 20K] [Speed 3-5K/Day] [0-1HR]	589.8052	10	20 000	No Refill	14 minutes
9944	Instagram Custom Comments ENGLISH - [Max 1K] [Speed 100-300/Day]	8346.3	10	10 000	30 Days Refill	3 minutes
7108	Instagram Comments - [Emoji] [ððžð¬ð­ ðð®ðšð¥ð¢ð­ð²] [Max 5K] [Speed 5K/Day] [INSTANT] [ð‘ðžðœð¨ð¦ð¦ðžð§ððžð]	4479.181	10	5 000	No Refill	24 minutes
3363	Instagram Comments - [Custom] [ð†ð¨ð¨ð ðð®ðšð¥ð¢ð­ð²] [Max 5K] [Speed 5K/Day] [INSTANT]	267.0816	10	10 000	No Refill	3 hours 54 minutes
7112	Instagram Comments - [Random] [ð†ð¨ð¨ð ðð®ðšð¥ð¢ð­ð²] [Max 100K] [Speed 50K/Day] [Always Instant]	2437.1196	10	100 000	No Refill	20 minutes
10033	Instagram Comments - [Random] [ð‡ð¢ð ð¡ ðð®ðšð¥ð¢ð­ð²] [Max 50K] [Speed 50K/Day] [Always Instant]	2531.711	10	50 000	No Refill	23 minutes
7111	Instagram Comments - [Random] [Max 10K] [Speed 5K/Day] [INSTANT]	255.9532	10	100 000	No Refill	3 minutes
7113	Instagram Comments - [Emoji] [ð‘ð„ð€ð‹ ðð”ð€ð‹ðˆð“ð˜] [Max 100K] [Speed 100K/Day] [INSTANT]	2531.711	10	100 000	No Refill	1 hour 29 minutes
16111	ðŸŒŽ Instagram ðŸ’¬ Custom Comments | WorldWide ðŸŒŽ | Max 100K | Speed 1K/HR | 0-5 Mins	278.21	10	100 000	30 Days Refill	4 minutes
15828	ðŸ‡ºðŸ‡¸ Instagram Real Humans Comments ðŸ’¬ USA ðŸ‡ºðŸ‡¸ | [Engagement Possible] | Active Accounts ðŸ” | Speed 200/Day | 0-1HR	52164.375	5	100	30 Days Refill	15 hours 14 minutes
15813	ðŸŒŽ Instagram Comments ðŸ’¬ WorldWide ðŸŒŽ | Top Accounts | Comments Related to Post [Emoji / Texts] | [Engagement Possible] 0-30 Mins	16692.6	10	1 000	30 Days Refill	7 hours 47 minutes
15814	ðŸŒŽ Instagram ð…ðžð¦ðšð¥ðž Comments ðŸ’¬ WorldWide ðŸŒŽ | Top Accounts | Comments Related to Post [Emoji / Texts] | [Engagement Possible] 0-30 Mins	23369.64	10	1 000	30 Days Refill	7 hours 45 minutes
7107	Instagram Comments - [Emoji] [ð†ð¨ð¨ð ðð®ðšð¥ð¢ð­ð²] [Max 10K] [Speed 10K/Day] [INSTANT]	2437.1196	10	10 000	No Refill	4 minutes
7116	Instagram Comments - [Positive Comments] [Max 1K] [Speed 1K/Day] [INSTANT]	278.21	10	1 000	No Refill	3 minutes
15827	ðŸŒ Instagram Real Comments ðŸ’¬ AFRICA ðŸŒ | Engagement Possible | Speed 200/Day | 0-1HR	50077.8	5	100	30 Days Refill	17 minutes
7117	Instagram Comments - [CUSTOM] [MALE] [100 Days Refill] [Max 500] [High Quality] [Speed 80-100/Day] [0-2HRS]	10015.56	10	500	100 Days Refill	33 minutes
15829	ðŸŒ Instagram Real Humans Comments ðŸ’¬ ASIA ðŸŒ | [Engagement Possible] | Active Accounts ðŸ” | Speed 200/Day | 0-1HR	50077.8	5	100	30 Days Refill	16 minutes
7119	Instagram Comments - [RANDOM] [ENGLISH] [180 Days Refill] [Max 1K] [Non-Drop] [Speed 40-60/Day] [0-2HRS]	12241.24	10	1 000	180 Days Refill	17 minutes
15816	ðŸŒŽ Instagram Niche Comments ðŸ’¬ English Language ðŸ‡¬ðŸ‡§ | Positive Comments For Women / Models Niche Posts | [Engagement Possible] 0-30 Mins	6259.725	10	200	30 Days Refill	23 minutes
15817	ðŸŒŽ Instagram Niche Comments ðŸ’¬ English Language ðŸ‡¬ðŸ‡§ | Positive Comments For Men / Models Niche Posts | [Engagement Possible] 0-30 Mins	6259.725	10	200	30 Days Refill	16 minutes
15818	ðŸŒŽ Instagram ðð¢ðœð¡ðžâ„¢ Comments ðŸ’¬ English Language ðŸ‡¬ðŸ‡§ | Positive Comments For Store Niche Posts | [Engagement Possible] 0-30 Mins	6259.725	10	200	30 Days Refill	16 minutes
15819	ðŸ‡ªðŸ‡¸ Instagram ðð¢ðœð¡ðžâ„¢ Comments ðŸ’¬ Spanish Language ðŸ‡ªðŸ‡¸ | Positive Comments For Women/Models Posts | [Engagement Possible] 0-30 Mins	6259.725	10	200	30 Days Refill	7 hours 31 minutes
15820	ðŸ‡¸ðŸ‡¦ Instagram ðð¢ðœð¡ðžâ„¢ Comments ðŸ’¬ ARAB Language ðŸ‡¸ðŸ‡¦ | Positive Comments For Women/Models Posts | [Engagement Possible] 0-30 Mins	6259.725	10	200	30 Days Refill	22 minutes
15821	ðŸ‡©ðŸ‡ª Instagram ðð¢ðœð¡ðžâ„¢ Comments ðŸ’¬ Dutch Language ðŸ‡©ðŸ‡ª | Positive Comments For Women/Models Posts | [Engagement Possible] 0-30 Mins	6259.725	10	200	30 Days Refill	4 minutes
15822	ðŸ‡¯ðŸ‡µ Instagram ðð¢ðœð¡ðžâ„¢ Comments ðŸ’¬ Japanese Language ðŸ‡¯ðŸ‡µ | Positive Comments For Women/Models Posts | [Engagement Possible] 0-30 Mins	6259.725	10	200	30 Days Refill	11 minutes
15733	Instagram ð‘ðšð§ðð¨ð¦ Split Comments âž— | ð‘ðžðšð¥ ðð¨ð¬ð¢ð­ð¢ð¯ðž ð„ð¦ð¨ð£ð¢ð¬ ðŸ˜ƒâ¤ï¸ðŸ¥°ðŸ‘ | Fast & Fresh âš¡ï¸ | Last 30 Posts [Enter Username]	4006.224	300	3 000	No Refill	22 minutes
15734	Instagram ð‘ðšð§ðð¨ð¦ Split Comments âž— | ð‘ðžðšð¥ ðð¨ð¬ð¢ð­ð¢ð¯ðž ð„ð¦ð¨ð£ð¢ð¬ ðŸ˜ƒâ¤ï¸ðŸ¥°ðŸ‘ | Fast & Fresh âš¡ï¸ | Last 40 Posts [Enter Username]	4006.224	400	4 000	No Refill	11 minutes
15735	Instagram ð‘ðšð§ðð¨ð¦ Split Comments âž— | ð‘ðžðšð¥ ðð¨ð¬ð¢ð­ð¢ð¯ðž ð„ð¦ð¨ð£ð¢ð¬ ðŸ˜ƒâ¤ï¸ðŸ¥°ðŸ‘ | Fast & Fresh âš¡ï¸ | Last 50 Posts [Enter Username]	4006.224	500	5 000	No Refill	22 minutes
15736	Instagram ð‘ðšð§ðð¨ð¦ Split Comments âž— | ð‘ðžðšð¥ ðð¨ð¬ð¢ð­ð¢ð¯ðž ð„ð¦ð¨ð£ð¢ð¬ ðŸ˜ƒâ¤ï¸ðŸ¥°ðŸ‘ | Fast & Fresh âš¡ï¸ | Last 100 Posts [Enter Username]	4006.224	1 000	10 000	No Refill	11 minutes
15737	Instagram ð‘ðšð§ðð¨ð¦ Split Comments âž— | ð‘ðžðšð¥ ðð¨ð¬ð¢ð­ð¢ð¯ðž ð„ð¦ð¨ð£ð¢ð¬ ðŸ˜ƒâ¤ï¸ðŸ¥°ðŸ‘ | Fast & Fresh âš¡ï¸ | Last 200 Posts [Enter Username]	4006.224	2 000	10 000	No Refill	55 minutes
15738	Instagram ð‘ðšð§ðð¨ð¦ Split Comments âž— | ð‘ðžðšð¥ ðð¨ð¬ð¢ð­ð¢ð¯ðž ð„ð¦ð¨ð£ð¢ð¬ ðŸ˜ƒâ¤ï¸ðŸ¥°ðŸ‘ | Fast & Fresh âš¡ï¸ | Last 300 Posts [Enter Username]	4006.224	3 000	10 000	No Refill	23 minutes
15739	Instagram ð‘ðšð§ðð¨ð¦ Split Comments âž— | ð‘ðžðšð¥ ðð¨ð¬ð¢ð­ð¢ð¯ðž ð„ð¦ð¨ð£ð¢ð¬ ðŸ˜ƒâ¤ï¸ðŸ¥°ðŸ‘ | Fast & Fresh âš¡ï¸ | Last 400 Posts [Enter Username]	4006.224	4 000	10 000	No Refill	33 minutes
3389	Instagram Likes - [ððŽð“] [Max 10K] [Speed 10K/Day] [Always Instant]	22.2568	1	10 000 000	No Refill	42 minutes
3392	Instagram Likes - [ðŒð¢ð±ðžð ðð®ðšð¥ð¢ð­ð²] [Max 1M] [Speed 70-100K/Day] [Always Instant]	22.2568	1	1 000 000	No Refill	26 minutes
3383	Instagram Auto Likes - [ð‡ð¢ð ð¡ ðð®ðšð¥ð¢ð­ð²] [No Refill] [Max 50K] [Speed 10K/Day] [Always Instant]	77.8988	1	10 000 000	No Refill	23 minutes
5565	Instagram Auto Like + Impression + Views [ððžð¬ð­ ðð®ðšð¥ð¢ð­ð²] - [30 Days Refill] [Max 250K] [ð€ð”ð“ðŽ ð‘ð„ð…ðˆð‹ð‹] [Speed 40K/Day] [Always Instant]	77.8988	10	300 000	30 Days Refill	12 minutes
7393	Instagram Auto Power Likes - [ððžð¬ð­ ð‘ðžðšð¥ ðð®ðšð¥ð¢ð­ð²] [Lifetime Warranty] [Max 15K] [Speed 15K/Day] [Always Instant] [ð‘ð„ð‚ðŽðŒðŒð„ððƒð„ðƒ]	27.821	1	15 000	Lifetime Refill	20 minutes
3403	Instagram Auto Likes - [ððžð¬ð­ ðð®ðšð¥ð¢ð­ð²] [30 Days Refill] [Max 50K] [Speed 25K/Day] [Always Instant] [ð‘ð„ð‚ðŽðŒðŒð„ððƒð„ðƒ]	111.284	10	50 000	30 Days Refill	8 minutes
3400	Instagram Auto Likes - [ð‘ð„ð€ð‹ & ð‡ð] [90 Days Refill] [Max 120K] [Speed 50-100K/Day] [Always Instant] [ð‘ð„ð‚ðŽðŒðŒð„ððƒð„ðƒ]	77.8988	10	120 000	90 Days Refill	8 minutes
3399	Instagram Auto Likes - [ððžð¬ð­ ðð®ðšð¥ð¢ð­ð²] [30 Days Refill] [Max 50K] [ð€ð”ð“ðŽ ð‘ð„ð…ðˆð‹ð‹] [Speed 50K/Day] [Always Instant] [ð‘ð„ð‚ðŽðŒðŒð„ððƒð„ðƒ]	255.9532	10	50 000	30 Days Refill	64 hours 4 minutes
5619	Instagram Auto Likes - [ð‘ðžðšð¥ & ð‡ð¢ð ð¡ ðð®ðšð¥ð¢ð­ð²] - [60 Days Refill] [Max 150K] [ð€ð”ð“ðŽ ð‘ð„ð…ðˆð‹ð‹] [Speed 100K/Day] [INSTANT]	205.8754	1	150 000	60 Days Refill	1 hour 11 minutes
5592	Instagram Auto Views - [ð•ð¢ððžð¨] [Unlimited] [Speed 100K-1M/Day] [ALWAYS INSTANT]	16.6926	100	100 000 000	No Refill	2 hours
5582	Instagram Auto Views - [ð•ð¢ððžð¨ + ð‘ðžðžð¥ + ðˆð†ð“ð•] [Unlimited] [Speed 1M/HR] [INSTANT]	4.45136	10	100 000 000	No Refill	34 minutes
3474	Instagram Auto Views - [ð•ð¢ððžð¨ + ð‘ðžðžð¥ + ðˆð†ð“ð•] [Unlimited] [Speed 100K/Day] [Always Instant]	5.00778	10	100 000 000	No Refill	30 minutes
940	Instagram Auto Views - [ð•ð¢ððžð¨ + ð‘ðžðžð¥ + ðˆð†ð“ð•] [Unlimited] [Speed 1M/HR] [INSTANT]	139.105	100	100 000 000	No Refill	17 minutes
3469	Instagram Auto Views - [Trending] [Unlimited] [INSTANT]	44.5136	10	100 000 000	No Refill	33 minutes
5587	Instagram Auto Views - [ð•ð¢ððžð¨ + ð‘ðžðžð¥ + ðˆð†ð“ð•] [Unlimited] [Speed 500K/Day] [Always Instant]	5.5642	100	500 000 000	No Refill	14 minutes
5610	Instagram Auto Views - [ð•ð¢ððžð¨ + ð‘ðžðžð¥ + ðˆð†ð“ð•] [ðˆð¦ð©ð«ðžð¬ð¬ð¢ð¨ð§ + ð•ð¢ðžð°ð¬] [Unlimited] [Speed 100K/Day] [INSTANT]	16.6926	100	100 000 000	No Refill	22 minutes
5594	Instagram Auto Views - [ð•ð¢ððžð¨ + ð‘ðžðžð¥ + ðˆð†ð“ð•] [ð•ð¢ðžð°ð¬ + ð‘ðžðšðœð¡ + ðð«ð¨ðŸð¢ð¥ðž ð•ð¢ð¬ð¢ð­] [Unlimited] [Speed 50-100K/Day] [INSTANT] [ð‘ðžðœð¨ð¦ð¦ðžð§ððžð]	5.5642	100	20 000 000	No Refill	21 minutes
5590	Instagram Auto Views - [ð•ð¢ððžð¨ + ð‘ðžðžð¥ + ðˆð†ð“ð•] [ð•ð¢ðžð°ð¬ + ð‘ðžðšðœð¡ + ðð«ð¨ðŸð¢ð¥ðž ð•ð¢ð¬ð¢ð­] [Unlimited] [Speed 10-20K/Day] [INSTANT]	83.463	100	10 000 000	No Refill	55 minutes
5586	Instagram Auto Video Views - [FRANCE] [No Refill] [Unlimited] [Speed 1M/Day]	372.8014	100	10 000 000	No Refill	22 minutes
5588	Instagram Auto Video Views - [INDIA] [No Refill] [Unlimited] [Speed 1M/Day]	372.8014	100	10 000 000	No Refill	16 minutes
5596	Instagram Auto Video Views - [BRAZIL] [No Refill] [Unlimited] [Speed 1M/Day]	372.8014	100	10 000 000	No Refill	33 minutes