11802,YouTube Views - [ð‘ðžðšð¥ ð€ðœð­ð¢ð¯ðž ð•ð¢ðžð°ð¬] [Lifetime Warranty] [Max 200K] [ð’ð¨ð®ð«ðœðž: ð„ð±ð­ðžð«ð§ðšð¥] [Non-Drop] [Speed 5-10K/Day] [INSTANT],973.735,100,200 000,Lifetime Refill,9 hours 54 minutes
11823,YouTube Views - RAVâ„¢ [ð‘ðžðšð¥ ð•ð¢ðžð°ð¬ & ð„ð§ð ðšð ðžð¦ðžð§ð­ð¬] [30 Days Refill] [Max 100K] [ðð¨ð§-ðƒð«ð¨ð©] [Speed 1-3K/Day] [0-2HRS],1040.5054,100,100 000,30 Days Refill,22 minutes
11806,YouTube Views - [ð‘ðžðšð¥ ð€ðœð­ð¢ð¯ðž ð•ð¢ðžð°ð¬] [Lifetime Warranty] [Unlimited] [ð’ð¨ð®ð«ðœðž: ðƒð¢ð«ðžðœð­ + ð”ð§ð¤ð§ð¨ð°ð§ + ð„ð±ð­ðžð«ð§ðšð¥] [Non-Drop] [Speed 50K/Day] [INSTANT],1062.7622,100,500 000 000,Lifetime Refill,47 hours 52 minutes
15540,Youtube Suggest Views By AI | Auto Generate Suggest Views From Videos With Similar Content | USA ðŸ‡ºðŸ‡¸ | 1-2 Minutes Retention | 100K/Day | No Refill | 0-5 Mins,517.4706,1 000,100 000,No Refill,1 hour 40 minutes
15541,Youtube Suggest Views By AI | Auto Generate Suggest Views From Videos With Similar Content | USA ðŸ‡ºðŸ‡¸ | 2-5 Minutes Retention | 100K/Day | No Refill | 0-5 Mins,845.7584,1 000,100 000,No Refill,2 hours 40 minutes
15542,Youtube Suggest Views By AI | Auto Generate Suggest Views From Videos With Similar Content | USA ðŸ‡ºðŸ‡¸ | 7-10 Minutes Retention | 100K/Day | No Refill | 0-5 Mins,1485.6414,1 000,100 000,No Refill,11 minutes
15543,Youtube Suggest Views By AI | Auto Generate Suggest Views From Videos With Similar Content | USA ðŸ‡ºðŸ‡¸ | 12-15 Minutes Retention | 100K/Day | No Refill | 0-5 Mins,2019.8046,1 000,100 000,No Refill,33 minutes
15544,Youtube Suggest Views By AI | Auto Generate Suggest Views From Videos With Similar Content | USA ðŸ‡ºðŸ‡¸ | 15-20 Minutes Retention | 100K/Day | No Refill | 0-5 Mins,2865.563,1 000,100 000,No Refill,22 minutes
15550,Youtube Suggest Views By AI | Auto Generate Suggest Views From Videos With Similar Content | Vietnam ðŸ‡»ðŸ‡³ | 1-2 Minutes Retention | 100K/Day | No Refill | 0-5 Min,517.4706,1 000,100 000,No Refill,16 minutes
15551,Youtube Suggest Views By AI | Auto Generate Suggest Views From Videos With Similar Content | Vietnam ðŸ‡»ðŸ‡³ | 2-5 Minutes Retention | 100K/Day | No Refill | 0-5 Min,845.7584,1 000,100 000,No Refill,23 minutes
15552,Youtube Suggest Views By AI | Auto Generate Suggest Views From Videos With Similar Content | Vietnam ðŸ‡»ðŸ‡³ | 7-10 Minutes Retention | 100K/Day | No Refill | 0-5 Min,1485.6414,1 000,100 000,No Refill,16 minutes
15553,Youtube Suggest Views By AI | Auto Generate Suggest Views From Videos With Similar Content | Vietnam ðŸ‡»ðŸ‡³ | 12-15 Minutes Retention | 100K/Day | No Refill | 0-5 Min,2019.8046,1 000,100 000,No Refill,16 minutes
15554,Youtube Suggest Views By AI | Auto Generate Suggest Views From Videos With Similar Content | Vietnam ðŸ‡»ðŸ‡³ | 15-20 Minutes Retention | 100K/Day | No Refill | 0-5 Min,2865.563,1 000,100 000,No Refill,11 minutes
15545,Youtube Suggest Views By AI | Auto Generate Suggest Views From Videos With Similar Content | South Korea ðŸ‡°ðŸ‡· | 1-2 Minutes Retention | 100K/Day | No Refill | 0-5 Min,395.0582,1 000,100 000,No Refill,33 minutes
15546,Youtube Suggest Views By AI | Auto Generate Suggest Views From Videos With Similar Content | South Korea ðŸ‡°ðŸ‡· | 2-5 Minutes Retention | 100K/Day | No Refill | 0-5 Min,645.4472,1 000,100 000,No Refill,11 minutes
15547,Youtube Suggest Views By AI | Auto Generate Suggest Views From Videos With Similar Content | South Korea ðŸ‡°ðŸ‡· | 7-10 Minutes Retention | 100K/Day | No Refill | 0-5 Min,1481.74646,1 000,100 000,No Refill,11 minutes
15548,Youtube Suggest Views By AI | Auto Generate Suggest Views From Videos With Similar Content | South Korea ðŸ‡°ðŸ‡· | 12-15 Minutes Retention | 100K/Day | No Refill | 0-5 Min,2019.8046,1 000,100 000,No Refill,16 minutes
15549,Youtube Suggest Views By AI | Auto Generate Suggest Views From Videos With Similar Content | South Korea ðŸ‡°ðŸ‡· | 15-20 Minutes Retention | 100K/Day | No Refill | 0-5 Min,2865.563,1 000,100 000,No Refill,22 minutes
15555,Youtube Suggest Views By AI | Auto Generate Suggest Views From Videos With Similar Content | Japan ðŸ‡¯ðŸ‡µ | 1-2 Minutes Retention | 100K/Day | No Refill | 0-5 Min,306.031,1 000,100 000,No Refill,17 minutes
15556,Youtube Suggest Views By AI | Auto Generate Suggest Views From Videos With Similar Content | Japan ðŸ‡¯ðŸ‡µ | 2-5 Minutes Retention | 100K/Day | No Refill | 0-5 Min,484.0854,1 000,100 000,No Refill,11 minutes
15557,Youtube Suggest Views By AI | Auto Generate Suggest Views From Videos With Similar Content | Japan ðŸ‡¯ðŸ‡µ | 7-10 Minutes Retention | 100K/Day | No Refill | 0-5 Min,695.525,1 000,100 000,No Refill,11 minutes
15558,Youtube Suggest Views By AI | Auto Generate Suggest Views From Videos With Similar Content | Japan ðŸ‡¯ðŸ‡µ | 12-15 Minutes Retention | 100K/Day | No Refill | 0-5 Min,2019.24818,1 000,100 000,No Refill,16 minutes
15559,Youtube Suggest Views By AI | Auto Generate Suggest Views From Videos With Similar Content | Japan ðŸ‡¯ðŸ‡µ | 15-20 Minutes Retention | 100K/Day | No Refill | 0-5 Min,2865.563,1 000,100 000,No Refill,55 minutes
7382,YouTube Monetizable Views - [30 Days Refill] [$0.1-$4CPM] [Speed 5-10K/Day] [0-12HRS],1276.9839,1 000,10 000,30 Days Refill,125 hours 28 minutes
3862,YouTube Monetizable Views - [High Retention] [$0.1-3 CPM] [Speed 1-5K/Day] [Retention 2-8 Mins],1463.3846,1 000,500 000,30 Days Refill,91 hours 34 minutes
7770,YouTube Monetizable Short Video Views + Likes - [HR] [Retention 2-8 Mins] [30 Days Refill] [$0.1-$4CPM] [Speed 1-5K/Day] [0-12HRS],1240.26018,1 000,6 000,30 Days Refill,55 minutes
16062,YouTube ð’ð„ðŽâ„¢ Views [ð–ð¨ð«ð¥ðð–ð¢ððž ðŸŒŽ] [ð‹ð¢ðŸðžð­ð¢ð¦ðž ð‘ðžðŸð¢ð¥ð¥ â™»ï¸] [Source: ð’ðžðšð«ðœð¡ ðð² ðŠðžð²ð°ð¨ð«ðð¬] [Retention 1-2 Mins] [Speed 20K/Day] [INSTANT],2275.7578,1 000,1 000 000,Lifetime Refill,9 minutes
16064,YouTube ð’ð„ðŽâ„¢ Views [ð–ð¨ð«ð¥ðð–ð¢ððž ðŸŒŽ] [ð‹ð¢ðŸðžð­ð¢ð¦ðž ð‘ðžðŸð¢ð¥ð¥ â™»ï¸] [Source: ð’ðžðšð«ðœð¡ ðð² ðŠðžð²ð°ð¨ð«ðð¬] [Retention 5-8 Mins] [Speed 20K/Day] [INSTANT],3744.7066,1 000,10 000 000,Lifetime Refill,11 minutes
16063,YouTube ð’ð„ðŽâ„¢ Views [ð–ð¨ð«ð¥ðð–ð¢ððž ðŸŒŽ] [ð‹ð¢ðŸðžð­ð¢ð¦ðž ð‘ðžðŸð¢ð¥ð¥ â™»ï¸] [Source: ð’ðžðšð«ðœð¡ ðð² ðŠðžð²ð°ð¨ð«ðð¬] [Retention 3-5 Mins] [Speed 20K/Day] [INSTANT],3360.7768,1 000,1 000 000,Lifetime Refill,16 minutes
16069,YouTube ð’ð„ðŽâ„¢ Views [ð”ð’ð€ ðŸ‡ºðŸ‡¸] [ð‹ð¢ðŸðžð­ð¢ð¦ðž ð‘ðžðŸð¢ð¥ð¥ â™»ï¸] [Source: ð’ðžðšð«ðœð¡ ðð² ðŠðžð²ð°ð¨ð«ðð¬] [Retention 1-2 Mins] [Speed 20K/Day] [INSTANT],2403.7344,1 000,1 000 000,Lifetime Refill,16 minutes
16071,YouTube ð’ð„ðŽâ„¢ Views [ð”ð’ð€ ðŸ‡ºðŸ‡¸] [ð‹ð¢ðŸðžð­ð¢ð¦ðž ð‘ðžðŸð¢ð¥ð¥ â™»ï¸] [Source: ð’ðžðšð«ðœð¡ ðð² ðŠðžð²ð°ð¨ð«ðð¬] [Retention 5-8 Mins] [Speed 20K/Day] [INSTANT],4000.6598,1 000,1 000 000,Lifetime Refill,22 minutes
16070,YouTube ð’ð„ðŽâ„¢ Views [ð”ð’ð€ ðŸ‡ºðŸ‡¸] [ð‹ð¢ðŸðžð­ð¢ð¦ðž ð‘ðžðŸð¢ð¥ð¥ â™»ï¸] [Source: ð’ðžðšð«ðœð¡ ðð² ðŠðžð²ð°ð¨ð«ðð¬] [Retention 3-5 Mins] [Speed 20K/Day] [INSTANT],3616.73,1 000,1 000 000,Lifetime Refill,22 minutes
16065,YouTube ð’ð„ðŽâ„¢ Views [ð’ð¨ð®ð­ð¡ ðŠð¨ð«ðžðš ðŸ‡°ðŸ‡·] [ð‹ð¢ðŸðžð­ð¢ð¦ðž ð‘ðžðŸð¢ð¥ð¥ â™»ï¸] [Source: ð’ðžðšð«ðœð¡ ðð² ðŠðžð²ð°ð¨ð«ðð¬] [Retention 1-2 Mins] [Speed 20K/Day] [INSTANT],2403.7344,1 000,1 000 000,Lifetime Refill,22 minutes
16066,YouTube ð’ð„ðŽâ„¢ Views [ð’ð¨ð®ð­ð¡ ðŠð¨ð«ðžðš ðŸ‡°ðŸ‡·] [ð‹ð¢ðŸðžð­ð¢ð¦ðž ð‘ðžðŸð¢ð¥ð¥ â™»ï¸] [Source: ð’ðžðšð«ðœð¡ ðð² ðŠðžð²ð°ð¨ð«ðð¬] [Retention 3-5 Mins] [Speed 20K/Day] [INSTANT],3616.73,1 000,1 000 000,Lifetime Refill,22 minutes
16067,YouTube ð’ð„ðŽâ„¢ Views [ð’ð¨ð®ð­ð¡ ðŠð¨ð«ðžðš ðŸ‡°ðŸ‡·] [ð‹ð¢ðŸðžð­ð¢ð¦ðž ð‘ðžðŸð¢ð¥ð¥ â™»ï¸] [Source: ð’ðžðšð«ðœð¡ ðð² ðŠðžð²ð°ð¨ð«ðð¬] [Retention 5-8 Mins] [Speed 20K/Day] [INSTANT],4000.6598,1 000,1 000 000,Lifetime Refill,1 hour 45 minutes
16077,YouTube ð’ð„ðŽâ„¢ Views [ð‰ðšð©ðšð§ ðŸ‡¯ðŸ‡µ] [ð‹ð¢ðŸðžð­ð¢ð¦ðž ð‘ðžðŸð¢ð¥ð¥ â™»ï¸] [Source: ð’ðžðšð«ðœð¡ ðð² ðŠðžð²ð°ð¨ð«ðð¬] [Retention 1-2 Mins] [Speed 20K/Day] [INSTANT],2403.7344,1 000,1 000 000,Lifetime Refill,33 minutes
16078,YouTube ð’ð„ðŽâ„¢ Views [ð‰ðšð©ðšð§ ðŸ‡¯ðŸ‡µ] [ð‹ð¢ðŸðžð­ð¢ð¦ðž ð‘ðžðŸð¢ð¥ð¥ â™»ï¸] [Source: ð’ðžðšð«ðœð¡ ðð² ðŠðžð²ð°ð¨ð«ðð¬] [Retention 3-5 Mins] [Speed 20K/Day] [INSTANT],3616.73,1 000,1 000 000,Lifetime Refill,23 minutes
16079,YouTube ð’ð„ðŽâ„¢ Views [ð‰ðšð©ðšð§ ðŸ‡¯ðŸ‡µ] [ð‹ð¢ðŸðžð­ð¢ð¦ðž ð‘ðžðŸð¢ð¥ð¥ â™»ï¸] [Source: ð’ðžðšð«ðœð¡ ðð² ðŠðžð²ð°ð¨ð«ðð¬] [Retention 5-8 Mins] [Speed 20K/Day] [INSTANT],4000.6598,1 000,1 000 000,Lifetime Refill,33 minutes
16073,YouTube ð’ð„ðŽâ„¢ Views [ð•ð¢ðžð­ð§ðšð¦ ðŸ‡»ðŸ‡³] [ð‹ð¢ðŸðžð­ð¢ð¦ðž ð‘ðžðŸð¢ð¥ð¥ â™»ï¸] [Source: ð’ðžðšð«ðœð¡ ðð² ðŠðžð²ð°ð¨ð«ðð¬] [Retention 1-2 Mins] [Speed 20K/Day] [INSTANT],2403.7344,1 000,1 000 000,Lifetime Refill,55 minutes
16074,YouTube ð’ð„ðŽâ„¢ Views [ð•ð¢ðžð­ð§ðšð¦ ðŸ‡»ðŸ‡³] [ð‹ð¢ðŸðžð­ð¢ð¦ðž ð‘ðžðŸð¢ð¥ð¥ â™»ï¸] [Source: ð’ðžðšð«ðœð¡ ðð² ðŠðžð²ð°ð¨ð«ðð¬] [Retention 3-5 Mins] [Speed 20K/Day] [INSTANT],3616.73,1 000,1 000 000,Lifetime Refill,11 minutes
16075,YouTube ð’ð„ðŽâ„¢ Views [ð•ð¢ðžð­ð§ðšð¦ ðŸ‡»ðŸ‡³] [ð‹ð¢ðŸðžð­ð¢ð¦ðž ð‘ðžðŸð¢ð¥ð¥ â™»ï¸] [Source: ð’ðžðšð«ðœð¡ ðð² ðŠðžð²ð°ð¨ð«ðð¬] [Retention 5-8 Mins] [Speed 20K/Day] [INSTANT],4000.6598,1 000,1 000 000,Lifetime Refill,33 minutes
17104,YouTube ð’ð„ðŽâ„¢ Views | USA ðŸ‡ºðŸ‡¸ | Retention: 1-2 Minutes | 100K/Day | Works on all videos | Source: ð˜ð¨ð®ð“ð®ð›ðž ð’ðžðšð«ðœð¡ ðð² ðŠðžð²ð°ð¨ð«ðð¬ | No Refill â›” | Instant,283.7742,1 000,100 000,No Refill,3 minutes
17105,YouTube ð’ð„ðŽâ„¢ Views | USA ðŸ‡ºðŸ‡¸ | Retention: 3-5 Minutes | 100K/Day | Works on all videos | Source: ð˜ð¨ð®ð“ð®ð›ðž ð’ðžðšð«ðœð¡ ðð² ðŠðžð²ð°ð¨ð«ðð¬ | No Refill â›” | Instant,484.0854,1 000,100 000,No Refill,6 minutes
17106,YouTube ð’ð„ðŽâ„¢ Views | USA ðŸ‡ºðŸ‡¸ | Retention: 7-10 Minutes | 100K/Day | Works on all videos | Source: ð˜ð¨ð®ð“ð®ð›ðž ð’ðžðšð«ðœð¡ ðð² ðŠðžð²ð°ð¨ð«ðð¬ | No Refill â›” | Instant,951.4782,1 000,100 000,No Refill,17 minutes
17107,YouTube ð’ð„ðŽâ„¢ Views | USA ðŸ‡ºðŸ‡¸ | Retention: 12-15 Minutes | 100K/Day | Works on all videos | Source: ð˜ð¨ð®ð“ð®ð›ðž ð’ðžðšð«ðœð¡ ðð² ðŠðžð²ð°ð¨ð«ðð¬ | No Refill â›” | Instant,1329.8438,1 000,100 000,No Refill,33 minutes
17108,YouTube ð’ð„ðŽâ„¢ Views | USA ðŸ‡ºðŸ‡¸ | Retention: 15-20 Minutes | 100K/Day | Works on all videos | Source: ð˜ð¨ð®ð“ð®ð›ðž ð’ðžðšð«ðœð¡ ðð² ðŠðžð²ð°ð¨ð«ðð¬ | No Refill â›” | Instant,1997.5478,1 000,100 000,No Refill,16 minutes
17632,------------------------------------------------------------------------------,1364041.373,1 000,1 000,No Refill,16 minutes
17110,YouTube ð’ð„ðŽâ„¢ Views | USA ðŸ‡ºðŸ‡¸ | Retention: 1-2 Minutes | 100K/Day | Works on all videos | Source: ð˜ð¨ð®ð“ð®ð›ðž ð‘ðšð§ðð¨ð¦ (ð’ð®ð ð ðžð¬ð­ + ð’ðžðšð«ðœð¡ + ðð«ð¨ð°ð¬ðž ð…ðžðšð­ð®ð«ðžð¬) ðð² ðŠðžð²ð°ð¨ð«ðð¬ | No Refill â›” | Instant,283.7742,1 000,100 000,No Refill,4 minutes
17111,YouTube ð’ð„ðŽâ„¢ Views | USA ðŸ‡ºðŸ‡¸ | Retention: 3-5 Minutes | 100K/Day | Works on all videos | Source: ð˜ð¨ð®ð“ð®ð›ðž ð‘ðšð§ðð¨ð¦ (ð’ð®ð ð ðžð¬ð­ + ð’ðžðšð«ðœð¡ + ðð«ð¨ð°ð¬ðž ð…ðžðšð­ð®ð«ðžð¬) ðð² ðŠðžð²ð°ð¨ð«ðð¬ | No Refill â›” | Instant,484.0854,1 000,100 000,No Refill,33 minutes
17112,YouTube ð’ð„ðŽâ„¢ Views | USA ðŸ‡ºðŸ‡¸ | Retention: 7-10 Minutes | 100K/Day | Works on all videos | Source: ð˜ð¨ð®ð“ð®ð›ðž ð‘ðšð§ðð¨ð¦ (ð’ð®ð ð ðžð¬ð­ + ð’ðžðšð«ðœð¡ + ðð«ð¨ð°ð¬ðž ð…ðžðšð­ð®ð«ðžð¬) ðð² ðŠðžð²ð°ð¨ð«ðð¬ | No Refill â›” | Instant,951.4782,1 000,100 000,No Refill,11 minutes
17113,YouTube ð’ð„ðŽâ„¢ Views | USA ðŸ‡ºðŸ‡¸ | Retention: 12-15 Minutes | 100K/Day | Works on all videos | Source: ð˜ð¨ð®ð“ð®ð›ðž ð‘ðšð§ðð¨ð¦ (ð’ð®ð ð ðžð¬ð­ + ð’ðžðšð«ðœð¡ + ðð«ð¨ð°ð¬ðž ð…ðžðšð­ð®ð«ðžð¬) ðð² ðŠðžð²ð°ð¨ð«ðð¬ | No Refill â›” | Instant,1329.8438,1 000,100 000,No Refill,22 minutes
17114,YouTube ð’ð„ðŽâ„¢ Views | USA ðŸ‡ºðŸ‡¸ | Retention: 15-20 Minutes | 100K/Day | Works on all videos | Source: ð˜ð¨ð®ð“ð®ð›ðž ð‘ðšð§ðð¨ð¦ (ð’ð®ð ð ðžð¬ð­ + ð’ðžðšð«ðœð¡ + ðð«ð¨ð°ð¬ðž ð…ðžðšð­ð®ð«ðžð¬) ðð² ðŠðžð²ð°ð¨ð«ðð¬ | No Refill â›” | Instant,1997.5478,1 000,100 000,No Refill,18 minutes
17103,------------------------------------------------------------------------------,1364041.373,1 000,1 000,No Refill,23 minutes
17086,YouTube ð’ð„ðŽâ„¢ Views | USA ðŸ‡ºðŸ‡¸ | Retention: 1-2 Minutes | 100K/Day | Works on all videos | Source: ð˜ð¨ð®ð“ð®ð›ðž ð’ðžðšð«ðœð¡ / ðð«ð¨ð°ð¬ðžð« ð…ðžðšð­ð®ð«ðžð¬ | No Refill â›” | Instant,289.3384,1 000,100 000,No Refill,3 minutes
17087,YouTube ð’ð„ðŽâ„¢ Views | USA ðŸ‡ºðŸ‡¸ | Retention: 3-5 Minutes | 100K/Day | Works on all videos | Source: ð˜ð¨ð®ð“ð®ð›ðž ð’ðžðšð«ðœð¡ / ðð«ð¨ð°ð¬ðžð« ð…ðžðšð­ð®ð«ðžð¬ | No Refill â›” | Instant,489.6496,1 000,100 000,No Refill,6 minutes
17088,YouTube ð’ð„ðŽâ„¢ Views | USA ðŸ‡ºðŸ‡¸ | Retention: 7-10 Minutes | 100K/Day | Works on all videos | Source: ð˜ð¨ð®ð“ð®ð›ðž ð’ðžðšð«ðœð¡ / ðð«ð¨ð°ð¬ðžð« ð…ðžðšð­ð®ð«ðžð¬ | No Refill â›” | Instant,968.1708,1 000,100 000,No Refill,55 minutes
17089,YouTube ð’ð„ðŽâ„¢ Views | USA ðŸ‡ºðŸ‡¸ | Retention: 12-15 Minutes | 100K/Day | Works on all videos | Source: ð˜ð¨ð®ð“ð®ð›ðž ð’ðžðšð«ðœð¡ / ðð«ð¨ð°ð¬ðžð« ð…ðžðšð­ð®ð«ðžð¬ | No Refill â›” | Instant,1352.1006,1 000,100 000,No Refill,22 minutes
17090,YouTube ð’ð„ðŽâ„¢ Views | USA ðŸ‡ºðŸ‡¸ | Retention: 15-20 Minutes | 100K/Day | Works on all videos | Source: ð˜ð¨ð®ð“ð®ð›ðž ð’ðžðšð«ðœð¡ / ðð«ð¨ð°ð¬ðžð« ð…ðžðšð­ð®ð«ðžð¬ | No Refill â›” | Instant,1997.5478,1 000,100 000,No Refill,22 minutes
17091,------------------------------------------------------------------------------,1364041.373,1 000,1 000,No Refill,23 minutes
17092,YouTube ð’ð„ðŽâ„¢ Views | USA ðŸ‡ºðŸ‡¸ | Retention: 1-2 Minutes | 100K/Day | Works on all videos | Source: ð˜ð¨ð®ð“ð®ð›ðž ð’ð®ð ð ðžð¬ð­ ( ð“ð«ðžð§ðð¢ð§ð + ð‘ðšð§ðð¨ð¦ ) | No Refill â›” | Instant,283.7742,1 000,100 000,No Refill,5 minutes
17093,YouTube ð’ð„ðŽâ„¢ Views | USA ðŸ‡ºðŸ‡¸ | Retention: 3-5 Minutes | 100K/Day | Works on all videos | Source: ð˜ð¨ð®ð“ð®ð›ðž ð’ð®ð ð ðžð¬ð­ ( ð“ð«ðžð§ðð¢ð§ð + ð‘ðšð§ðð¨ð¦ ) | No Refill â›” | Instant,484.0854,1 000,100 000,No Refill,55 minutes
17094,YouTube ð’ð„ðŽâ„¢ Views | USA ðŸ‡ºðŸ‡¸ | Retention: 7-10 Minutes | 100K/Day | Works on all videos | Source: ð˜ð¨ð®ð“ð®ð›ðž ð’ð®ð ð ðžð¬ð­ ( ð“ð«ðžð§ðð¢ð§ð + ð‘ðšð§ðð¨ð¦ ) | No Refill â›” | Instant,951.4782,1 000,100 000,No Refill,16 minutes
17095,YouTube ð’ð„ðŽâ„¢ Views | USA ðŸ‡ºðŸ‡¸ | Retention: 12-15 Minutes | 100K/Day | Works on all videos | Source: ð˜ð¨ð®ð“ð®ð›ðž ð’ð®ð ð ðžð¬ð­ ( ð“ð«ðžð§ðð¢ð§ð + ð‘ðšð§ðð¨ð¦ ) | No Refill â›” | Instant,1329.8438,1 000,100 000,No Refill,22 minutes
17096,YouTube ð’ð„ðŽâ„¢ Views | USA ðŸ‡ºðŸ‡¸ | Retention: 15-20 Minutes | 100K/Day | Works on all videos | Source: ð˜ð¨ð®ð“ð®ð›ðž ð’ð®ð ð ðžð¬ð­ ( ð“ð«ðžð§ðð¢ð§ð + ð‘ðšð§ðð¨ð¦ ) | No Refill â›” | Instant,1997.5478,1 000,100 000,No Refill,22 minutes
17097,------------------------------------------------------------------------------,556420,1 000,100 000,No Refill,55 minutes
17098,YouTube ð’ð„ðŽâ„¢ Views | USA ðŸ‡ºðŸ‡¸ | Retention: 1-2 Minutes | 100K/Day | Works on all videos | Source: ð˜ð¨ð®ð“ð®ð›ðž ð‘ðšð§ðð¨ð¦ ( ð’ð®ð ð ðžð¬ð­ + ð’ðžðšð«ðœð¡ + ðð«ð¨ð°ð¬ðž ð…ðžðšð­ð®ð«ðžð¬ ) | No Refill â›” | Instant,283.7742,1 000,100 000,No Refill,55 minutes
17099,YouTube ð’ð„ðŽâ„¢ Views | USA ðŸ‡ºðŸ‡¸ | Retention: 3-5 Minutes | 100K/Day | Works on all videos | Source: ð˜ð¨ð®ð“ð®ð›ðž ð‘ðšð§ðð¨ð¦ ( ð’ð®ð ð ðžð¬ð­ + ð’ðžðšð«ðœð¡ + ðð«ð¨ð°ð¬ðž ð…ðžðšð­ð®ð«ðžð¬ ) | No Refill â›” | Instant,484.0854,1 000,100 000,No Refill,22 minutes
17100,YouTube ð’ð„ðŽâ„¢ Views | USA ðŸ‡ºðŸ‡¸ | Retention: 7-10 Minutes | 100K/Day | Works on all videos | Source: ð˜ð¨ð®ð“ð®ð›ðž ð‘ðšð§ðð¨ð¦ ( ð’ð®ð ð ðžð¬ð­ + ð’ðžðšð«ðœð¡ + ðð«ð¨ð°ð¬ðž ð…ðžðšð­ð®ð«ðžð¬ ) | No Refill â›” | Instant,951.4782,1 000,100 000,No Refill,55 minutes
17101,YouTube ð’ð„ðŽâ„¢ Views | USA ðŸ‡ºðŸ‡¸ | Retention: 12-15 Minutes | 100K/Day | Works on all videos | Source: ð˜ð¨ð®ð“ð®ð›ðž ð‘ðšð§ðð¨ð¦ ( ð’ð®ð ð ðžð¬ð­ + ð’ðžðšð«ðœð¡ + ðð«ð¨ð°ð¬ðž ð…ðžðšð­ð®ð«ðžð¬ ) | No Refill â›” | Instant,1329.8438,1 000,100 000,No Refill,33 minutes
17102,YouTube ð’ð„ðŽâ„¢ Views | USA ðŸ‡ºðŸ‡¸ | Retention: 15-20 Minutes | 100K/Day | Works on all videos | Source: ð˜ð¨ð®ð“ð®ð›ðž ð‘ðšð§ðð¨ð¦ ( ð’ð®ð ð ðžð¬ð­ + ð’ðžðšð«ðœð¡ + ðð«ð¨ð°ð¬ðž ð…ðžðšð­ð®ð«ðžð¬ ) | No Refill â›” | Instant,1997.5478,1 000,100 000,No Refill,11 minutes
17133,YouTube ð’ð„ðŽâ„¢ Views | Vietnam ðŸ‡»ðŸ‡³ | Retention: 1-2 Minutes | 100K/Day | Works on all videos | Source: ð˜ð¨ð®ð“ð®ð›ðž ð’ðžðšð«ðœð¡ ðð² ðŠðžð²ð°ð¨ð«ðð¬ | No Refill â›” | Instant,283.7742,1 000,100 000,No Refill,22 minutes
17134,YouTube ð’ð„ðŽâ„¢ Views | Vietnam ðŸ‡»ðŸ‡³ | Retention: 3-5 Minutes | 100K/Day | Works on all videos | Source: ð˜ð¨ð®ð“ð®ð›ðž ð’ðžðšð«ðœð¡ ðð² ðŠðžð²ð°ð¨ð«ðð¬ | No Refill â›” | Instant,484.0854,1 000,100 000,No Refill,23 minutes
17135,YouTube ð’ð„ðŽâ„¢ Views | Vietnam ðŸ‡»ðŸ‡³ | Retention: 7-10 Minutes | 100K/Day | Works on all videos | Source: ð˜ð¨ð®ð“ð®ð›ðž ð’ðžðšð«ðœð¡ ðð² ðŠðžð²ð°ð¨ð«ðð¬ | No Refill â›” | Instant,951.4782,1 000,100 000,No Refill,16 minutes
17136,YouTube ð’ð„ðŽâ„¢ Views | Vietnam ðŸ‡»ðŸ‡³ | Retention: 12-15 Minutes | 100K/Day | Works on all videos | Source: ð˜ð¨ð®ð“ð®ð›ðž ð’ðžðšð«ðœð¡ ðð² ðŠðžð²ð°ð¨ð«ðð¬ | No Refill â›” | Instant,1329.8438,1 000,100 000,No Refill,16 minutes
17137,YouTube ð’ð„ðŽâ„¢ Views | Vietnam ðŸ‡»ðŸ‡³ | Retention: 15-20 Minutes | 100K/Day | Works on all videos | Source: ð˜ð¨ð®ð“ð®ð›ðž ð’ðžðšð«ðœð¡ ðð² ðŠðžð²ð°ð¨ð«ðð¬ | No Refill â›” | Instant,1997.5478,1 000,100 000,No Refill,17 minutes
17138,------------------------------------------------------------------------------,1364041.373,1 000,1 000,No Refill,11 minutes
17139,YouTube ð’ð„ðŽâ„¢ Views | Vietnam ðŸ‡»ðŸ‡³ | Retention: 1-2 Minutes | 100K/Day | Works on all videos | Source: ð˜ð¨ð®ð“ð®ð›ðž ð‘ðšð§ðð¨ð¦ (ð’ð®ð ð ðžð¬ð­ + ð’ðžðšð«ðœð¡ + ðð«ð¨ð°ð¬ðž ð…ðžðšð­ð®ð«ðžð¬) ðð² ðŠðžð²ð°ð¨ð«ðð¬ | No Refill â›” | Instant,283.7742,1 000,100 000,No Refill,22 minutes
17140,YouTube ð’ð„ðŽâ„¢ Views | Vietnam ðŸ‡»ðŸ‡³ | Retention: 3-5 Minutes | 100K/Day | Works on all videos | Source: ð˜ð¨ð®ð“ð®ð›ðž ð‘ðšð§ðð¨ð¦ (ð’ð®ð ð ðžð¬ð­ + ð’ðžðšð«ðœð¡ + ðð«ð¨ð°ð¬ðž ð…ðžðšð­ð®ð«ðžð¬) ðð² ðŠðžð²ð°ð¨ð«ðð¬ | No Refill â›” | Instant,484.0854,1 000,100 000,No Refill,22 minutes
17141,YouTube ð’ð„ðŽâ„¢ Views | Vietnam ðŸ‡»ðŸ‡³ | Retention: 7-10 Minutes | 100K/Day | Works on all videos | Source: ð˜ð¨ð®ð“ð®ð›ðž ð‘ðšð§ðð¨ð¦ (ð’ð®ð ð ðžð¬ð­ + ð’ðžðšð«ðœð¡ + ðð«ð¨ð°ð¬ðž ð…ðžðšð­ð®ð«ðžð¬) ðð² ðŠðžð²ð°ð¨ð«ðð¬ | No Refill â›” | Instant,951.4782,1 000,100 000,No Refill,55 minutes
17142,YouTube ð’ð„ðŽâ„¢ Views | Vietnam ðŸ‡»ðŸ‡³ | Retention: 12-15 Minutes | 100K/Day | Works on all videos | Source: ð˜ð¨ð®ð“ð®ð›ðž ð‘ðšð§ðð¨ð¦ (ð’ð®ð ð ðžð¬ð­ + ð’ðžðšð«ðœð¡ + ðð«ð¨ð°ð¬ðž ð…ðžðšð­ð®ð«ðžð¬) ðð² ðŠðžð²ð°ð¨ð«ðð¬ | No Refill â›” | Instant,1329.8438,1 000,100 000,No Refill,33 minutes
17143,YouTube ð’ð„ðŽâ„¢ Views | Vietnam ðŸ‡»ðŸ‡³ | Retention: 15-20 Minutes | 100K/Day | Works on all videos | Source: ð˜ð¨ð®ð“ð®ð›ðž ð‘ðšð§ðð¨ð¦ (ð’ð®ð ð ðžð¬ð­ + ð’ðžðšð«ðœð¡ + ðð«ð¨ð°ð¬ðž ð…ðžðšð­ð®ð«ðžð¬) ðð² ðŠðžð²ð°ð¨ð«ðð¬ | No Refill â›” | Instant,1997.5478,1 000,100 000,No Refill,23 minutes
17633,------------------------------------------------------------------------------,1364041.373,1 000,1 000,No Refill,33 minutes
17115,YouTube ð’ð„ðŽâ„¢ Views | Vietnam ðŸ‡»ðŸ‡³ | Retention: 1-2 Minutes | 100K/Day | Works on all videos | Source: ð˜ð¨ð®ð“ð®ð›ðž ð’ðžðšð«ðœð¡ / ðð«ð¨ð°ð¬ðžð« ð…ðžðšð­ð®ð«ðžð¬ | No Refill â›” | Instant,283.7742,1 000,100 000,No Refill,23 minutes
17116,YouTube ð’ð„ðŽâ„¢ Views | Vietnam ðŸ‡»ðŸ‡³ | Retention: 3-5 Minutes | 100K/Day | Works on all videos | Source: ð˜ð¨ð®ð“ð®ð›ðž ð’ðžðšð«ðœð¡ / ðð«ð¨ð°ð¬ðžð« ð…ðžðšð­ð®ð«ðžð¬ | No Refill â›” | Instant,484.0854,1 000,100 000,No Refill,23 minutes
17117,YouTube ð’ð„ðŽâ„¢ Views | Vietnam ðŸ‡»ðŸ‡³ | Retention: 7-10 Minutes | 100K/Day | Works on all videos | Source: ð˜ð¨ð®ð“ð®ð›ðž ð’ðžðšð«ðœð¡ / ðð«ð¨ð°ð¬ðžð« ð…ðžðšð­ð®ð«ðžð¬ | No Refill â›” | Instant,951.4782,1 000,100 000,No Refill,16 minutes
17118,YouTube ð’ð„ðŽâ„¢ Views | Vietnam ðŸ‡»ðŸ‡³ | Retention: 12-15 Minutes | 100K/Day | Works on all videos | Source: ð˜ð¨ð®ð“ð®ð›ðž ð’ðžðšð«ðœð¡ / ðð«ð¨ð°ð¬ðžð« ð…ðžðšð­ð®ð«ðžð¬ | No Refill â›” | Instant,1329.8438,1 000,100 000,No Refill,16 minutes
17119,YouTube ð’ð„ðŽâ„¢ Views | Vietnam ðŸ‡»ðŸ‡³ | Retention: 15-20 Minutes | 100K/Day | Works on all videos | Source: ð˜ð¨ð®ð“ð®ð›ðž ð’ðžðšð«ðœð¡ / ðð«ð¨ð°ð¬ðžð« ð…ðžðšð­ð®ð«ðžð¬ | No Refill â›” | Instant,1997.5478,1 000,100 000,No Refill,33 minutes
17120,------------------------------------------------------------------------------,1364041.373,1 000,1 000,No Refill,17 minutes
17121,YouTube ð’ð„ðŽâ„¢ Views | Vietnam ðŸ‡»ðŸ‡³ | Retention: 1-2 Minutes | 100K/Day | Works on all videos | Source: ð˜ð¨ð®ð“ð®ð›ðž ð’ð®ð ð ðžð¬ð­ ( ð“ð«ðžð§ðð¢ð§ð + ð‘ðšð§ðð¨ð¦ ) | No Refill â›” | Instant,283.7742,1 000,100 000,No Refill,11 minutes
17122,YouTube ð’ð„ðŽâ„¢ Views | Vietnam ðŸ‡»ðŸ‡³ | Retention: 3-5 Minutes | 100K/Day | Works on all videos | Source: ð˜ð¨ð®ð“ð®ð›ðž ð’ð®ð ð ðžð¬ð­ ( ð“ð«ðžð§ðð¢ð§ð + ð‘ðšð§ðð¨ð¦ ) | No Refill â›” | Instant,484.0854,1 000,100 000,No Refill,22 minutes
17123,YouTube ð’ð„ðŽâ„¢ Views | Vietnam ðŸ‡»ðŸ‡³ | Retention: 7-10 Minutes | 100K/Day | Works on all videos | Source: ð˜ð¨ð®ð“ð®ð›ðž ð’ð®ð ð ðžð¬ð­ ( ð“ð«ðžð§ðð¢ð§ð + ð‘ðšð§ðð¨ð¦ ) | No Refill â›” | Instant,951.4782,1 000,100 000,No Refill,17 minutes
17124,YouTube ð’ð„ðŽâ„¢ Views | Vietnam ðŸ‡»ðŸ‡³ | Retention: 12-15 Minutes | 100K/Day | Works on all videos | Source: ð˜ð¨ð®ð“ð®ð›ðž ð’ð®ð ð ðžð¬ð­ ( ð“ð«ðžð§ðð¢ð§ð + ð‘ðšð§ðð¨ð¦ ) | No Refill â›” | Instant,1329.8438,1 000,100 000,No Refill,22 minutes
17125,YouTube ð’ð„ðŽâ„¢ Views | Vietnam ðŸ‡»ðŸ‡³ | Retention: 15-20 Minutes | 100K/Day | Works on all videos | Source: ð˜ð¨ð®ð“ð®ð›ðž ð’ð®ð ð ðžð¬ð­ ( ð“ð«ðžð§ðð¢ð§ð + ð‘ðšð§ðð¨ð¦ ) | No Refill â›” | Instant,1997.5478,1 000,100 000,No Refill,23 minutes
,,,,,,
17127,YouTube ð’ð„ðŽâ„¢ Views | Vietnam ðŸ‡»ðŸ‡³ | Retention: 1-2 Minutes | 100K/Day | Works on all videos | Source: ð˜ð¨ð®ð“ð®ð›ðž ð‘ðšð§ðð¨ð¦ ( ð’ð®ð ð ðžð¬ð­ + ð’ðžðšð«ðœð¡ + ðð«ð¨ð°ð¬ðž ð…ðžðšð­ð®ð«ðžð¬ ) | No Refill â›” | Instant,283.7742,1 000,100 000,No Refill,33 minutes
17128,YouTube ð’ð„ðŽâ„¢ Views | Vietnam ðŸ‡»ðŸ‡³ | Retention: 3-5 Minutes | 100K/Day | Works on all videos | Source: ð˜ð¨ð®ð“ð®ð›ðž ð‘ðšð§ðð¨ð¦ ( ð’ð®ð ð ðžð¬ð­ + ð’ðžðšð«ðœð¡ + ðð«ð¨ð°ð¬ðž ð…ðžðšð­ð®ð«ðžð¬ ) | No Refill â›” | Instant,484.0854,1 000,100 000,No Refill,17 minutes
17129,YouTube ð’ð„ðŽâ„¢ Views | Vietnam ðŸ‡»ðŸ‡³ | Retention: 7-10 Minutes | 100K/Day | Works on all videos | Source: ð˜ð¨ð®ð“ð®ð›ðž ð‘ðšð§ðð¨ð¦ ( ð’ð®ð ð ðžð¬ð­ + ð’ðžðšð«ðœð¡ + ðð«ð¨ð°ð¬ðž ð…ðžðšð­ð®ð«ðžð¬ ) | No Refill â›” | Instant,951.4782,1 000,100 000,No Refill,23 minutes
17130,YouTube ð’ð„ðŽâ„¢ Views | Vietnam ðŸ‡»ðŸ‡³ | Retention: 12-15 Minutes | 100K/Day | Works on all videos | Source: ð˜ð¨ð®ð“ð®ð›ðž ð‘ðšð§ðð¨ð¦ ( ð’ð®ð ð ðžð¬ð­ + ð’ðžðšð«ðœð¡ + ðð«ð¨ð°ð¬ðž ð…ðžðšð­ð®ð«ðžð¬ ) | No Refill â›” | Instant,1329.8438,1 000,100 000,No Refill,33 minutes
17131,YouTube ð’ð„ðŽâ„¢ Views | Vietnam ðŸ‡»ðŸ‡³ | Retention: 15-20 Minutes | 100K/Day | Works on all videos | Source: ð˜ð¨ð®ð“ð®ð›ðž ð‘ðšð§ðð¨ð¦ ( ð’ð®ð ð ðžð¬ð­ + ð’ðžðšð«ðœð¡ + ðð«ð¨ð°ð¬ðž ð…ðžðšð­ð®ð«ðžð¬ ) | No Refill â›” | Instant,1997.5478,1 000,100 000,No Refill,17 minutes
17162,YouTube ð’ð„ðŽâ„¢ Views | Korea ðŸ‡°ðŸ‡· | Retention: 1-2 Minutes | 100K/Day | Works on all videos | Source: ð˜ð¨ð®ð“ð®ð›ðž ð’ðžðšð«ðœð¡ ðð² ðŠðžð²ð°ð¨ð«ðð¬ | No Refill â›” | Instant,283.7742,1 000,100 000,No Refill,3 minutes
17163,YouTube ð’ð„ðŽâ„¢ Views | Korea ðŸ‡°ðŸ‡· | Retention: 3-5 Minutes | 100K/Day | Works on all videos | Source: ð˜ð¨ð®ð“ð®ð›ðž ð’ðžðšð«ðœð¡ ðð² ðŠðžð²ð°ð¨ð«ðð¬ | No Refill â›” | Instant,484.0854,1 000,100 000,No Refill,6 minutes
17164,YouTube ð’ð„ðŽâ„¢ Views | Korea ðŸ‡°ðŸ‡· | Retention: 7-10 Minutes | 100K/Day | Works on all videos | Source: ð˜ð¨ð®ð“ð®ð›ðž ð’ðžðšð«ðœð¡ ðð² ðŠðžð²ð°ð¨ð«ðð¬ | No Refill â›” | Instant,951.4782,1 000,100 000,No Refill,17 minutes
17165,YouTube ð’ð„ðŽâ„¢ Views | Korea ðŸ‡°ðŸ‡· | Retention: 12-15 Minutes | 100K/Day | Works on all videos | Source: ð˜ð¨ð®ð“ð®ð›ðž ð’ðžðšð«ðœð¡ ðð² ðŠðžð²ð°ð¨ð«ðð¬ | No Refill â›” | Instant,1329.8438,1 000,100 000,No Refill,22 minutes
17166,YouTube ð’ð„ðŽâ„¢ Views | Korea ðŸ‡°ðŸ‡· | Retention: 15-20 Minutes | 100K/Day | Works on all videos | Source: ð˜ð¨ð®ð“ð®ð›ðž ð’ðžðšð«ðœð¡ ðð² ðŠðžð²ð°ð¨ð«ðð¬ | No Refill â›” | Instant,1997.5478,1 000,100 000,No Refill,23 minutes
,,,,,,
17168,YouTube ð’ð„ðŽâ„¢ Views | Korea ðŸ‡°ðŸ‡· | Retention: 1-2 Minutes | 100K/Day | Works on all videos | Source: ð˜ð¨ð®ð“ð®ð›ðž ð‘ðšð§ðð¨ð¦ (ð’ð®ð ð ðžð¬ð­ + ð’ðžðšð«ðœð¡ + ðð«ð¨ð°ð¬ðž ð…ðžðšð­ð®ð«ðžð¬) ðð² ðŠðžð²ð°ð¨ð«ðð¬ | No Refill â›” | Instant,283.7742,1 000,100 000,No Refill,3 minutes
17169,YouTube ð’ð„ðŽâ„¢ Views | Korea ðŸ‡°ðŸ‡· | Retention: 3-5 Minutes | 100K/Day | Works on all videos | Source: ð˜ð¨ð®ð“ð®ð›ðž ð‘ðšð§ðð¨ð¦ (ð’ð®ð ð ðžð¬ð­ + ð’ðžðšð«ðœð¡ + ðð«ð¨ð°ð¬ðž ð…ðžðšð­ð®ð«ðžð¬) ðð² ðŠðžð²ð°ð¨ð«ðð¬ | No Refill â›” | Instant,484.0854,1 000,100 000,No Refill,5 minutes
17170,YouTube ð’ð„ðŽâ„¢ Views | Korea ðŸ‡°ðŸ‡· | Retention: 7-10 Minutes | 100K/Day | Works on all videos | Source: ð˜ð¨ð®ð“ð®ð›ðž ð‘ðšð§ðð¨ð¦ (ð’ð®ð ð ðžð¬ð­ + ð’ðžðšð«ðœð¡ + ðð«ð¨ð°ð¬ðž ð…ðžðšð­ð®ð«ðžð¬) ðð² ðŠðžð²ð°ð¨ð«ðð¬ | No Refill â›” | Instant,951.4782,1 000,100 000,No Refill,23 minutes
17171,YouTube ð’ð„ðŽâ„¢ Views | Korea ðŸ‡°ðŸ‡· | Retention: 12-15 Minutes | 100K/Day | Works on all videos | Source: ð˜ð¨ð®ð“ð®ð›ðž ð‘ðšð§ðð¨ð¦ (ð’ð®ð ð ðžð¬ð­ + ð’ðžðšð«ðœð¡ + ðð«ð¨ð°ð¬ðž ð…ðžðšð­ð®ð«ðžð¬) ðð² ðŠðžð²ð°ð¨ð«ðð¬ | No Refill â›” | Instant,1329.8438,1 000,100 000,No Refill,16 minutes
17172,YouTube ð’ð„ðŽâ„¢ Views | Korea ðŸ‡°ðŸ‡· | Retention: 15-20 Minutes | 100K/Day | Works on all videos | Source: ð˜ð¨ð®ð“ð®ð›ðž ð‘ðšð§ðð¨ð¦ (ð’ð®ð ð ðžð¬ð­ + ð’ðžðšð«ðœð¡ + ðð«ð¨ð°ð¬ðž ð…ðžðšð­ð®ð«ðžð¬) ðð² ðŠðžð²ð°ð¨ð«ðð¬ | No Refill â›” | Instant,1997.5478,1 000,100 000,No Refill,22 minutes
,,,,,,
17144,YouTube ð’ð„ðŽâ„¢ Views | Korea ðŸ‡°ðŸ‡· | Retention: 1-2 Minutes | 100K/Day | Works on all videos | Source: ð˜ð¨ð®ð“ð®ð›ðž ð’ðžðšð«ðœð¡ / ðð«ð¨ð°ð¬ðžð« ð…ðžðšð­ð®ð«ðžð¬ | No Refill â›” | Instant,283.7742,1 000,100 000,No Refill,12 minutes
17145,YouTube ð’ð„ðŽâ„¢ Views | Korea ðŸ‡°ðŸ‡· | Retention: 3-5 Minutes | 100K/Day | Works on all videos | Source: ð˜ð¨ð®ð“ð®ð›ðž ð’ðžðšð«ðœð¡ / ðð«ð¨ð°ð¬ðžð« ð…ðžðšð­ð®ð«ðžð¬ | No Refill â›” | Instant,484.0854,1 000,100 000,No Refill,7 minutes
17146,YouTube ð’ð„ðŽâ„¢ Views | Korea ðŸ‡°ðŸ‡· | Retention: 7-10 Minutes | 100K/Day | Works on all videos | Source: ð˜ð¨ð®ð“ð®ð›ðž ð’ðžðšð«ðœð¡ / ðð«ð¨ð°ð¬ðžð« ð…ðžðšð­ð®ð«ðžð¬ | No Refill â›” | Instant,951.4782,1 000,100 000,No Refill,55 minutes
17147,YouTube ð’ð„ðŽâ„¢ Views | Korea ðŸ‡°ðŸ‡· | Retention: 12-15 Minutes | 100K/Day | Works on all videos | Source: ð˜ð¨ð®ð“ð®ð›ðž ð’ðžðšð«ðœð¡ / ðð«ð¨ð°ð¬ðžð« ð…ðžðšð­ð®ð«ðžð¬ | No Refill â›” | Instant,1329.8438,1 000,100 000,No Refill,11 minutes
17148,YouTube ð’ð„ðŽâ„¢ Views | Korea ðŸ‡°ðŸ‡· | Retention: 15-20 Minutes | 100K/Day | Works on all videos | Source: ð˜ð¨ð®ð“ð®ð›ðž ð’ðžðšð«ðœð¡ / ðð«ð¨ð°ð¬ðžð« ð…ðžðšð­ð®ð«ðžð¬ | No Refill â›” | Instant,1997.5478,1 000,100 000,No Refill,22 minutes
,,,,,,
17150,YouTube ð’ð„ðŽâ„¢ Views | Korea ðŸ‡°ðŸ‡· | Retention: 1-2 Minutes | 100K/Day | Works on all videos | Source: ð˜ð¨ð®ð“ð®ð›ðž ð’ð®ð ð ðžð¬ð­ ( ð“ð«ðžð§ðð¢ð§ð + ð‘ðšð§ðð¨ð¦ ) | No Refill â›” | Instant,283.7742,1 000,100 000,No Refill,23 minutes
17151,YouTube ð’ð„ðŽâ„¢ Views | Korea ðŸ‡°ðŸ‡· | Retention: 3-5 Minutes | 100K/Day | Works on all videos | Source: ð˜ð¨ð®ð“ð®ð›ðž ð’ð®ð ð ðžð¬ð­ ( ð“ð«ðžð§ðð¢ð§ð + ð‘ðšð§ðð¨ð¦ ) | No Refill â›” | Instant,484.0854,1 000,100 000,No Refill,6 minutes
17152,YouTube ð’ð„ðŽâ„¢ Views | Korea ðŸ‡°ðŸ‡· | Retention: 7-10 Minutes | 100K/Day | Works on all videos | Source: ð˜ð¨ð®ð“ð®ð›ðž ð’ð®ð ð ðžð¬ð­ ( ð“ð«ðžð§ðð¢ð§ð + ð‘ðšð§ðð¨ð¦ ) | No Refill â›” | Instant,951.4782,1 000,100 000,No Refill,11 minutes
17153,YouTube ð’ð„ðŽâ„¢ Views | Korea ðŸ‡°ðŸ‡· | Retention: 12-15 Minutes | 100K/Day | Works on all videos | Source: ð˜ð¨ð®ð“ð®ð›ðž ð’ð®ð ð ðžð¬ð­ ( ð“ð«ðžð§ðð¢ð§ð + ð‘ðšð§ðð¨ð¦ ) | No Refill â›” | Instant,1329.8438,1 000,100 000,No Refill,55 minutes
17154,YouTube ð’ð„ðŽâ„¢ Views | Korea ðŸ‡°ðŸ‡· | Retention: 15-20 Minutes | 100K/Day | Works on all videos | Source: ð˜ð¨ð®ð“ð®ð›ðž ð’ð®ð ð ðžð¬ð­ ( ð“ð«ðžð§ðð¢ð§ð + ð‘ðšð§ðð¨ð¦ ) | No Refill â›” | Instant,1997.5478,1 000,100 000,No Refill,33 minutes
,,,,,,
17156,YouTube ð’ð„ðŽâ„¢ Views | Korea ðŸ‡°ðŸ‡· | Retention: 1-2 Minutes | 100K/Day | Works on all videos | Source: ð˜ð¨ð®ð“ð®ð›ðž ð‘ðšð§ðð¨ð¦ ( ð’ð®ð ð ðžð¬ð­ + ð’ðžðšð«ðœð¡ + ðð«ð¨ð°ð¬ðž ð…ðžðšð­ð®ð«ðžð¬ ) | No Refill â›” | Instant,283.7742,1 000,100 000,No Refill,3 minutes
17157,YouTube ð’ð„ðŽâ„¢ Views | Korea ðŸ‡°ðŸ‡· | Retention: 3-5 Minutes | 100K/Day | Works on all videos | Source: ð˜ð¨ð®ð“ð®ð›ðž ð‘ðšð§ðð¨ð¦ ( ð’ð®ð ð ðžð¬ð­ + ð’ðžðšð«ðœð¡ + ðð«ð¨ð°ð¬ðž ð…ðžðšð­ð®ð«ðžð¬ ) | No Refill â›” | Instant,484.0854,1 000,100 000,No Refill,5 minutes
17158,YouTube ð’ð„ðŽâ„¢ Views | Korea ðŸ‡°ðŸ‡· | Retention: 7-10 Minutes | 100K/Day | Works on all videos | Source: ð˜ð¨ð®ð“ð®ð›ðž ð‘ðšð§ðð¨ð¦ ( ð’ð®ð ð ðžð¬ð­ + ð’ðžðšð«ðœð¡ + ðð«ð¨ð°ð¬ðž ð…ðžðšð­ð®ð«ðžð¬ ) | No Refill â›” | Instant,951.4782,1 000,100 000,No Refill,23 minutes
17159,YouTube ð’ð„ðŽâ„¢ Views | Korea ðŸ‡°ðŸ‡· | Retention: 12-15 Minutes | 100K/Day | Works on all videos | Source: ð˜ð¨ð®ð“ð®ð›ðž ð‘ðšð§ðð¨ð¦ ( ð’ð®ð ð ðžð¬ð­ + ð’ðžðšð«ðœð¡ + ðð«ð¨ð°ð¬ðž ð…ðžðšð­ð®ð«ðžð¬ ) | No Refill â›” | Instant,1329.8438,1 000,100 000,No Refill,11 minutes
17160,YouTube ð’ð„ðŽâ„¢ Views | Korea ðŸ‡°ðŸ‡· | Retention: 15-20 Minutes | 100K/Day | Works on all videos | Source: ð˜ð¨ð®ð“ð®ð›ðž ð‘ðšð§ðð¨ð¦ ( ð’ð®ð ð ðžð¬ð­ + ð’ðžðšð«ðœð¡ + ðð«ð¨ð°ð¬ðž ð…ðžðšð­ð®ð«ðžð¬ ) | No Refill â›” | Instant,1997.5478,1 000,100 000,No Refill,11 minutes
15674,YouTube ð’ð„ðŽâ„¢ Views | Japan ðŸ‡¯ðŸ‡µ | Retention: 1-2 Minutes | 100K/Day | Works on all videos | Source: ð˜ð¨ð®ð“ð®ð›ðž ð’ðžðšð«ðœð¡ ðð² ðŠðžð²ð°ð¨ð«ðð¬ | No Refill â›” | Instant,283.7742,1 000,100 000,No Refill,55 minutes
15675,YouTube ð’ð„ðŽâ„¢ Views | Japan ðŸ‡¯ðŸ‡µ | Retention: 3-5 Minutes | 100K/Day | Works on all videos | Source: ð˜ð¨ð®ð“ð®ð›ðž ð’ðžðšð«ðœð¡ ðð² ðŠðžð²ð°ð¨ð«ðð¬ | No Refill â›” | Instant,484.0854,1 000,100 000,No Refill,33 minutes
15676,YouTube ð’ð„ðŽâ„¢ Views | Japan ðŸ‡¯ðŸ‡µ | Retention: 7-10 Minutes | 100K/Day | Works on all videos | Source: ð˜ð¨ð®ð“ð®ð›ðž ð’ðžðšð«ðœð¡ ðð² ðŠðžð²ð°ð¨ð«ðð¬ | No Refill â›” | Instant,951.4782,1 000,100 000,No Refill,23 minutes
15677,YouTube ð’ð„ðŽâ„¢ Views | Japan ðŸ‡¯ðŸ‡µ | Retention: 12-15 Minutes | 100K/Day | Works on all videos | Source: ð˜ð¨ð®ð“ð®ð›ðž ð’ðžðšð«ðœð¡ ðð² ðŠðžð²ð°ð¨ð«ðð¬ | No Refill â›” | Instant,1329.8438,1 000,100 000,No Refill,23 minutes
17637,YouTube ð’ð„ðŽâ„¢ Views | Japan ðŸ‡¯ðŸ‡µ | Retention: 15-20 Minutes | 100K/Day | Works on all videos | Source: ð˜ð¨ð®ð“ð®ð›ðž ð’ðžðšð«ðœð¡ ðð² ðŠðžð²ð°ð¨ð«ðð¬ | No Refill â›” | Instant,1997.5478,1 000,100 000,No Refill,33 minutes
,,,,,,
15678,YouTube ð’ð„ðŽâ„¢ Views | Japan ðŸ‡¯ðŸ‡µ | Retention: 1-2 Minutes | 100K/Day | Works on all videos | Source: ð˜ð¨ð®ð“ð®ð›ðž ð‘ðšð§ðð¨ð¦ (ð’ð®ð ð ðžð¬ð­ + ð’ðžðšð«ðœð¡ + ðð«ð¨ð°ð¬ðž ð…ðžðšð­ð®ð«ðžð¬) ðð² ðŠðžð²ð°ð¨ð«ðð¬ | No Refill â›” | Instant,283.7742,1 000,100 000,No Refill,22 minutes
15679,YouTube ð’ð„ðŽâ„¢ Views | Japan ðŸ‡¯ðŸ‡µ | Retention: 3-5 Minutes | 100K/Day | Works on all videos | Source: ð˜ð¨ð®ð“ð®ð›ðž ð‘ðšð§ðð¨ð¦ (ð’ð®ð ð ðžð¬ð­ + ð’ðžðšð«ðœð¡ + ðð«ð¨ð°ð¬ðž ð…ðžðšð­ð®ð«ðžð¬) ðð² ðŠðžð²ð°ð¨ð«ðð¬ | No Refill â›” | Instant,484.0854,1 000,100 000,No Refill,23 minutes
15680,YouTube ð’ð„ðŽâ„¢ Views | Japan ðŸ‡¯ðŸ‡µ | Retention: 7-10 Minutes | 100K/Day | Works on all videos | Source: ð˜ð¨ð®ð“ð®ð›ðž ð‘ðšð§ðð¨ð¦ (ð’ð®ð ð ðžð¬ð­ + ð’ðžðšð«ðœð¡ + ðð«ð¨ð°ð¬ðž ð…ðžðšð­ð®ð«ðžð¬) ðð² ðŠðžð²ð°ð¨ð«ðð¬ | No Refill â›” | Instant,951.4782,1 000,100 000,No Refill,23 minutes
15687,YouTube ð’ð„ðŽâ„¢ Views | Japan ðŸ‡¯ðŸ‡µ | Retention: 12-15 Minutes | 100K/Day | Works on all videos | Source: ð˜ð¨ð®ð“ð®ð›ðž ð‘ðšð§ðð¨ð¦ (ð’ð®ð ð ðžð¬ð­ + ð’ðžðšð«ðœð¡ + ðð«ð¨ð°ð¬ðž ð…ðžðšð­ð®ð«ðžð¬) ðð² ðŠðžð²ð°ð¨ð«ðð¬ | No Refill â›” | Instant,1329.8438,1 000,100 000,No Refill,11 minutes
15688,YouTube ð’ð„ðŽâ„¢ Views | Japan ðŸ‡¯ðŸ‡µ | Retention: 15-20 Minutes | 100K/Day | Works on all videos | Source: ð˜ð¨ð®ð“ð®ð›ðž ð‘ðšð§ðð¨ð¦ (ð’ð®ð ð ðžð¬ð­ + ð’ðžðšð«ðœð¡ + ðð«ð¨ð°ð¬ðž ð…ðžðšð­ð®ð«ðžð¬) ðð² ðŠðžð²ð°ð¨ð«ðð¬ | No Refill â›” | Instant,1997.5478,1 000,100 000,No Refill,23 minutes
,,,,,,
15670,YouTube ð’ð„ðŽâ„¢ Views | Japan ðŸ‡¯ðŸ‡µ | Retention: 1-2 Minutes | 100K/Day | Works on all videos | Source: ð˜ð¨ð®ð“ð®ð›ðž ð’ðžðšð«ðœð¡ / ðð«ð¨ð°ð¬ðžð« ð…ðžðšð­ð®ð«ðžð¬ | No Refill â›” | Instant,283.7742,1 000,100 000,No Refill,11 minutes
15681,YouTube ð’ð„ðŽâ„¢ Views | Japan ðŸ‡¯ðŸ‡µ | Retention: 3-5 Minutes | 100K/Day | Works on all videos | Source: ð˜ð¨ð®ð“ð®ð›ðž ð’ðžðšð«ðœð¡ / ðð«ð¨ð°ð¬ðžð« ð…ðžðšð­ð®ð«ðžð¬ | No Refill â›” | Instant,484.0854,1 000,100 000,No Refill,22 minutes
17638,YouTube ð’ð„ðŽâ„¢ Views | Japan ðŸ‡¯ðŸ‡µ | Retention: 7-10 Minutes | 100K/Day | Works on all videos | Source: ð˜ð¨ð®ð“ð®ð›ðž ð’ðžðšð«ðœð¡ / ðð«ð¨ð°ð¬ðžð« ð…ðžðšð­ð®ð«ðžð¬ | No Refill â›” | Instant,951.4782,1 000,100 000,No Refill,17 minutes
15682,YouTube ð’ð„ðŽâ„¢ Views | Japan ðŸ‡¯ðŸ‡µ | Retention: 12-15 Minutes | 100K/Day | Works on all videos | Source: ð˜ð¨ð®ð“ð®ð›ðž ð’ðžðšð«ðœð¡ / ðð«ð¨ð°ð¬ðžð« ð…ðžðšð­ð®ð«ðžð¬ | No Refill â›” | Instant,1329.8438,1 000,100 000,No Refill,16 minutes
17639,YouTube ð’ð„ðŽâ„¢ Views | Japan ðŸ‡¯ðŸ‡µ | Retention: 15-20 Minutes | 100K/Day | Works on all videos | Source: ð˜ð¨ð®ð“ð®ð›ðž ð’ðžðšð«ðœð¡ / ðð«ð¨ð°ð¬ðžð« ð…ðžðšð­ð®ð«ðžð¬ | No Refill â›” | Instant,1997.5478,1 000,100 000,No Refill,22 minutes
,,,,,,
15684,YouTube ð’ð„ðŽâ„¢ Views | Japan ðŸ‡¯ðŸ‡µ | Retention: 1-2 Minutes | 100K/Day | Works on all videos | Source: ð˜ð¨ð®ð“ð®ð›ðž ð’ð®ð ð ðžð¬ð­ ( ð“ð«ðžð§ðð¢ð§ð + ð‘ðšð§ðð¨ð¦ ) | No Refill â›” | Instant,283.7742,1 000,100 000,No Refill,55 minutes
17641,YouTube ð’ð„ðŽâ„¢ Views | Japan ðŸ‡¯ðŸ‡µ | Retention: 3-5 Minutes | 100K/Day | Works on all videos | Source: ð˜ð¨ð®ð“ð®ð›ðž ð’ð®ð ð ðžð¬ð­ ( ð“ð«ðžð§ðð¢ð§ð + ð‘ðšð§ðð¨ð¦ ) | No Refill â›” | Instant,484.0854,1 000,100 000,No Refill,33 minutes
15673,YouTube ð’ð„ðŽâ„¢ Views | Japan ðŸ‡¯ðŸ‡µ | Retention: 7-10 Minutes | 100K/Day | Works on all videos | Source: ð˜ð¨ð®ð“ð®ð›ðž ð’ð®ð ð ðžð¬ð­ ( ð“ð«ðžð§ðð¢ð§ð + ð‘ðšð§ðð¨ð¦ ) | No Refill â›” | Instant,951.4782,1 000,100 000,No Refill,17 minutes
15685,YouTube ð’ð„ðŽâ„¢ Views | Japan ðŸ‡¯ðŸ‡µ | Retention: 12-15 Minutes | 100K/Day | Works on all videos | Source: ð˜ð¨ð®ð“ð®ð›ðž ð’ð®ð ð ðžð¬ð­ ( ð“ð«ðžð§ðð¢ð§ð + ð‘ðšð§ðð¨ð¦ ) | No Refill â›” | Instant,1329.8438,1 000,100 000,No Refill,55 minutes
15686,YouTube ð’ð„ðŽâ„¢ Views | Japan ðŸ‡¯ðŸ‡µ | Retention: 15-20 Minutes | 100K/Day | Works on all videos | Source: ð˜ð¨ð®ð“ð®ð›ðž ð’ð®ð ð ðžð¬ð­ ( ð“ð«ðžð§ðð¢ð§ð + ð‘ðšð§ðð¨ð¦ ) | No Refill â›” | Instant,1997.5478,1 000,100 000,No Refill,11 minutes
,,,,,,
17643,YouTube ð’ð„ðŽâ„¢ Views | Japan ðŸ‡¯ðŸ‡µ | Retention: 1-2 Minutes | 100K/Day | Works on all videos | Source: ð˜ð¨ð®ð“ð®ð›ðž ð‘ðšð§ðð¨ð¦ ( ð’ð®ð ð ðžð¬ð­ + ð’ðžðšð«ðœð¡ + ðð«ð¨ð°ð¬ðž ð…ðžðšð­ð®ð«ðžð¬ ) | No Refill â›” | Instant,283.7742,1 000,100 000,No Refill,11 minutes
17644,YouTube ð’ð„ðŽâ„¢ Views | Japan ðŸ‡¯ðŸ‡µ | Retention: 3-5 Minutes | 100K/Day | Works on all videos | Source: ð˜ð¨ð®ð“ð®ð›ðž ð‘ðšð§ðð¨ð¦ ( ð’ð®ð ð ðžð¬ð­ + ð’ðžðšð«ðœð¡ + ðð«ð¨ð°ð¬ðž ð…ðžðšð­ð®ð«ðžð¬ ) | No Refill â›” | Instant,484.0854,1 000,100 000,No Refill,17 minutes
17645,YouTube ð’ð„ðŽâ„¢ Views | Japan ðŸ‡¯ðŸ‡µ | Retention: 7-10 Minutes | 100K/Day | Works on all videos | Source: ð˜ð¨ð®ð“ð®ð›ðž ð‘ðšð§ðð¨ð¦ ( ð’ð®ð ð ðžð¬ð­ + ð’ðžðšð«ðœð¡ + ðð«ð¨ð°ð¬ðž ð…ðžðšð­ð®ð«ðžð¬ ) | No Refill â›” | Instant,951.4782,1 000,100 000,No Refill,17 minutes
17646,YouTube ð’ð„ðŽâ„¢ Views | Japan ðŸ‡¯ðŸ‡µ | Retention: 12-15 Minutes | 100K/Day | Works on all videos | Source: ð˜ð¨ð®ð“ð®ð›ðž ð‘ðšð§ðð¨ð¦ ( ð’ð®ð ð ðžð¬ð­ + ð’ðžðšð«ðœð¡ + ðð«ð¨ð°ð¬ðž ð…ðžðšð­ð®ð«ðžð¬ ) | No Refill â›” | Instant,1329.8438,1 000,100 000,No Refill,11 minutes
17647,YouTube ð’ð„ðŽâ„¢ Views | Japan ðŸ‡¯ðŸ‡µ | Retention: 15-20 Minutes | 100K/Day | Works on all videos | Source: ð˜ð¨ð®ð“ð®ð›ðž ð‘ðšð§ðð¨ð¦ ( ð’ð®ð ð ðžð¬ð­ + ð’ðžðšð«ðœð¡ + ðð«ð¨ð°ð¬ðž ð…ðžðšð­ð®ð«ðžð¬ ) | No Refill â›” | Instant,1997.5478,1 000,100 000,No Refill,23 minutes
10077,YouTube ðð¢ðœð¡ðžâ„¢ Views - [ð”ð’ð€ ðŸ‡ºðŸ‡¸] [ðð¨ ð‘ðžðŸð¢ð¥ð¥] [Source: Suggested Videos From [ð†ð€ðŒðˆðð† / ð„ð’ððŽð‘ð“ð’] Topic Videos] [Retention 3-5 Mins] [Speed 100K/Day] [INSTANT],484.0854,1 000,100 000,No Refill,6 minutes
10078,YouTube ðð¢ðœð¡ðžâ„¢ Views - [ð”ð’ð€ ðŸ‡ºðŸ‡¸] [ðð¨ ð‘ðžðŸð¢ð¥ð¥] [Source: Suggested Videos From [ð†ð€ðŒðˆðð† / ð„ð’ððŽð‘ð“ð’] Topic Videos] [Retention 7-10 Mins] [Speed 100K/Day] [INSTANT],951.4782,1 000,100 000,No Refill,23 minutes
16368,YouTube ðð¢ðœð¡ðžâ„¢ Views - [ð”ð’ð€ ðŸ‡ºðŸ‡¸] [ðð¨ ð‘ðžðŸð¢ð¥ð¥] [Source: Suggested Videos From [ð†ð€ðŒðˆðð† / ð„ð’ððŽð‘ð“ð’] Topic Videos] [Retention 12-15 Mins] [Speed 100K/Day] [INSTANT],1329.8438,1 000,100 000,No Refill,11 minutes
10079,YouTube ðð¢ðœð¡ðžâ„¢ Views - [ð”ð’ð€ ðŸ‡ºðŸ‡¸] [ðð¨ ð‘ðžðŸð¢ð¥ð¥] [Source: Suggested Videos From [ð†ð€ðŒðˆðð† / ð„ð’ððŽð‘ð“ð’] Topic Videos] [Retention 15-20 Mins] [Speed 100K/Day] [INSTANT],1997.5478,1 000,100 000,No Refill,16 minutes
10080,YouTube ðð¢ðœð¡ðžâ„¢ Views - [ð”ð’ð€ ðŸ‡ºðŸ‡¸] [ðð¨ ð‘ðžðŸð¢ð¥ð¥] [Source: Suggested Videos From [ðð„ð–ð’] Topic Videos] [Retention 3-5 Mins] [Speed 100K/Day] [INSTANT],484.0854,1 000,100 000,No Refill,6 minutes
10081,YouTube ðð¢ðœð¡ðžâ„¢ Views - [ð”ð’ð€ ðŸ‡ºðŸ‡¸] [ðð¨ ð‘ðžðŸð¢ð¥ð¥] [Source: Suggested Videos From [ðð„ð–ð’] Topic Videos] [Retention 7-10 Mins] [Speed 100K/Day] [INSTANT],951.4782,1 000,100 000,No Refill,11 minutes
10082,YouTube ðð¢ðœð¡ðžâ„¢ Views - [ð”ð’ð€ ðŸ‡ºðŸ‡¸] [ðð¨ ð‘ðžðŸð¢ð¥ð¥] [Source: Suggested Videos From [ðð„ð–ð’] Topic Videos] [Retention 15-20 Mins] [ [Speed 100K/Day] [INSTANT],1997.5478,1 000,100 000,No Refill,16 minutes
10083,YouTube ðð¢ðœð¡ðžâ„¢ Views - [ð”ð’ð€ ðŸ‡ºðŸ‡¸] [ðð¨ ð‘ðžðŸð¢ð¥ð¥] [Source: Suggested Videos From [ðŒð”ð’ðˆð‚] Topic Videos] [Retention 3-5 Mins] [Speed 100K/Day] [INSTANT],484.0854,1 000,100 000,No Refill,53 minutes
10084,YouTube ðð¢ðœð¡ðžâ„¢ Views - [ð”ð’ð€ ðŸ‡ºðŸ‡¸] [ðð¨ ð‘ðžðŸð¢ð¥ð¥] [Source: Suggested Videos From [ðŒð”ð’ðˆð‚] Topic Videos] [Retention 7-10 Mins] [Speed 100K/Day] [INSTANT],951.4782,1 000,100 000,No Refill,37 minutes
10085,YouTube ðð¢ðœð¡ðžâ„¢ Views - [ð”ð’ð€ ðŸ‡ºðŸ‡¸] [ðð¨ ð‘ðžðŸð¢ð¥ð¥] [Source: Suggested Videos From [ðŒð”ð’ðˆð‚] Topic Videos] [Retention 15-20 Mins] [Speed 100K/Day] [INSTANT],1997.5478,1 000,100 000,No Refill,48 hours 58 minutes
10086,YouTube ðð¢ðœð¡ðžâ„¢ Views - [ð”ð’ð€ ðŸ‡ºðŸ‡¸] [ðð¨ ð‘ðžðŸð¢ð¥ð¥] [Source: Suggested Videos From [ð…ðˆðð€ðð‚ð„] Topic Videos] [Retention 3-5 Mins] [Speed 100K/Day] [INSTANT],484.0854,1 000,100 000,No Refill,5 minutes
10087,YouTube ðð¢ðœð¡ðžâ„¢ Views - [ð”ð’ð€ ðŸ‡ºðŸ‡¸] [ðð¨ ð‘ðžðŸð¢ð¥ð¥] [Source: Suggested Videos From [ð…ðˆðð€ðð‚ð„] Topic Videos] [Retention 7-10 Mins] [Speed 100K/Day] [INSTANT],951.4782,1 000,100 000,No Refill,6 minutes
10088,YouTube ðð¢ðœð¡ðžâ„¢ Views - [ð”ð’ð€ ðŸ‡ºðŸ‡¸] [ðð¨ ð‘ðžðŸð¢ð¥ð¥] [Source: Suggested Videos From [ð…ðˆðð€ðð‚ð„] Topic Videos] [Retention 15-20 Mins] [Speed 100K/Day] [INSTANT],1997.5478,1 000,100 000,No Refill,23 minutes
10089,YouTube ðð¢ðœð¡ðžâ„¢ Views - [ð”ð’ð€ ðŸ‡ºðŸ‡¸] [ðð¨ ð‘ðžðŸð¢ð¥ð¥] [Source: Suggested Videos From [ð’ð“ðŽð‚ðŠ] Topic Videos] [Retention 3-5 Mins] [Speed 100K/Day] [INSTANT],484.0854,1 000,100 000,No Refill,4 minutes
10090,YouTube ðð¢ðœð¡ðžâ„¢ Views - [ð”ð’ð€ ðŸ‡ºðŸ‡¸] [ðð¨ ð‘ðžðŸð¢ð¥ð¥] [Source: Suggested Videos From [ð’ð“ðŽð‚ðŠ] Topic Videos] [Retention 7-10 Mins] [Speed 100K/Day] [INSTANT],951.4782,1 000,100 000,No Refill,23 minutes
10091,YouTube ðð¢ðœð¡ðžâ„¢ Views - [ð”ð’ð€ ðŸ‡ºðŸ‡¸] [ðð¨ ð‘ðžðŸð¢ð¥ð¥] [Source: Suggested Videos From [ð’ð“ðŽð‚ðŠ] Topic Videos] [Retention 15-20 Mins] [Speed 100K/Day] [INSTANT],1997.5478,1 000,100 000,No Refill,16 minutes
10092,YouTube ðð¢ðœð¡ðžâ„¢ Views - [ð”ð’ð€ ðŸ‡ºðŸ‡¸] [ðð¨ ð‘ðžðŸð¢ð¥ð¥] [Source: Suggested Videos From [ðŠðˆðƒð’] Topic Videos] [Retention 3-5 Mins] [Speed 100K/Day] [INSTANT],484.0854,1 000,100 000,No Refill,17 minutes
10093,YouTube ðð¢ðœð¡ðžâ„¢ Views - [ð”ð’ð€ ðŸ‡ºðŸ‡¸] [ðð¨ ð‘ðžðŸð¢ð¥ð¥] [Source: Suggested Videos From [ðŠðˆðƒð’] Topic Videos] [Retention 7-10 Mins] [Speed 100K/Day] [INSTANT],951.4782,1 000,100 000,No Refill,17 minutes
10094,YouTube ðð¢ðœð¡ðžâ„¢ Views - [ð”ð’ð€ ðŸ‡ºðŸ‡¸] [ðð¨ ð‘ðžðŸð¢ð¥ð¥] [Source: Suggested Videos From [ðŠðˆðƒð’] Topic Videos] [Retention 15-20 Mins] [Speed 100K/Day] [INSTANT],1997.5478,1 000,100 000,No Refill,23 minutes
10095,YouTube ðð¢ðœð¡ðžâ„¢ Views - [ð”ð’ð€ ðŸ‡ºðŸ‡¸] [ðð¨ ð‘ðžðŸð¢ð¥ð¥] [Source: Suggested Videos From [ð“ð„ð‚ð‡ððŽð‹ðŽð†ð˜] Topic Videos] [Retention 3-5 Mins] [Speed 100K/Day] [INSTANT],484.0854,1 000,100 000,No Refill,33 minutes
10096,YouTube ðð¢ðœð¡ðžâ„¢ Views - [ð”ð’ð€ ðŸ‡ºðŸ‡¸] [ðð¨ ð‘ðžðŸð¢ð¥ð¥] [Source: Suggested Videos From [ð“ð„ð‚ð‡ððŽð‹ðŽð†ð˜] Topic Videos] [Retention 7-10 Mins] [Speed 100K/Day] [INSTANT],951.4782,1 000,100 000,No Refill,22 minutes
10097,YouTube ðð¢ðœð¡ðžâ„¢ Views - [ð”ð’ð€ ðŸ‡ºðŸ‡¸] [ðð¨ ð‘ðžðŸð¢ð¥ð¥] [Source: Suggested Videos From [ð“ð„ð‚ð‡ððŽð‹ðŽð†ð˜] Topic Videos] [Retention 15-20 Mins] [Speed 100K/Day] [INSTANT],1997.5478,1 000,100 000,No Refill,16 minutes
10098,YouTube ðð¢ðœð¡ðžâ„¢ Views - [ð”ð’ð€ ðŸ‡ºðŸ‡¸] [ðð¨ ð‘ðžðŸð¢ð¥ð¥] [Source: Suggested Videos From [ð•ð‹ðŽð†ð’] Topic Videos] [Retention 3-5 Mins] [Speed 5-10K/Day] [INSTANT] [Speed 100K/Day] [INSTANT],484.0854,1 000,100 000,No Refill,55 minutes
10099,YouTube ðð¢ðœð¡ðžâ„¢ Views - [ð”ð’ð€ ðŸ‡ºðŸ‡¸] [ðð¨ ð‘ðžðŸð¢ð¥ð¥] [Source: Suggested Videos From [ð•ð‹ðŽð†ð’] Topic Videos] [Retention 7-10 Mins] [Speed 100K/Day] [INSTANT],951.4782,1 000,100 000,No Refill,33 minutes
10100,YouTube ðð¢ðœð¡ðžâ„¢ Views - [ð”ð’ð€ ðŸ‡ºðŸ‡¸] [ðð¨ ð‘ðžðŸð¢ð¥ð¥] [Source: Suggested Videos From [ð•ð‹ðŽð†ð’] Topic Videos] [Retention 15-20 Mins] [Speed 100K/Day] [INSTANT],1997.5478,1 000,100 000,No Refill,33 minutes
10101,YouTube ðð¢ðœð¡ðžâ„¢ Views - [ð”ð’ð€ ðŸ‡ºðŸ‡¸] [ðð¨ ð‘ðžðŸð¢ð¥ð¥] [Source: Suggested Videos From [ð†ð€ðŒðˆðð† / ð„ð’ððŽð‘ð“ð’] Topic Videos] [Retention 3-5 Mins] [Speed 100K/Day] [INSTANT],484.0854,1 000,100 000,No Refill,5 minutes
10102,YouTube ðð¢ðœð¡ðžâ„¢ Views - [ð”ð’ð€ ðŸ‡ºðŸ‡¸] [ðð¨ ð‘ðžðŸð¢ð¥ð¥] [Source: Suggested Videos From [ð†ð€ðŒðˆðð† / ð„ð’ððŽð‘ð“ð’] Topic Videos] [Retention 7-10 Mins] [Speed 100K/Day] [INSTANT],951.4782,1 000,100 000,No Refill,22 minutes
10103,YouTube ðð¢ðœð¡ðžâ„¢ Views - [ð”ð’ð€ ðŸ‡ºðŸ‡¸] [ðð¨ ð‘ðžðŸð¢ð¥ð¥] [Source: Suggested Videos From [ð†ð€ðŒðˆðð† / ð„ð’ððŽð‘ð“ð’] Topic Videos] [Retention 15-20 Mins] [Speed 100K/Day] [INSTANT],1329.8438,1 000,100 000,No Refill,22 minutes
15565,YouTube ðð¢ðœð¡ðžâ„¢ Views - [ðŸ‡°ðŸ‡· Korea] [ðð¨ ð‘ðžðŸð¢ð¥ð¥] [Source: Suggested Videos From [ð†ð€ðŒðˆðð†] Topic Videos] [Retention 3-5 Mins] [Speed 100K/Day] [INSTANT],484.0854,1 000,100 000,No Refill,17 minutes
15566,YouTube ðð¢ðœð¡ðžâ„¢ Views - [ðŸ‡°ðŸ‡· Korea] [ðð¨ ð‘ðžðŸð¢ð¥ð¥] [Source: Suggested Videos From [ð†ð€ðŒðˆðð†] Topic Videos] [Retention 7-10 Mins] [Speed 100K/Day] [INSTANT],951.4782,1 000,100 000,No Refill,23 minutes
15567,YouTube ðð¢ðœð¡ðžâ„¢ Views - [ðŸ‡°ðŸ‡· Korea] [ðð¨ ð‘ðžðŸð¢ð¥ð¥] [Source: Suggested Videos From [ð†ð€ðŒðˆðð†] Topic Videos] [Retention 15-20 Mins] [Speed 100K/Day] [INSTANT],1997.5478,1 000,100 000,No Refill,33 minutes
15568,YouTube ðð¢ðœð¡ðžâ„¢ Views - [ðŸ‡°ðŸ‡· Korea] [ðð¨ ð‘ðžðŸð¢ð¥ð¥] [Source: Suggested Videos From [ðð„ð–ð’] Topic Videos] [Retention 3-5 Mins] [Speed 100K/Day] [INSTANT],484.0854,1 000,100 000,No Refill,16 minutes
15569,YouTube ðð¢ðœð¡ðžâ„¢ Views - [ðŸ‡°ðŸ‡· Korea] [ðð¨ ð‘ðžðŸð¢ð¥ð¥] [Source: Suggested Videos From [ðð„ð–ð’] Topic Videos] [Retention 7-10 Mins] [Speed 100K/Day] [INSTANT],951.4782,1 000,100 000,No Refill,22 minutes
15570,YouTube ðð¢ðœð¡ðžâ„¢ Views - [ðŸ‡°ðŸ‡· Korea] [ðð¨ ð‘ðžðŸð¢ð¥ð¥] [Source: Suggested Videos From [ðð„ð–ð’] Topic Videos] [Retention 15-20 Mins] [Speed 100K/Day] [INSTANT],1997.5478,1 000,100 000,No Refill,22 minutes
15571,YouTube ðð¢ðœð¡ðžâ„¢ Views - [ðŸ‡°ðŸ‡· Korea] [ðð¨ ð‘ðžðŸð¢ð¥ð¥] [Source: Suggested Videos From [ðŒð”ð’ðˆð‚] Topic Videos] [Retention 3-5 Mins] [Speed 100K/Day] [INSTANT],484.0854,1 000,100 000,No Refill,16 minutes
15572,YouTube ðð¢ðœð¡ðžâ„¢ Views - [ðŸ‡°ðŸ‡· Korea] [ðð¨ ð‘ðžðŸð¢ð¥ð¥] [Source: Suggested Videos From [ðŒð”ð’ðˆð‚] Topic Videos] [Retention 7-10 Mins] [Speed 100K/Day] [INSTANT],951.4782,1 000,100 000,No Refill,11 minutes
15573,YouTube ðð¢ðœð¡ðžâ„¢ Views - [ðŸ‡°ðŸ‡· Korea] [ðð¨ ð‘ðžðŸð¢ð¥ð¥] [Source: Suggested Videos From [ðŒð”ð’ðˆð‚] Topic Videos] [Retention 15-20 Mins] [Speed 100K/Day] [INSTANT],1997.5478,1 000,100 000,No Refill,22 minutes
15574,YouTube ðð¢ðœð¡ðžâ„¢ Views - [ðŸ‡°ðŸ‡· Korea] [ðð¨ ð‘ðžðŸð¢ð¥ð¥] [Source: Suggested Videos From [ð…ðˆðð€ðð‚ð„] Topic Videos] [Retention 3-5 Mins] [Speed 100K/Day] [INSTANT],484.0854,1 000,100 000,No Refill,22 minutes
15575,YouTube ðð¢ðœð¡ðžâ„¢ Views - [ðŸ‡°ðŸ‡· Korea] [ðð¨ ð‘ðžðŸð¢ð¥ð¥] [Source: Suggested Videos From [ð…ðˆðð€ðð‚ð„] Topic Videos] [Retention 7-10 Mins] [Speed 100K/Day] [INSTANT],951.4782,1 000,100 000,No Refill,55 minutes
15576,YouTube ðð¢ðœð¡ðžâ„¢ Views - [ðŸ‡°ðŸ‡· Korea] [ðð¨ ð‘ðžðŸð¢ð¥ð¥] [Source: Suggested Videos From [ð…ðˆðð€ðð‚ð„] Topic Videos] [Retention 15-20 Mins] [Speed 100K/Day] [INSTANT],1997.5478,1 000,100 000,No Refill,23 minutes
15577,YouTube ðð¢ðœð¡ðžâ„¢ Views - [ðŸ‡°ðŸ‡· Korea] [ðð¨ ð‘ðžðŸð¢ð¥ð¥] [Source: Suggested Videos From [ð’ð“ðŽð‚ðŠ] Topic Videos] [Retention 3-5 Mins] [Speed 100K/Day] [INSTANT],484.0854,1 000,100 000,No Refill,11 minutes
15578,YouTube ðð¢ðœð¡ðžâ„¢ Views - [ðŸ‡°ðŸ‡· Korea] [ðð¨ ð‘ðžðŸð¢ð¥ð¥] [Source: Suggested Videos From [ð’ð“ðŽð‚ðŠ] Topic Videos] [Retention 7-10 Mins] [[Speed 100K/Day] [INSTANT],951.4782,1 000,100 000,No Refill,16 minutes
15579,YouTube ðð¢ðœð¡ðžâ„¢ Views - [ðŸ‡°ðŸ‡· Korea] [ðð¨ ð‘ðžðŸð¢ð¥ð¥] [Source: Suggested Videos From [ð’ð“ðŽð‚ðŠ] Topic Videos] [Retention 15-20 Mins] [Speed 100K/Day] [INSTANT],1997.5478,1 000,100 000,No Refill,22 minutes
15580,YouTube ðð¢ðœð¡ðžâ„¢ Views - [ðŸ‡°ðŸ‡· Korea] [ðð¨ ð‘ðžðŸð¢ð¥ð¥] [Source: Suggested Videos From [ðŠðˆðƒð’] Topic Videos] [Retention 3-5 Mins] [Speed 100K/Day] [INSTANT],484.0854,1 000,100 000,No Refill,23 minutes
15581,YouTube ðð¢ðœð¡ðžâ„¢ Views - [ðŸ‡°ðŸ‡· Korea] [ðð¨ ð‘ðžðŸð¢ð¥ð¥] [Source: Suggested Videos From [ðŠðˆðƒð’] Topic Videos] [Retention 7-10 Mins] [Speed 100K/Day] [INSTANT],951.4782,1 000,100 000,No Refill,22 minutes
15582,YouTube ðð¢ðœð¡ðžâ„¢ Views - [ðŸ‡°ðŸ‡· Korea] [ðð¨ ð‘ðžðŸð¢ð¥ð¥] [Source: Suggested Videos From [ðŠðˆðƒð’] Topic Videos] [Retention 15-20 Mins] [Speed 100K/Day] [INSTANT],1997.5478,1 000,100 000,No Refill,16 minutes
15583,YouTube ðð¢ðœð¡ðžâ„¢ Views - [ðŸ‡°ðŸ‡· Korea] [ðð¨ ð‘ðžðŸð¢ð¥ð¥] [Source: Suggested Videos From [ð“ð„ð‚ð‡ððŽð‹ðŽð†ð˜] Topic Videos] [Retention 3-5 Mins] [Speed 100K/Day] [INSTANT],484.0854,1 000,100 000,No Refill,22 minutes
15584,YouTube ðð¢ðœð¡ðžâ„¢ Views - [ðŸ‡°ðŸ‡· Korea] [ðð¨ ð‘ðžðŸð¢ð¥ð¥] [Source: Suggested Videos From [ð“ð„ð‚ð‡ððŽð‹ðŽð†ð˜] Topic Videos] [Retention 7-10 Mins] [Speed 100K/Day] [INSTANT],951.4782,1 000,100 000,No Refill,16 minutes
15585,YouTube ðð¢ðœð¡ðžâ„¢ Views - [ðŸ‡°ðŸ‡· Korea] [ðð¨ ð‘ðžðŸð¢ð¥ð¥] [Source: Suggested Videos From [ð“ð„ð‚ð‡ððŽð‹ðŽð†ð˜] Topic Videos] [Retention 15-20 Mins] [Speed 100K/Day] [INSTANT],1997.5478,1 000,100 000,No Refill,23 minutes
15586,YouTube ðð¢ðœð¡ðžâ„¢ Views - [ðŸ‡°ðŸ‡· Korea] [ðð¨ ð‘ðžðŸð¢ð¥ð¥] [Source: Suggested Videos From [ð•ð‹ðŽð†ð’] Topic Videos] [Retention 3-5 Mins] [Speed 100K/Day] [INSTANT],484.0854,1 000,100 000,No Refill,23 minutes
15587,YouTube ðð¢ðœð¡ðžâ„¢ Views - [ðŸ‡°ðŸ‡· Korea] [ðð¨ ð‘ðžðŸð¢ð¥ð¥] [Source: Suggested Videos From [ð•ð‹ðŽð†ð’] Topic Videos] [Retention 7-10 Mins] [Speed 100K/Day] [INSTANT],951.4782,1 000,100 000,No Refill,22 minutes
15588,YouTube ðð¢ðœð¡ðžâ„¢ Views - [ðŸ‡°ðŸ‡· Korea] [ðð¨ ð‘ðžðŸð¢ð¥ð¥] [Source: Suggested Videos From [ð•ð‹ðŽð†ð’] Topic Videos] [Retention 15-20 Mins] [Speed 100K/Day] [INSTANT],1997.5478,1 000,100 000,No Refill,17 minutes
15589,YouTube ðð¢ðœð¡ðžâ„¢ Views - [ðŸ‡°ðŸ‡· Korea] [ðð¨ ð‘ðžðŸð¢ð¥ð¥] [Source: Suggested Videos From [ð†ð€ðŒðˆðð† / ð„ð’ððŽð‘ð“ð’] Topic Videos] [Retention 3-5 Mins] [Speed 100K/Day] [INSTANT],484.0854,1 000,100 000,No Refill,17 minutes
15590,YouTube ðð¢ðœð¡ðžâ„¢ Views - [ðŸ‡°ðŸ‡· Korea] [ðð¨ ð‘ðžðŸð¢ð¥ð¥] [Source: Suggested Videos From [ð†ð€ðŒðˆðð† / ð„ð’ððŽð‘ð“ð’] Topic Videos] [Retention 7-10 Mins] [Speed 100K/Day] [INSTANT],951.4782,1 000,100 000,No Refill,22 minutes
15591,YouTube ðð¢ðœð¡ðžâ„¢ Views - [ðŸ‡°ðŸ‡· Korea] [ðð¨ ð‘ðžðŸð¢ð¥ð¥] [Source: Suggested Videos From [ð†ð€ðŒðˆðð† / ð„ð’ððŽð‘ð“ð’] Topic Videos] [Retention 15-20 Mins] [Speed 100K/Day] [INSTANT],1997.5478,1 000,100 000,No Refill,23 minutes
10050,YouTube ðð¢ðœð¡ðžâ„¢ Views - [ðŸ‡»ðŸ‡³ Vietnam] [ðð¨ ð‘ðžðŸð¢ð¥ð¥] [Source: Suggested Videos From [ð†ð€ðŒðˆðð†] Topic Videos] [Retention 3-5 Mins] [Speed 100K/Day] [INSTANT],484.0854,1 000,100 000,No Refill,33 minutes
10051,YouTube ðð¢ðœð¡ðžâ„¢ Views - [ðŸ‡»ðŸ‡³ Vietnam] [ðð¨ ð‘ðžðŸð¢ð¥ð¥] [Source: Suggested Videos From [ð†ð€ðŒðˆðð†] Topic Videos] [Retention 7-10 Mins] [Speed 100K/Day] [INSTANT],951.4782,1 000,100 000,No Refill,23 minutes
10052,YouTube ðð¢ðœð¡ðžâ„¢ Views - [ðŸ‡»ðŸ‡³ Vietnam] [ðð¨ ð‘ðžðŸð¢ð¥ð¥] [Source: Suggested Videos From [ð†ð€ðŒðˆðð†] Topic Videos] [Retention 15-20 Mins] [Speed 100K/Day] [INSTANT],1997.5478,1 000,100 000,No Refill,23 minutes
10053,YouTube ðð¢ðœð¡ðžâ„¢ Views - [ðŸ‡»ðŸ‡³ Vietnam] [ðð¨ ð‘ðžðŸð¢ð¥ð¥] [Source: Suggested Videos From [ðð„ð–ð’] Topic Videos] [Retention 3-5 Mins] [Speed 100K/Day] [INSTANT],484.0854,1 000,100 000,No Refill,33 minutes
10054,YouTube ðð¢ðœð¡ðžâ„¢ Views - [ðŸ‡»ðŸ‡³ Vietnam] [ðð¨ ð‘ðžðŸð¢ð¥ð¥] [Source: Suggested Videos From [ðð„ð–ð’] Topic Videos] [Retention 7-10 Mins] [Speed 100K/Day] [INSTANT],951.4782,1 000,100 000,No Refill,22 minutes
10055,YouTube ðð¢ðœð¡ðžâ„¢ Views - [ðŸ‡»ðŸ‡³ Vietnam] [ðð¨ ð‘ðžðŸð¢ð¥ð¥] [Source: Suggested Videos From [ðð„ð–ð’] Topic Videos] [Retention 15-20 Mins] [Speed 100K/Day] [INSTANT],1997.5478,1 000,100 000,No Refill,11 minutes
10056,YouTube ðð¢ðœð¡ðžâ„¢ Views - [ðŸ‡»ðŸ‡³ Vietnam] [ðð¨ ð‘ðžðŸð¢ð¥ð¥] [Source: Suggested Videos From [ðŒð”ð’ðˆð‚] Topic Videos] [Retention 3-5 Mins] [Speed 100K/Day] [INSTANT],484.0854,1 000,100 000,No Refill,23 hours 50 minutes
10057,YouTube ðð¢ðœð¡ðžâ„¢ Views - [ðŸ‡»ðŸ‡³ Vietnam] [ðð¨ ð‘ðžðŸð¢ð¥ð¥] [Source: Suggested Videos From [ðŒð”ð’ðˆð‚] Topic Videos] [Retention 7-10 Mins] [Speed 100K/Day] [INSTANT],951.4782,1 000,100 000,No Refill,33 minutes
10058,YouTube ðð¢ðœð¡ðžâ„¢ Views - [ðŸ‡»ðŸ‡³ Vietnam] [ðð¨ ð‘ðžðŸð¢ð¥ð¥] [Source: Suggested Videos From [ðŒð”ð’ðˆð‚] Topic Videos] [Retention 15-20 Mins] [Speed 100K/Day] [INSTANT],1997.5478,1 000,100 000,No Refill,16 minutes
10059,YouTube ðð¢ðœð¡ðžâ„¢ Views - [ðŸ‡»ðŸ‡³ Vietnam] [ðð¨ ð‘ðžðŸð¢ð¥ð¥] [Source: Suggested Videos From [ð…ðˆðð€ðð‚ð„] Topic Videos] [Retention 3-5 Mins] [Speed 100K/Day] [INSTANT],484.0854,1 000,100 000,No Refill,11 minutes
10060,YouTube ðð¢ðœð¡ðžâ„¢ Views - [ðŸ‡»ðŸ‡³ Vietnam] [ðð¨ ð‘ðžðŸð¢ð¥ð¥] [Source: Suggested Videos From [ð…ðˆðð€ðð‚ð„] Topic Videos] [Retention 7-10 Mins] [Speed 100K/Day] [INSTANT],951.4782,1 000,100 000,No Refill,22 minutes
10061,YouTube ðð¢ðœð¡ðžâ„¢ Views - [ðŸ‡»ðŸ‡³ Vietnam] [ðð¨ ð‘ðžðŸð¢ð¥ð¥] [Source: Suggested Videos From [ð…ðˆðð€ðð‚ð„] Topic Videos] [Retention 15-20 Mins] [Speed 100K/Day] [INSTANT],1997.5478,1 000,100 000,No Refill,22 minutes
10062,YouTube ðð¢ðœð¡ðžâ„¢ Views - [ðŸ‡»ðŸ‡³ Vietnam] [ðð¨ ð‘ðžðŸð¢ð¥ð¥] [Source: Suggested Videos From [ð’ð“ðŽð‚ðŠ] Topic Videos] [Retention 3-5 Mins] [Speed 100K/Day] [INSTANT],484.0854,1 000,100 000,No Refill,22 minutes
10063,YouTube ðð¢ðœð¡ðžâ„¢ Views - [ðŸ‡»ðŸ‡³ Vietnam] [ðð¨ ð‘ðžðŸð¢ð¥ð¥] [Source: Suggested Videos From [ð’ð“ðŽð‚ðŠ] Topic Videos] [Retention 7-10 Mins] [Speed 100K/Day] [INSTANT],951.4782,1 000,100 000,No Refill,55 minutes
10064,YouTube ðð¢ðœð¡ðžâ„¢ Views - [ðŸ‡»ðŸ‡³ Vietnam] [ðð¨ ð‘ðžðŸð¢ð¥ð¥] [Source: Suggested Videos From [ð’ð“ðŽð‚ðŠ] Topic Videos] [Retention 15-20 Mins] [Speed 100K/Day] [INSTANT],1997.5478,1 000,100 000,No Refill,11 minutes
10065,YouTube ðð¢ðœð¡ðžâ„¢ Views - [ðŸ‡»ðŸ‡³ Vietnam] [ðð¨ ð‘ðžðŸð¢ð¥ð¥] [Source: Suggested Videos From [ðŠðˆðƒð’] Topic Videos] [Retention 3-5 Mins] [Speed 100K/Day] [INSTANT],484.0854,1 000,100 000,No Refill,33 minutes
10066,YouTube ðð¢ðœð¡ðžâ„¢ Views - [ðŸ‡»ðŸ‡³ Vietnam] [ðð¨ ð‘ðžðŸð¢ð¥ð¥] [Source: Suggested Videos From [ðŠðˆðƒð’] Topic Videos] [Retention 7-10 Mins] [Speed 100K/Day] [INSTANT],1329.8438,1 000,100 000,No Refill,11 minutes
10067,YouTube ðð¢ðœð¡ðžâ„¢ Views - [ðŸ‡»ðŸ‡³ Vietnam] [ðð¨ ð‘ðžðŸð¢ð¥ð¥] [Source: Suggested Videos From [ðŠðˆðƒð’] Topic Videos] [Retention 15-20 Mins] [Speed 100K/Day] [INSTANT],1997.5478,1 000,100 000,No Refill,23 minutes
10068,YouTube ðð¢ðœð¡ðžâ„¢ Views - [ðŸ‡»ðŸ‡³ Vietnam] [ðð¨ ð‘ðžðŸð¢ð¥ð¥] [Source: Suggested Videos From [ð“ð„ð‚ð‡ððŽð‹ðŽð†ð˜] Topic Videos] [Retention 3-5 Mins] [Speed 100K/Day] [INSTANT],484.0854,1 000,100 000,No Refill,55 minutes
10069,YouTube ðð¢ðœð¡ðžâ„¢ Views - [ðŸ‡»ðŸ‡³ Vietnam] [ðð¨ ð‘ðžðŸð¢ð¥ð¥] [Source: Suggested Videos From [ð“ð„ð‚ð‡ððŽð‹ðŽð†ð˜] Topic Videos] [Retention 7-10 Mins] [Speed 100K/Day] [INSTANT],951.4782,1 000,100 000,No Refill,55 minutes
10070,YouTube ðð¢ðœð¡ðžâ„¢ Views - [ðŸ‡»ðŸ‡³ Vietnam] [ðð¨ ð‘ðžðŸð¢ð¥ð¥] [Source: Suggested Videos From [ð“ð„ð‚ð‡ððŽð‹ðŽð†ð˜] Topic Videos] [Retention 15-20 Mins] [Speed 100K/Day] [INSTANT],1997.5478,1 000,100 000,No Refill,23 minutes
10071,YouTube ðð¢ðœð¡ðžâ„¢ Views - [ðŸ‡»ðŸ‡³ Vietnam] [ðð¨ ð‘ðžðŸð¢ð¥ð¥] [Source: Suggested Videos From [ð•ð‹ðŽð†ð’] Topic Videos] [Retention 3-5 Mins] [Speed 100K/Day] [INSTANT],484.0854,1 000,100 000,No Refill,16 minutes
10072,YouTube ðð¢ðœð¡ðžâ„¢ Views - [ðŸ‡»ðŸ‡³ Vietnam] [ðð¨ ð‘ðžðŸð¢ð¥ð¥] [Source: Suggested Videos From [ð•ð‹ðŽð†ð’] Topic Videos] [Retention 7-10 Mins] [Speed 100K/Day] [INSTANT],951.4782,1 000,100 000,No Refill,33 minutes
10073,YouTube ðð¢ðœð¡ðžâ„¢ Views - [ðŸ‡»ðŸ‡³ Vietnam] [ðð¨ ð‘ðžðŸð¢ð¥ð¥] [Source: Suggested Videos From [ð•ð‹ðŽð†ð’] Topic Videos] [Retention 15-20 Mins] [Speed 100K/Day] [INSTANT],1997.5478,1 000,100 000,No Refill,33 minutes
10074,YouTube ðð¢ðœð¡ðžâ„¢ Views - [ðŸ‡»ðŸ‡³ Vietnam] [ðð¨ ð‘ðžðŸð¢ð¥ð¥] [Source: Suggested Videos From [ð†ð€ðŒðˆðð† / ð„ð’ððŽð‘ð“ð’] Topic Videos] [Retention 3-5 Mins] [Speed 100K/Day] [INSTANT],484.0854,1 000,100 000,No Refill,55 minutes
10075,YouTube ðð¢ðœð¡ðžâ„¢ Views - [ðŸ‡»ðŸ‡³ Vietnam] [ðð¨ ð‘ðžðŸð¢ð¥ð¥] [Source: Suggested Videos From [ð†ð€ðŒðˆðð† / ð„ð’ððŽð‘ð“ð’] Topic Videos] [Retention 7-10 Mins] [Speed 100K/Day] [INSTANT],951.4782,1 000,100 000,No Refill,22 minutes
10076,YouTube ðð¢ðœð¡ðžâ„¢ Views - [ðŸ‡»ðŸ‡³ Vietnam] [ðð¨ ð‘ðžðŸð¢ð¥ð¥] [Source: Suggested Videos From [ð†ð€ðŒðˆðð† / ð„ð’ððŽð‘ð“ð’] Topic Videos] [Retention 15-20 Mins] [Speed 100K/Day] [INSTANT],1997.5478,1 000,100 000,No Refill,16 minutes
15592,YouTube ðð¢ðœð¡ðžâ„¢ Views - [Japan ðŸ‡¯ðŸ‡µ] [ðð¨ ð‘ðžðŸð¢ð¥ð¥] [Source: Suggested Videos From [ð†ð€ðŒðˆðð†] Topic Videos] [Retention 3-5 Mins] [Speed 100K/Day] [INSTANT],484.0854,1 000,100 000,No Refill,11 minutes
15593,YouTube ðð¢ðœð¡ðžâ„¢ Views - [Japan ðŸ‡¯ðŸ‡µ] [ðð¨ ð‘ðžðŸð¢ð¥ð¥] [Source: Suggested Videos From [ð†ð€ðŒðˆðð†] Topic Videos] [Retention 7-10 Mins] [Speed 100K/Day] [INSTANT],951.4782,1 000,100 000,No Refill,17 minutes
15594,YouTube ðð¢ðœð¡ðžâ„¢ Views - [Japan ðŸ‡¯ðŸ‡µ] [ðð¨ ð‘ðžðŸð¢ð¥ð¥] [Source: Suggested Videos From [ð†ð€ðŒðˆðð†] Topic Videos] [Retention 15-20 Mins] [Speed 100K/Day] [INSTANT],1997.5478,1 000,100 000,No Refill,17 minutes
15595,YouTube ðð¢ðœð¡ðžâ„¢ Views - [Japan ðŸ‡¯ðŸ‡µ] [ðð¨ ð‘ðžðŸð¢ð¥ð¥] [Source: Suggested Videos From [ðð„ð–ð’] Topic Videos] [Retention 3-5 Mins] [Speed 100K/Day] [INSTANT],484.0854,1 000,100 000,No Refill,6 minutes
15596,YouTube ðð¢ðœð¡ðžâ„¢ Views - [Japan ðŸ‡¯ðŸ‡µ] [ðð¨ ð‘ðžðŸð¢ð¥ð¥] [Source: Suggested Videos From [ðð„ð–ð’] Topic Videos] [Retention 7-10 Mins] [Speed 100K/Day] [INSTANT],951.4782,1 000,100 000,No Refill,22 minutes
15597,YouTube ðð¢ðœð¡ðžâ„¢ Views - [Japan ðŸ‡¯ðŸ‡µ] [ðð¨ ð‘ðžðŸð¢ð¥ð¥] [Source: Suggested Videos From [ðð„ð–ð’] Topic Videos] [Retention 15-20 Mins] [Speed 100K/Day] [INSTANT],1997.5478,1 000,100 000,No Refill,22 minutes
15598,YouTube ðð¢ðœð¡ðžâ„¢ Views - [Japan ðŸ‡¯ðŸ‡µ] [ðð¨ ð‘ðžðŸð¢ð¥ð¥] [Source: Suggested Videos From [ðŒð”ð’ðˆð‚] Topic Videos] [Retention 3-5 Mins] [Speed 100K/Day] [INSTANT],484.0854,1 000,100 000,No Refill,23 minutes
15599,YouTube ðð¢ðœð¡ðžâ„¢ Views - [Japan ðŸ‡¯ðŸ‡µ] [ðð¨ ð‘ðžðŸð¢ð¥ð¥] [Source: Suggested Videos From [ðŒð”ð’ðˆð‚] Topic Videos] [Retention 7-10 Mins] [Speed 100K/Day] [INSTANT],951.4782,1 000,100 000,No Refill,22 minutes
15600,YouTube ðð¢ðœð¡ðžâ„¢ Views - [Japan ðŸ‡¯ðŸ‡µ] [ðð¨ ð‘ðžðŸð¢ð¥ð¥] [Source: Suggested Videos From [ðŒð”ð’ðˆð‚] Topic Videos] [Retention 15-20 Mins] [Speed 100K/Day] [INSTANT],1997.5478,1 000,100 000,No Refill,11 minutes
15601,YouTube ðð¢ðœð¡ðžâ„¢ Views - [Japan ðŸ‡¯ðŸ‡µ] [ðð¨ ð‘ðžðŸð¢ð¥ð¥] [Source: Suggested Videos From [ð…ðˆðð€ðð‚ð„] Topic Videos] [Retention 3-5 Mins] [Speed 100K/Day] [INSTANT],484.0854,1 000,100 000,No Refill,33 minutes
15602,YouTube ðð¢ðœð¡ðžâ„¢ Views - [Japan ðŸ‡¯ðŸ‡µ] [ðð¨ ð‘ðžðŸð¢ð¥ð¥] [Source: Suggested Videos From [ð…ðˆðð€ðð‚ð„] Topic Videos] [Retention 7-10 Mins] [Speed 100K/Day] [INSTANT],951.4782,1 000,100 000,No Refill,23 minutes
15603,YouTube ðð¢ðœð¡ðžâ„¢ Views - [Japan ðŸ‡¯ðŸ‡µ] [ðð¨ ð‘ðžðŸð¢ð¥ð¥] [Source: Suggested Videos From [ð…ðˆðð€ðð‚ð„] Topic Videos] [Retention 15-20 Mins] [Speed 100K/Day] [INSTANT],1997.5478,1 000,100 000,No Refill,11 minutes
15604,YouTube ðð¢ðœð¡ðžâ„¢ Views - [Japan ðŸ‡¯ðŸ‡µ] [ðð¨ ð‘ðžðŸð¢ð¥ð¥] [Source: Suggested Videos From [ð’ð“ðŽð‚ðŠ] Topic Videos] [Retention 3-5 Mins] [Speed 100K/Day] [INSTANT],484.0854,1 000,100 000,No Refill,17 minutes
15605,YouTube ðð¢ðœð¡ðžâ„¢ Views - [Japan ðŸ‡¯ðŸ‡µ] [ðð¨ ð‘ðžðŸð¢ð¥ð¥] [Source: Suggested Videos From [ð’ð“ðŽð‚ðŠ] Topic Videos] [Retention 7-10 Mins] [Speed 100K/Day] [INSTANT],951.4782,1 000,100 000,No Refill,22 minutes
15606,YouTube ðð¢ðœð¡ðžâ„¢ Views - [Japan ðŸ‡¯ðŸ‡µ] [ðð¨ ð‘ðžðŸð¢ð¥ð¥] [Source: Suggested Videos From [ð’ð“ðŽð‚ðŠ] Topic Videos] [Retention 15-20 Mins] [Speed 100K/Day] [INSTANT],1997.5478,1 000,100 000,No Refill,16 minutes
15607,YouTube ðð¢ðœð¡ðžâ„¢ Views - [Japan ðŸ‡¯ðŸ‡µ] [ðð¨ ð‘ðžðŸð¢ð¥ð¥] [Source: Suggested Videos From [ðŠðˆðƒð’] Topic Videos] [Retention 3-5 Mins] [Speed 100K/Day] [INSTANT],484.0854,1 000,100 000,No Refill,11 minutes
15608,YouTube ðð¢ðœð¡ðžâ„¢ Views - [Japan ðŸ‡¯ðŸ‡µ] [ðð¨ ð‘ðžðŸð¢ð¥ð¥] [Source: Suggested Videos From [ðŠðˆðƒð’] Topic Videos] [Retention 7-10 Mins] [Speed 100K/Day] [INSTANT],951.4782,1 000,100 000,No Refill,11 minutes
15609,YouTube ðð¢ðœð¡ðžâ„¢ Views - [Japan ðŸ‡¯ðŸ‡µ] [ðð¨ ð‘ðžðŸð¢ð¥ð¥] [Source: Suggested Videos From [ðŠðˆðƒð’] Topic Videos] [Retention 15-20 Mins] [Speed 100K/Day] [INSTANT],1997.5478,1 000,100 000,No Refill,55 minutes
15610,YouTube ðð¢ðœð¡ðžâ„¢ Views - [Japan ðŸ‡¯ðŸ‡µ] [ðð¨ ð‘ðžðŸð¢ð¥ð¥] [Source: Suggested Videos From [ð“ð„ð‚ð‡ððŽð‹ðŽð†ð˜] Topic Videos] [Retention 3-5 Mins] [Speed 100K/Day] [INSTANT],484.0854,1 000,100 000,No Refill,55 minutes
15611,YouTube ðð¢ðœð¡ðžâ„¢ Views - [Japan ðŸ‡¯ðŸ‡µ] [ðð¨ ð‘ðžðŸð¢ð¥ð¥] [Source: Suggested Videos From [ð“ð„ð‚ð‡ððŽð‹ðŽð†ð˜] Topic Videos] [Retention 7-10 Mins] [Speed 100K/Day] [INSTANT],951.4782,1 000,100 000,No Refill,33 minutes
15612,YouTube ðð¢ðœð¡ðžâ„¢ Views - [Japan ðŸ‡¯ðŸ‡µ] [ðð¨ ð‘ðžðŸð¢ð¥ð¥] [Source: Suggested Videos From [ð“ð„ð‚ð‡ððŽð‹ðŽð†ð˜] Topic Videos] [Retention 15-20 Mins] [Speed 100K/Day] [INSTANT],1997.5478,1 000,100 000,No Refill,11 minutes
15613,YouTube ðð¢ðœð¡ðžâ„¢ Views - [Japan ðŸ‡¯ðŸ‡µ] [ðð¨ ð‘ðžðŸð¢ð¥ð¥] [Source: Suggested Videos From [ð•ð‹ðŽð†ð’] Topic Videos] [Retention 3-5 Mins] [Speed 100K/Day] [INSTANT],484.0854,1 000,100 000,No Refill,11 minutes
15614,YouTube ðð¢ðœð¡ðžâ„¢ Views - [Japan ðŸ‡¯ðŸ‡µ] [ðð¨ ð‘ðžðŸð¢ð¥ð¥] [Source: Suggested Videos From [ð•ð‹ðŽð†ð’] Topic Videos] [Retention 7-10 Mins] [Speed 100K/Day] [INSTANT],951.4782,1 000,100 000,No Refill,11 minutes
15615,YouTube ðð¢ðœð¡ðžâ„¢ Views - [Japan ðŸ‡¯ðŸ‡µ] [ðð¨ ð‘ðžðŸð¢ð¥ð¥] [Source: Suggested Videos From [ð•ð‹ðŽð†ð’] Topic Videos] [Retention 15-20 Mins] [Speed 100K/Day] [INSTANT],1997.5478,1 000,100 000,No Refill,55 minutes
15616,YouTube ðð¢ðœð¡ðžâ„¢ Views - [Japan ðŸ‡¯ðŸ‡µ] [ðð¨ ð‘ðžðŸð¢ð¥ð¥] [Source: Suggested Videos From [ð†ð€ðŒðˆðð† / ð„ð’ððŽð‘ð“ð’] Topic Videos] [Retention 3-5 Mins] [Speed 100K/Day] [INSTANT],484.0854,1 000,100 000,No Refill,22 minutes
15617,YouTube ðð¢ðœð¡ðžâ„¢ Views - [Japan ðŸ‡¯ðŸ‡µ] [ðð¨ ð‘ðžðŸð¢ð¥ð¥] [Source: Suggested Videos From [ð†ð€ðŒðˆðð† / ð„ð’ððŽð‘ð“ð’] Topic Videos] [Retention 7-10 Mins] [Speed 100K/Day] [INSTANT],951.4782,1 000,100 000,No Refill,17 minutes
15618,YouTube ðð¢ðœð¡ðžâ„¢ Views - [Japan ðŸ‡¯ðŸ‡µ] [ðð¨ ð‘ðžðŸð¢ð¥ð¥] [Source: Suggested Videos From [ð†ð€ðŒðˆðð† / ð„ð’ððŽð‘ð“ð’] Topic Videos] [Retention 15-20 Mins] [Speed 100K/Day] [INSTANT],1997.5478,1 000,100 000,No Refill,22 minutes
16265,YouTube Views + 10% Likes + ðŸ¤– %1 AI Targeted Comments | ð’ð¨ð®ð«ðœðž: ðŒð®ð¬ð¢ðœ | 30 Days Refill | ð’ð¨ð®ð«ðœðž: ð˜ð¨ð®ð­ð®ð›ðž ð’ðžðšð«ðœð¡ ðð² ðŠðžð²ð°ð¨ð«ðð¬ + ð’ð®ð ð ðžð¬ð­ðžð + ð„ð±ð­ðžð«ð§ðšð¥ | Dynamic Retention: 3-5 Minutes | Speed 10K/Day | Instant,968.1708,1 000,1 000 000,30 Days Refill,48 hours 40 minutes
16266,YouTube Views + 10% Likes + ðŸ¤– %1 AI Targeted Comments | ð’ð¨ð®ð«ðœðž: ð…ð¢ð§ðšð§ðœðž | 30 Days Refill | ð’ð¨ð®ð«ðœðž: ð’ð®ð ð ðžð¬ð­ðžð + ð„ð±ð­ðžð«ð§ðšð¥ | Dynamic Retention: 3-5 Minutes | Speed 10K/Day | Instant,968.1708,1 000,1 000 000,30 Days Refill,23 minutes
16267,YouTube Views + 10% Likes + ðŸ¤– %1 AI Targeted Comments | ð’ð¨ð®ð«ðœðž: ð‚ð«ð²ð©ð­ð¨ | 30 Days Refill | ð’ð¨ð®ð«ðœðž: ð’ð®ð ð ðžð¬ð­ðžð + ð„ð±ð­ðžð«ð§ðšð¥ | Dynamic Retention: 3-5 Minutes | Speed 10K/Day | Instant,968.1708,1 000,1 000 000,30 Days Refill,69 hours 23 minutes
16268,YouTube Views + 10% Likes + ðŸ¤– %1 AI Targeted Comments | ð’ð¨ð®ð«ðœðž: ð„ð§ð­ðžð«ð­ðšð¢ð§ð¦ðžð§ð­ | 30 Days Refill | ð’ð¨ð®ð«ðœðž: ð’ð®ð ð ðžð¬ð­ðžð + ð„ð±ð­ðžð«ð§ðšð¥ | Dynamic Retention: 3-5 Minutes | Speed 1K/Day | Instant,968.1708,1 000,1 000 000,30 Days Refill,22 minutes
16269,YouTube Views + 10% Likes + ðŸ¤– %1 AI Targeted Comments | ð’ð¨ð®ð«ðœðž: ð†ðšð¦ð¢ð§ð | 30 Days Refill | ð’ð¨ð®ð«ðœðž: ð’ð®ð ð ðžð¬ð­ðžð + ð„ð±ð­ðžð«ð§ðšð¥ | Dynamic Retention: 3-5 Minutes | Speed 10K/Day | Instant,968.1708,1 000,1 000 000,30 Days Refill,17 minutes
16270,YouTube Views + 10% Likes + ðŸ¤– %1 AI Targeted Comments | ð’ð¨ð®ð«ðœðž: ððžð°ð¬ | 30 Days Refill | ð’ð¨ð®ð«ðœðž: ð’ð®ð ð ðžð¬ð­ðžð + ð„ð±ð­ðžð«ð§ðšð¥ | Dynamic Retention: 3-5 Minutes | Speed 1K/Day | Instant,968.1708,1 000,1 000 000,30 Days Refill,11 minutes
16271,YouTube Views + 10% Likes + ðŸ¤– %1 AI Targeted Comments | ð’ð¨ð®ð«ðœðž: ð‚ð¨ð¨ð¤ð¢ð§ð | 30 Days Refill | ð’ð¨ð®ð«ðœðž: ð’ð®ð ð ðžð¬ð­ðžð + ð„ð±ð­ðžð«ð§ðšð¥ | Dynamic Retention: 3-5 Minutes | Speed 1K/Day | Instant,968.1708,1 000,1 000 000,30 Days Refill,11 minutes
16272,YouTube Views + 10% Likes + ðŸ¤– %1 AI Targeted Comments | ð’ð¨ð®ð«ðœðž: ð…ðšð¬ð¡ð¢ð¨ð§ | 30 Days Refill | ð’ð¨ð®ð«ðœðž: ð’ð®ð ð ðžð¬ð­ðžð + ð„ð±ð­ðžð«ð§ðšð¥ | Dynamic Retention: 3-5 Minutes | Speed 1K/Day | Instant,968.1708,1 000,1 000 000,30 Days Refill,88 hours 6 minutes
16273,YouTube Views + 10% Likes + ðŸ¤– %1 AI Targeted Comments | ð’ð¨ð®ð«ðœðž: ð“ðžðœð¡ | 30 Days Refill | ð’ð¨ð®ð«ðœðž: ð’ð®ð ð ðžð¬ð­ðžð + ð„ð±ð­ðžð«ð§ðšð¥ | Dynamic Retention: 3-5 Minutes | Speed 1K/Day | Instant,968.1708,1 000,1 000 000,30 Days Refill,23 minutes
16274,YouTube Views + 10% Likes + ðŸ¤– %1 AI Targeted Comments | ð’ð¨ð®ð«ðœðž: ð‚ðšð«ð¬ | 30 Days Refill | ð’ð¨ð®ð«ðœðž: ð’ð®ð ð ðžð¬ð­ðžð + ð„ð±ð­ðžð«ð§ðšð¥ | Dynamic Retention: 3-5 Minutes | Speed 1K/Day | Instant,968.1708,1 000,1 000 000,30 Days Refill,17 minutes
16275,YouTube Views + 10% Likes + ðŸ¤– %1 AI Targeted Comments | ð’ð¨ð®ð«ðœðž: ð…ð¢ð­ð§ðžð¬ð¬ | 30 Days Refill | ð’ð¨ð®ð«ðœðž: ð’ð®ð ð ðžð¬ð­ðžð + ð„ð±ð­ðžð«ð§ðšð¥ | Dynamic Retention: 3-5 Minutes | Speed 1K/Day | Instant,968.1708,1 000,1 000 000,30 Days Refill,16 minutes
16276,YouTube Views + 10% Likes + ðŸ¤– %1 AI Targeted Comments | ð’ð¨ð®ð«ðœðž: ð•ð¥ð¨ð ð¬ | 30 Days Refill | ð’ð¨ð®ð«ðœðž: ð’ð®ð ð ðžð¬ð­ðžð + ð„ð±ð­ðžð«ð§ðšð¥ | Dynamic Retention: 3-5 Minutes | Speed 1K/Day | Instant,968.1708,1 000,1 000 000,30 Days Refill,22 minutes
16240,YouTube Views + 10% Likes + ðŸ¤– %1 AI Targeted Comments | USA ðŸ‡ºðŸ‡¸ | 30 Days Refill | ð’ð¨ð®ð«ðœðž: ð˜ð¨ð®ð­ð®ð›ðž ð’ðžðšð«ðœð¡ ðð² ðŠðžð²ð°ð¨ð«ðð¬ + ð’ð®ð ð ðžð¬ð­ðžð + ð„ð±ð­ðžð«ð§ðšð¥ | Dynamic Retention: 1-3 Minutes | Speed 1K/Day | Instant,2114.396,1 000,1 000 000,30 Days Refill,5 hours 44 minutes
16241,YouTube Views + 10% Likes + ðŸ¤– %1 AI Targeted Comments | USA ðŸ‡ºðŸ‡¸ | 30 Days Refill | ð’ð¨ð®ð«ðœðž: ð˜ð¨ð®ð­ð®ð›ðž ð’ðžðšð«ðœð¡ ðð² ðŠðžð²ð°ð¨ð«ðð¬ + ð’ð®ð ð ðžð¬ð­ðžð + ð„ð±ð­ðžð«ð§ðšð¥ | Dynamic Retention: 3-5 Minutes | Speed 1K/Day | Instant,2286.8862,1 000,1 000 000,30 Days Refill,17 minutes
16242,YouTube Views + 10% Likes + ðŸ¤– %1 AI Targeted Comments | USA ðŸ‡ºðŸ‡¸ | 30 Days Refill | ð’ð¨ð®ð«ðœðž: ð˜ð¨ð®ð­ð®ð›ðž ð’ðžðšð«ðœð¡ ðð² ðŠðžð²ð°ð¨ð«ðð¬ + ð’ð®ð ð ðžð¬ð­ðžð + ð„ð±ð­ðžð«ð§ðšð¥ | Dynamic Retention: 5-10 Minutes | Speed 1K/Day | Instant,2793.2284,1 000,1 000 000,30 Days Refill,25 hours 16 minutes
16243,YouTube Views + 10% Likes + ðŸ¤– %1 AI Targeted Comments | USA ðŸ‡ºðŸ‡¸ | 30 Days Refill | ð’ð¨ð®ð«ðœðž: ð˜ð¨ð®ð­ð®ð›ðž ð’ðžðšð«ðœð¡ ðð² ðŠðžð²ð°ð¨ð«ðð¬ + ð’ð®ð ð ðžð¬ð­ðžð + ð„ð±ð­ðžð«ð§ðšð¥ | Dynamic Retention: 10-15 Minutes | Speed 1K/Day | Instant,2999.1038,1 000,1 000 000,30 Days Refill,11 minutes
16244,YouTube Views + 10% Likes + ðŸ¤– %1 AI Targeted Comments | USA ðŸ‡ºðŸ‡¸ | 30 Days Refill | ð’ð¨ð®ð«ðœðž: ð˜ð¨ð®ð­ð®ð›ðž ð’ðžðšð«ðœð¡ ðð² ðŠðžð²ð°ð¨ð«ðð¬ + ð’ð®ð ð ðžð¬ð­ðžð + ð„ð±ð­ðžð«ð§ðšð¥ | Dynamic Retention: 20 Minutes | Speed 1K/Day | Instant,3216.1076,1 000,1 000 000,30 Days Refill,33 minutes
16245,YouTube Views + 10% Likes + ðŸ¤– %1 AI Targeted Comments | South Korea ðŸ‡°ðŸ‡· | 30 Days Refill | ð’ð¨ð®ð«ðœðž: ð˜ð¨ð®ð­ð®ð›ðž ð’ðžðšð«ðœð¡ ðð² ðŠðžð²ð°ð¨ð«ðð¬ + ð’ð®ð ð ðžð¬ð­ðžð + ð„ð±ð­ðžð«ð§ðšð¥ | Dynamic Retention: 1-3 Minutes | Speed 1K/Day | Instant,2114.396,1 000,1 000 000,30 Days Refill,17 minutes
16246,YouTube Views + 10% Likes + ðŸ¤– %1 AI Targeted Comments | South Korea ðŸ‡°ðŸ‡· | 30 Days Refill | ð’ð¨ð®ð«ðœðž: ð˜ð¨ð®ð­ð®ð›ðž ð’ðžðšð«ðœð¡ ðð² ðŠðžð²ð°ð¨ð«ðð¬ + ð’ð®ð ð ðžð¬ð­ðžð + ð„ð±ð­ðžð«ð§ðšð¥ | Dynamic Retention: 3-5 Minutes | Speed 1K/Day | Instant,2286.8862,1 000,1 000 000,30 Days Refill,11 minutes
16247,YouTube Views + 10% Likes + ðŸ¤– %1 AI Targeted Comments | South Korea ðŸ‡°ðŸ‡· | 30 Days Refill | ð’ð¨ð®ð«ðœðž: ð˜ð¨ð®ð­ð®ð›ðž ð’ðžðšð«ðœð¡ ðð² ðŠðžð²ð°ð¨ð«ðð¬ + ð’ð®ð ð ðžð¬ð­ðžð + ð„ð±ð­ðžð«ð§ðšð¥ | Dynamic Retention: 5-10 Minutes | Speed 1K/Day | Instant,2793.2284,1 000,1 000 000,30 Days Refill,11 minutes
16248,YouTube Views + 10% Likes + ðŸ¤– %1 AI Targeted Comments | South Korea ðŸ‡°ðŸ‡· | 30 Days Refill | ð’ð¨ð®ð«ðœðž: ð˜ð¨ð®ð­ð®ð›ðž ð’ðžðšð«ðœð¡ ðð² ðŠðžð²ð°ð¨ð«ðð¬ + ð’ð®ð ð ðžð¬ð­ðžð + ð„ð±ð­ðžð«ð§ðšð¥ | Dynamic Retention: 10-15 Minutes | Speed 1K/Day | Instant,2999.1038,1 000,1 000 000,30 Days Refill,22 minutes
16249,YouTube Views + 10% Likes + ðŸ¤– %1 AI Targeted Comments | South Korea ðŸ‡°ðŸ‡· | 30 Days Refill | ð’ð¨ð®ð«ðœðž: ð˜ð¨ð®ð­ð®ð›ðž ð’ðžðšð«ðœð¡ ðð² ðŠðžð²ð°ð¨ð«ðð¬ + ð’ð®ð ð ðžð¬ð­ðžð + ð„ð±ð­ðžð«ð§ðšð¥ | Dynamic Retention: 20 Minutes | Speed 1K/Day | Instant,3216.1076,1 000,1 000 000,30 Days Refill,22 minutes
16255,YouTube Views + 10% Likes + ðŸ¤– %1 AI Targeted Comments | Japan ðŸ‡¯ðŸ‡µ | 30 Days Refill | ð’ð¨ð®ð«ðœðž: ð˜ð¨ð®ð­ð®ð›ðž ð’ðžðšð«ðœð¡ ðð² ðŠðžð²ð°ð¨ð«ðð¬ + ð’ð®ð ð ðžð¬ð­ðžð + ð„ð±ð­ðžð«ð§ðšð¥ | Dynamic Retention: 1-3 Minutes | Speed 1K/Day | Instant,2114.396,1 000,1 000 000,30 Days Refill,17 minutes
16256,YouTube Views + 10% Likes + ðŸ¤– %1 AI Targeted Comments | Japan ðŸ‡¯ðŸ‡µ | 30 Days Refill | ð’ð¨ð®ð«ðœðž: ð˜ð¨ð®ð­ð®ð›ðž ð’ðžðšð«ðœð¡ ðð² ðŠðžð²ð°ð¨ð«ðð¬ + ð’ð®ð ð ðžð¬ð­ðžð + ð„ð±ð­ðžð«ð§ðšð¥ | Dynamic Retention: 3-5 Minutes | Speed 1K/Day | Instant,2286.8862,1 000,1 000 000,30 Days Refill,55 minutes
16257,YouTube Views + 10% Likes + ðŸ¤– %1 AI Targeted Comments | Japan ðŸ‡¯ðŸ‡µ | 30 Days Refill | ð’ð¨ð®ð«ðœðž: ð˜ð¨ð®ð­ð®ð›ðž ð’ðžðšð«ðœð¡ ðð² ðŠðžð²ð°ð¨ð«ðð¬ + ð’ð®ð ð ðžð¬ð­ðžð + ð„ð±ð­ðžð«ð§ðšð¥ | Dynamic Retention: 5-10 Minutes | Speed 1K/Day | Instant,2793.2284,1 000,1 000 000,30 Days Refill,33 minutes
16258,YouTube Views + 10% Likes + ðŸ¤– %1 AI Targeted Comments | Japan ðŸ‡¯ðŸ‡µ | 30 Days Refill | ð’ð¨ð®ð«ðœðž: ð˜ð¨ð®ð­ð®ð›ðž ð’ðžðšð«ðœð¡ ðð² ðŠðžð²ð°ð¨ð«ðð¬ + ð’ð®ð ð ðžð¬ð­ðžð + ð„ð±ð­ðžð«ð§ðšð¥ | Dynamic Retention: 10-15 Minutes | Speed 1K/Day | Instant,2999.1038,1 000,1 000 000,30 Days Refill,23 minutes
16259,YouTube Views + 10% Likes + ðŸ¤– %1 AI Targeted Comments | Japan ðŸ‡¯ðŸ‡µ | 30 Days Refill | ð’ð¨ð®ð«ðœðž: ð˜ð¨ð®ð­ð®ð›ðž ð’ðžðšð«ðœð¡ ðð² ðŠðžð²ð°ð¨ð«ðð¬ + ð’ð®ð ð ðžð¬ð­ðžð + ð„ð±ð­ðžð«ð§ðšð¥ | Dynamic Retention: 20 Minutes | Speed 1K/Day | Instant,3216.1076,1 000,1 000 000,30 Days Refill,16 minutes
16250,YouTube Views + 10% Likes + ðŸ¤– %1 AI Targeted Comments | Vietnam ðŸ‡»ðŸ‡³ | 30 Days Refill | ð’ð¨ð®ð«ðœðž: ð˜ð¨ð®ð­ð®ð›ðž ð’ðžðšð«ðœð¡ ðð² ðŠðžð²ð°ð¨ð«ðð¬ + ð’ð®ð ð ðžð¬ð­ðžð + ð„ð±ð­ðžð«ð§ðšð¥ | Dynamic Retention: 1-3 Minutes | Speed 1K/Day | Instant,2114.396,1 000,1 000 000,30 Days Refill,55 minutes
16251,YouTube Views + 10% Likes + ðŸ¤– %1 AI Targeted Comments | Vietnam ðŸ‡»ðŸ‡³ | 30 Days Refill | ð’ð¨ð®ð«ðœðž: ð˜ð¨ð®ð­ð®ð›ðž ð’ðžðšð«ðœð¡ ðð² ðŠðžð²ð°ð¨ð«ðð¬ + ð’ð®ð ð ðžð¬ð­ðžð + ð„ð±ð­ðžð«ð§ðšð¥ | Dynamic Retention: 3-5 Minutes | Speed 1K/Day | Instant,2286.8862,1 000,1 000 000,30 Days Refill,22 minutes
16252,YouTube Views + 10% Likes + ðŸ¤– %1 AI Targeted Comments | Vietnam ðŸ‡»ðŸ‡³ | 30 Days Refill | ð’ð¨ð®ð«ðœðž: ð˜ð¨ð®ð­ð®ð›ðž ð’ðžðšð«ðœð¡ ðð² ðŠðžð²ð°ð¨ð«ðð¬ + ð’ð®ð ð ðžð¬ð­ðžð + ð„ð±ð­ðžð«ð§ðšð¥ | Dynamic Retention: 5-10 Minutes | Speed 1K/Day | Instant,2793.2284,1 000,1 000 000,30 Days Refill,11 minutes
16254,YouTube Views + 10% Likes + ðŸ¤– %1 AI Targeted Comments | Vietnam ðŸ‡»ðŸ‡³ | 30 Days Refill | ð’ð¨ð®ð«ðœðž: ð˜ð¨ð®ð­ð®ð›ðž ð’ðžðšð«ðœð¡ ðð² ðŠðžð²ð°ð¨ð«ðð¬ + ð’ð®ð ð ðžð¬ð­ðžð + ð„ð±ð­ðžð«ð§ðšð¥ | Dynamic Retention: 20 Minutes | Speed 1K/Day | Instant,3216.1076,1 000,1 000 000,30 Days Refill,11 minutes
16253,YouTube Views + 10% Likes + ðŸ¤– %1 AI Targeted Comments | Vietnam ðŸ‡»ðŸ‡³ | 30 Days Refill | ð’ð¨ð®ð«ðœðž: ð˜ð¨ð®ð­ð®ð›ðž ð’ðžðšð«ðœð¡ ðð² ðŠðžð²ð°ð¨ð«ðð¬ + ð’ð®ð ð ðžð¬ð­ðžð + ð„ð±ð­ðžð«ð§ðšð¥ | Dynamic Retention: 10-15 Minutes | Speed 1K/Day | Instant,2999.1038,1 000,1 000 000,30 Days Refill,55 minutes
16260,YouTube Views + 10% Likes + ðŸ¤– %1 AI Targeted Comments | India ðŸ‡®ðŸ‡³ | 30 Days Refill | ð’ð¨ð®ð«ðœðž: ð˜ð¨ð®ð­ð®ð›ðž ð’ðžðšð«ðœð¡ ðð² ðŠðžð²ð°ð¨ð«ðð¬ + ð’ð®ð ð ðžð¬ð­ðžð + ð„ð±ð­ðžð«ð§ðšð¥ | Dynamic Retention: 1-3 Minutes | Speed 1K/Day | Instant,2114.396,1 000,1 000 000,30 Days Refill,33 minutes
16261,YouTube Views + 10% Likes + ðŸ¤– %1 AI Targeted Comments | India ðŸ‡®ðŸ‡³ | 30 Days Refill | ð’ð¨ð®ð«ðœðž: ð˜ð¨ð®ð­ð®ð›ðž ð’ðžðšð«ðœð¡ ðð² ðŠðžð²ð°ð¨ð«ðð¬ + ð’ð®ð ð ðžð¬ð­ðžð + ð„ð±ð­ðžð«ð§ðšð¥ | Dynamic Retention: 3-5 Minutes | Speed 1K/Day | Instant,2286.8862,1 000,1 000 000,30 Days Refill,23 minutes
16262,YouTube Views + 10% Likes + ðŸ¤– %1 AI Targeted Comments | India ðŸ‡®ðŸ‡³ | 30 Days Refill | ð’ð¨ð®ð«ðœðž: ð˜ð¨ð®ð­ð®ð›ðž ð’ðžðšð«ðœð¡ ðð² ðŠðžð²ð°ð¨ð«ðð¬ + ð’ð®ð ð ðžð¬ð­ðžð + ð„ð±ð­ðžð«ð§ðšð¥ | Dynamic Retention: 5-10 Minutes | Speed 1K/Day | Instant,2793.2284,1 000,1 000 000,30 Days Refill,23 minutes
16263,YouTube Views + 10% Likes + ðŸ¤– %1 AI Targeted Comments | India ðŸ‡®ðŸ‡³ | 30 Days Refill | ð’ð¨ð®ð«ðœðž: ð˜ð¨ð®ð­ð®ð›ðž ð’ðžðšð«ðœð¡ ðð² ðŠðžð²ð°ð¨ð«ðð¬ + ð’ð®ð ð ðžð¬ð­ðžð + ð„ð±ð­ðžð«ð§ðšð¥ | Dynamic Retention: 10-15 Minutes | Speed 1K/Day | Instant,2999.1038,1 000,1 000 000,30 Days Refill,55 minutes
16264,YouTube Views + 10% Likes + ðŸ¤– %1 AI Targeted Comments | India ðŸ‡®ðŸ‡³ | 30 Days Refill | ð’ð¨ð®ð«ðœðž: ð˜ð¨ð®ð­ð®ð›ðž ð’ðžðšð«ðœð¡ ðð² ðŠðžð²ð°ð¨ð«ðð¬ + ð’ð®ð ð ðžð¬ð­ðžð + ð„ð±ð­ðžð«ð§ðšð¥ | Dynamic Retention: 20 Minutes | Speed 1K/Day | Instant,3216.1076,1 000,1 000 000,30 Days Refill,16 minutes
6290,YouTube Short Video Views - [ð‘ð„ð€ð‹] [Lifetime Warranty] [Speed 500K/Day] [INSTANT],829.0658,10 000,3 000 000,Lifetime Refill,33 minutes
7763,YouTube Short Video Views - [ð‘ð„ð€ð‹] [ð’ð¨ð®ð«ðœðž - ð€ðð¯ðžð«ð¬ð­ð¢ð¬ð¢ð§ð ððžð­ð°ð¨ð«ð¤ ð„ð¦ð›ðžð] [Lifetime Refill] [Non-Drop] [500K/Day] [INSTANT],957.0424,5 000,50 000 000,Lifetime Refill,33 minutes
12059,YouTube Unique Shorts Views & Engagements - [RAV-GSâ„¢ - Real & Active Views] [90 Days Refill] [Speed 50-100K/Day] [Instant],1663.6958,500,500 000,90 Days Refill,2 hours 7 minutes
12217,YouTube Shorts Comments Likes - [ð‚ð”ð’ð“ðŽðŒ] [ð‘ðžðšð¥] [30 Days Refill] [Max 1M] [Non Drop] [Speed 500-800K/Day] [Always Instant],2119.9602,10,100 000,30 Days Refill,22 minutes
12226,YouTube Shorts Likes - [ð‘ðžðšð¥] [30 Days Refill] [Max 50K] [Non Drop] [Speed 20-40K/Day] [Always Instant],450.7002,100,50 000,30 Days Refill,3 minutes
12227,YouTube Shorts Likes - [ð‘ðžðšð¥] [365 Days Refill] [Max 50K] [Non Drop] [Speed 20-40K/Day] [Always Instant],467.3928,100,50 000,365 Days Refill,3 minutes
12228,YouTube Shorts Likes - [ð‘ðžðšð¥] [Lifetime Refill] [Max 50K] [Non Drop] [Speed 20-40K/Day] [Always Instant],484.0854,100,50 000,Lifetime Refill,4 minutes
6299,YouTube Short Video Likes - [30 Days Refill] [Max 50K] [Speed 30-50K/Day] [Always Instant],434.0076,100,50 000,30 Days Refill,4 minutes
4846,YouTube Short Video Likes - [No Refill] [Max 100k] [Speed 50K/Day] [INSTANT],723.346,100,100 000,No Refill,4 minutes
6298,YouTube Short Video Likes - [30 Days Refill] [ðð¨ð§-ðƒð«ð¨ð©] [Max 200k] [Speed 40K/HR] [INSTANT],450.7002,100,200 000,30 Days Refill,4 minutes
3853,YouTube Short Video Likes - [Lifetime Refill] [Max 150K] [Speed 50-100K/Day] [ðˆð§ð¬ð­ðšð§ð­ - ððžð¯ðžð« ðƒð«ð¨ð© - ð‡ð] [ðð„ð’ð“] ðŸ”¥,8902.72,100,150 000,Lifetime Refill,16 minutes
8161,YouTube Short Comments - [ð‚ð”ð’ð“ðŽðŒ] [ð‡ð¢ð ð¡ ðð®ðšð¥ð¢ð­ð²] [30 Days Refill] [Max 2K] [Non Drop] [Speed 1-2K/Day] [Always Instant],2170.038,5,2 000,30 Days Refill,8 minutes
8162,YouTube Short Comments - [ð‚ð”ð’ð“ðŽðŒ] [ð‘ð„ð€ð‹] [30 Days Refill] [Max 5K] [Non Drop] [Speed 5K/Day] [Always Instant],2503.89,5,10 000,30 Days Refill,33 minutes
8163,YouTube Short Comments - [ð‚ð”ð’ð“ðŽðŒ] [Max 5K] [Non-Drop] [Speed 5-10K/Day] [Always Instant],1524.5908,10,50 000,30 Days Refill,16 minutes
11723,YouTube Unique Views & Engagements - [RAV-GSâ„¢ - Real & Active Views] [90 Days Refill] [Speed 50-100K/Day] [Instant],1719.3378,500,500 000,90 Days Refill,9 hours 45 minutes
11724,YouTube Unique Shorts Views & Engagements - [RAV-GSâ„¢ - Real & Active Views] [90 Days Refill] [Speed 50-100K/Day] [Instant],1719.3378,500,500 000,90 Days Refill,4 hours 19 minutes
11725,YouTube Unique Views & Engagements - [RAVâ„¢ - Real & Active Views] [90 Days Refill] [Speed 50-100K/Day] [Instant],1791.6724,500,500 000,90 Days Refill,13 hours 13 minutes
11726,YouTube Unique Views & Engagements - [RAV-MTSâ„¢ - High Monetization Views] [90 Days Refill] [Speed 50-100K/Day] [Instant],3433.1114,500,500 000,90 Days Refill,10 hours 47 minutes
11727,YouTube Unique Views & Engagements - [RAV-MMSâ„¢ - Music Monetization Views] [90 Days Refill] [Speed 50-100K/Day] [Instant],2003.112,500,500 000,90 Days Refill,23 minutes
11728,YouTube Unique Views & Engagements - [RAV-MMSâ„¢ - Music Monetization Views] [90 Days Refill] [Speed 50-100K/Day] [Instant],3433.1114,500,500 000,90 Days Refill,17 minutes
7812,YouTube Unique Views - [USA ðŸ‡ºðŸ‡¸] [RAVâ„¢ - Real & Active Views] [90 Days Refill] [Speed 500-1K/Day],3961.7104,500,100 000,90 Days Refill,14 hours 29 minutes
7853,YouTube Unique Views - [UK ðŸ‡¬ðŸ‡§] [RAVâ„¢ - Real & Active Views] [90 Days Refill] [Speed 500-1K/Day],1947.47,500,100 000,90 Days Refill,16 minutes
12231,ðŸ‡°ðŸ‡· YouTube Unique Views - [South Korea ðŸ‡°ðŸ‡·] [RAVâ„¢ - Real & Active Views] [90 Days Refill] [Speed 500-1K/Day],1980.8552,500,100 000,90 Days Refill,55 minutes
7814,YouTube Unique Views - [Turkey ðŸ‡¹ðŸ‡·] [RAVâ„¢ - Real & Active Views] [90 Days Refill] [Speed 500-1K/Day],1947.47,500,100 000,90 Days Refill,22 minutes
7815,YouTube Unique Views - [Indonesia ðŸ‡®ðŸ‡©] [RAVâ„¢ - Real & Active Views] [90 Days Refill] [Speed 500-1K/Day],1947.47,500,100 000,90 Days Refill,22 minutes
7816,YouTube Unique Views - [Serbia ðŸ‡·ðŸ‡¸] [RAVâ„¢ - Real & Active Views] [90 Days Refill] [Speed 500-1K/Day],1947.47,500,100 000,90 Days Refill,16 minutes
7817,YouTube Unique Views - [United Arab Emirates ðŸ‡¦ðŸ‡ª] [RAVâ„¢ - Real & Active Views] [90 Days Refill] [Speed 500-1K/Day],1947.47,500,100 000,90 Days Refill,11 minutes
7818,YouTube Unique Views - [Argentina ðŸ‡¦ðŸ‡·] [RAVâ„¢ - Real & Active Views] [90 Days Refill] [Speed 500-1K/Day],1947.47,500,100 000,90 Days Refill,16 minutes
7819,YouTube Unique Views - [Bangladesh ðŸ‡§ðŸ‡©] [RAVâ„¢ - Real & Active Views] [90 Days Refill] [Speed 500-1K/Day],1947.47,500,100 000,90 Days Refill,33 minutes
7820,YouTube Unique Views - [Brazil ðŸ‡§ðŸ‡·] [RAVâ„¢ - Real & Active Views] [90 Days Refill] [Speed 500-1K/Day],1947.47,500,100 000,90 Days Refill,51 hours 19 minutes
7821,YouTube Unique Views - [Egypt ðŸ‡ªðŸ‡¬] [RAVâ„¢ - Real & Active Views] [90 Days Refill] [Speed 500-1K/Day],1947.47,500,100 000,90 Days Refill,22 minutes
7822,YouTube Unique Views - [India ðŸ‡®ðŸ‡³] [RAVâ„¢ - Real & Active Views] [90 Days Refill] [Speed 500-1K/Day],1947.47,500,100 000,90 Days Refill,23 minutes
7823,YouTube Unique Views - [Vietnam ðŸ‡»ðŸ‡³] [RAVâ„¢ - Real & Active Views] [90 Days Refill] [Speed 500-1K/Day],1947.47,500,100 000,90 Days Refill,23 minutes
7824,YouTube Unique Views - [Japan ðŸ‡¯ðŸ‡µ] [RAVâ„¢ - Real & Active Views] [90 Days Refill] [Speed 500-1K/Day],1947.47,500,100 000,90 Days Refill,23 minutes
7825,YouTube Unique Views - [Romania ðŸ‡·ðŸ‡´] [RAVâ„¢ - Real & Active Views] [90 Days Refill] [Speed 500-1K/Day],1947.47,500,100 000,90 Days Refill,22 minutes
7826,YouTube Unique Views - [South Africa ðŸ‡¿ðŸ‡¦] [RAVâ„¢ - Real & Active Views] [90 Days Refill] [Speed 500-1K/Day],1947.47,500,100 000,90 Days Refill,55 minutes
7827,YouTube Unique Views - [Morocco ðŸ‡²ðŸ‡¦] [RAVâ„¢ - Real & Active Views] [90 Days Refill] [Speed 500-1K/Day],1947.47,500,100 000,90 Days Refill,17 minutes
7828,YouTube Unique Views - [Colombia ðŸ‡¨ðŸ‡´] [RAVâ„¢ - Real & Active Views] [90 Days Refill] [Speed 500-1K/Day],1947.47,500,100 000,90 Days Refill,23 minutes
7829,YouTube Unique Views - [Philippines ðŸ‡µðŸ‡­] [RAVâ„¢ - Real & Active Views] [90 Days Refill] [Speed 500-1K/Day],1947.47,500,100 000,90 Days Refill,11 minutes
7830,YouTube Unique Views - [Ecuador ðŸ‡ªðŸ‡¨] [RAVâ„¢ - Real & Active Views] [90 Days Refill] [Speed 500-1K/Day],1947.47,500,100 000,90 Days Refill,17 minutes
7831,YouTube Unique Views - [Tunisia ðŸ‡¹ðŸ‡³] [RAVâ„¢ - Real & Active Views] [90 Days Refill] [Speed 500-1K/Day],1947.47,500,100 000,90 Days Refill,16 minutes
7832,YouTube Unique Views - [Saudi Arabia ðŸ‡¸ðŸ‡¦] [RAVâ„¢ - Real & Active Views] [90 Days Refill] [Speed 500-1K/Day],1947.47,500,100 000,90 Days Refill,16 minutes
7833,YouTube Unique Views - [Croatia ðŸ‡­ðŸ‡·] [RAVâ„¢ - Real & Active Views] [90 Days Refill] [Speed 500-1K/Day],1947.47,500,100 000,90 Days Refill,16 minutes
7834,YouTube Unique Views - [Venezuela ðŸ‡»ðŸ‡ª] [RAVâ„¢ - Real & Active Views] [90 Days Refill] [Speed 500-1K/Day],1947.47,500,100 000,90 Days Refill,17 minutes
7835,YouTube Unique Views - [Italy ðŸ‡®ðŸ‡¹] [RAVâ„¢ - Real & Active Views] [90 Days Refill] [Speed 500-1K/Day],1947.47,500,100 000,90 Days Refill,17 minutes
7836,YouTube Unique Views - [Lebanon ðŸ‡±ðŸ‡§] [RAVâ„¢ - Real & Active Views] [90 Days Refill] [Speed 500-1K/Day],1947.47,500,100 000,90 Days Refill,55 minutes
7837,YouTube Unique Views - [Pakistan ðŸ‡µðŸ‡°] [RAVâ„¢ - Real & Active Views] [90 Days Refill] [Speed 500-1K/Day],1947.47,500,100 000,90 Days Refill,55 minutes
7838,YouTube Unique Views - [France ðŸ‡«ðŸ‡·] [RAVâ„¢ - Real & Active Views] [90 Days Refill] [Speed 500-1K/Day],1947.47,500,100 000,90 Days Refill,30 hours 18 minutes
7839,YouTube Unique Views - [Nepal ðŸ‡³ðŸ‡µ] [RAVâ„¢ - Real & Active Views] [90 Days Refill] [Speed 500-1K/Day],1947.47,500,100 000,90 Days Refill,16 minutes
7840,YouTube Unique Views - [Mexico ðŸ‡²ðŸ‡½] [RAVâ„¢ - Real & Active Views] [90 Days Refill] [Speed 500-1K/Day],1947.47,500,100 000,90 Days Refill,17 minutes
7841,YouTube Unique Views - [Algeria ðŸ‡©ðŸ‡¿] [RAVâ„¢ - Real & Active Views] [90 Days Refill] [Speed 500-1K/Day],1947.47,500,100 000,90 Days Refill,21 hours 40 minutes
7842,YouTube Unique Views - [Bulgaria ðŸ‡§ðŸ‡¬] [RAVâ„¢ - Real & Active Views] [90 Days Refill] [Speed 500-1K/Day],1947.47,500,100 000,90 Days Refill,16 minutes
7843,YouTube Unique Views - [Canada ðŸ‡¨ðŸ‡¦] [RAVâ„¢ - Real & Active Views] [90 Days Refill] [Speed 500-1K/Day],1947.47,500,100 000,90 Days Refill,29 hours 12 minutes
7844,YouTube Unique Views - [Germany ðŸ‡©ðŸ‡ª] [RAVâ„¢ - Real & Active Views] [90 Days Refill] [Speed 500-1K/Day],1947.47,500,100 000,90 Days Refill,27 hours 22 minutes
7846,YouTube Unique Views - [Greece ðŸ‡¬ðŸ‡·] [RAVâ„¢ - Real & Active Views] [90 Days Refill] [Speed 500-1K/Day],1947.47,500,100 000,90 Days Refill,8 hours 6 minutes
7848,YouTube Unique Views - [Spain ðŸ‡ªðŸ‡¸] [RAVâ„¢ - Real & Active Views] [90 Days Refill] [Speed 500-1K/Day],1947.47,500,100 000,90 Days Refill,11 minutes
7849,YouTube Unique Views - [Poland ðŸ‡µðŸ‡±] [RAVâ„¢ - Real & Active Views] [90 Days Refill] [Speed 500-1K/Day],1947.47,500,100 000,90 Days Refill,37 hours 55 minutes
7850,YouTube Unique Views - [Thailand ðŸ‡¹ðŸ‡­] [RAVâ„¢ - Real & Active Views] [90 Days Refill] [Speed 500-1K/Day],1947.47,500,100 000,90 Days Refill,16 minutes
7851,YouTube Unique Views - [Macedonia ðŸ‡²ðŸ‡°] [RAVâ„¢ - Real & Active Views] [90 Days Refill] [Speed 500-1K/Day],1947.47,500,100 000,90 Days Refill,22 minutes
7852,YouTube Unique Views - [Sweden ðŸ‡¸ðŸ‡ª] [RAVâ„¢ - Real & Active Views] [90 Days Refill] [Speed 500-1K/Day],1947.47,500,100 000,90 Days Refill,22 minutes
7854,YouTube Unique Views - [Afghanistan ðŸ‡¦ðŸ‡«] [RAVâ„¢ - Real & Active Views] [90 Days Refill] [Speed 500-1K/Day],1947.47,500,100 000,90 Days Refill,16 minutes
7855,YouTube Unique Views - [Albania ðŸ‡¦ðŸ‡±] [RAVâ„¢ - Real & Active Views] [90 Days Refill] [Speed 500-1K/Day],1947.47,500,100 000,90 Days Refill,55 minutes
7856,YouTube Unique Views - [Angola ðŸ‡¦ðŸ‡´] [RAVâ„¢ - Real & Active Views] [90 Days Refill] [Speed 500-1K/Day],1947.47,500,100 000,90 Days Refill,22 minutes
7858,YouTube Unique Views - [Azerbaijan ðŸ‡¦ðŸ‡¿] [RAVâ„¢ - Real & Active Views] [90 Days Refill] [Speed 500-1K/Day],1947.47,500,100 000,90 Days Refill,16 minutes
7859,YouTube Unique Views - [Bolivia ðŸ‡§ðŸ‡´] [RAVâ„¢ - Real & Active Views] [90 Days Refill] [Speed 500-1K/Day],1947.47,500,100 000,90 Days Refill,33 minutes
7860,YouTube Unique Views - [Bosnia ðŸ‡§ðŸ‡¦] [RAVâ„¢ - Real & Active Views] [90 Days Refill] [Speed 500-1K/Day],1947.47,500,100 000,90 Days Refill,16 minutes
7861,YouTube Unique Views - [Cambodia ðŸ‡°ðŸ‡­] [RAVâ„¢ - Real & Active Views] [90 Days Refill] [Speed 500-1K/Day],1947.47,500,100 000,90 Days Refill,22 minutes
7862,YouTube Unique Views - [Chile ðŸ‡¨ðŸ‡±] [RAVâ„¢ - Real & Active Views] [90 Days Refill] [Speed 500-1K/Day],1947.47,500,100 000,90 Days Refill,11 minutes
7863,YouTube Unique Views - [Costa Rica ðŸ‡¨ðŸ‡·] [RAVâ„¢ - Real & Active Views] [90 Days Refill] [Speed 500-1K/Day],1947.47,500,100 000,90 Days Refill,22 minutes
7864,YouTube Unique Views - [Dominican Republic ðŸ‡©ðŸ‡´] [RAVâ„¢ - Real & Active Views] [90 Days Refill] [Speed 500-1K/Day],1947.47,500,100 000,90 Days Refill,11 minutes
7865,YouTube Unique Views - [El Salvador ðŸ‡¸ðŸ‡»] [RAVâ„¢ - Real & Active Views] [90 Days Refill] [Speed 500-1K/Day],1947.47,500,100 000,90 Days Refill,11 minutes
7866,YouTube Unique Views - [Georgia ðŸ‡¬ðŸ‡ª] [RAVâ„¢ - Real & Active Views] [90 Days Refill] [Speed 500-1K/Day],1947.47,500,100 000,90 Days Refill,11 minutes
7867,YouTube Unique Views - [Ghana ðŸ‡¬ðŸ‡­] [RAVâ„¢ - Real & Active Views] [90 Days Refill] [Speed 500-1K/Day],1947.47,500,100 000,90 Days Refill,28 hours 10 minutes
7868,YouTube Unique Views - [Guatemala ðŸ‡¬ðŸ‡¹] [RAVâ„¢ - Real & Active Views] [90 Days Refill] [Speed 500-1K/Day],1947.47,500,100 000,90 Days Refill,23 minutes
7869,YouTube Unique Views - [Honduras ðŸ‡­ðŸ‡³] [RAVâ„¢ - Real & Active Views] [90 Days Refill] [Speed 500-1K/Day],1947.47,500,100 000,90 Days Refill,11 minutes
7870,YouTube Unique Views - [Hong Kong ðŸ‡­ðŸ‡°] [RAVâ„¢ - Real & Active Views] [90 Days Refill] [Speed 500-1K/Day],1947.47,500,100 000,90 Days Refill,33 minutes
7871,YouTube Unique Views - [Hungary ðŸ‡­ðŸ‡º] [RAVâ„¢ - Real & Active Views] [90 Days Refill] [Speed 500-1K/Day],1947.47,500,100 000,90 Days Refill,16 minutes
7872,YouTube Unique Views - [Iraq ðŸ‡®ðŸ‡¶] [RAVâ„¢ - Real & Active Views] [90 Days Refill] [Speed 500-1K/Day],1947.47,500,100 000,90 Days Refill,23 minutes
7873,YouTube Unique Views - [Israel ðŸ‡®ðŸ‡±] [RAVâ„¢ - Real & Active Views] [90 Days Refill] [Speed 500-1K/Day],1947.47,500,100 000,90 Days Refill,33 minutes
7874,YouTube Unique Views - [Jamaica ðŸ‡¯ðŸ‡²] [RAVâ„¢ - Real & Active Views] [90 Days Refill] [Speed 500-1K/Day],1947.47,500,100 000,90 Days Refill,28 hours 11 minutes
7875,YouTube Unique Views - [Jordan ðŸ‡¯ðŸ‡´] [RAVâ„¢ - Real & Active Views] [90 Days Refill] [Speed 500-1K/Day],1947.47,500,100 000,90 Days Refill,22 minutes
7876,YouTube Unique Views - [Kenya ðŸ‡°ðŸ‡ª] [RAVâ„¢ - Real & Active Views] [90 Days Refill] [Speed 500-1K/Day],1947.47,500,100 000,90 Days Refill,55 minutes
7877,YouTube Unique Views - [Kuwait ðŸ‡°ðŸ‡¼] [RAVâ„¢ - Real & Active Views] [90 Days Refill] [Speed 500-1K/Day],1947.47,500,100 000,90 Days Refill,33 minutes
7878,YouTube Unique Views - [Laos ðŸ‡±ðŸ‡¦] [RAVâ„¢ - Real & Active Views] [90 Days Refill] [Speed 500-1K/Day],1947.47,500,100 000,90 Days Refill,17 minutes
7879,YouTube Unique Views - [Libya ðŸ‡±ðŸ‡¾] [RAVâ„¢ - Real & Active Views] [90 Days Refill] [Speed 500-1K/Day],1947.47,500,100 000,90 Days Refill,17 minutes
7880,YouTube Unique Views - [Malaysia ðŸ‡²ðŸ‡¾] [RAVâ„¢ - Real & Active Views] [90 Days Refill] [Speed 500-1K/Day],2003.112,500,100 000,90 Days Refill,23 minutes
7881,YouTube Unique Views - [Mongolia ðŸ‡²ðŸ‡³] [RAVâ„¢ - Real & Active Views] [90 Days Refill] [Speed 500-1K/Day],1947.47,500,100 000,90 Days Refill,16 minutes
7882,YouTube Unique Views - [Montenegro ðŸ‡²ðŸ‡ª] [RAVâ„¢ - Real & Active Views] [90 Days Refill] [Speed 500-1K/Day],1947.47,500,100 000,90 Days Refill,22 minutes
7883,YouTube Unique Views - [Myanmar ðŸ‡²ðŸ‡²] [RAVâ„¢ - Real & Active Views] [90 Days Refill] [Speed 500-1K/Day],1947.47,500,100 000,90 Days Refill,55 minutes
7884,YouTube Unique Views - [Nicaragua ðŸ‡³ðŸ‡®] [RAVâ„¢ - Real & Active Views] [90 Days Refill] [Speed 500-1K/Day],1947.47,500,100 000,90 Days Refill,22 minutes
7885,YouTube Unique Views - [Oman ðŸ‡´ðŸ‡²] [RAVâ„¢ - Real & Active Views] [90 Days Refill] [Speed 500-1K/Day],1947.47,500,100 000,90 Days Refill,17 minutes
7886,YouTube Unique Views - [Panama ðŸ‡µðŸ‡¦] [RAVâ„¢ - Real & Active Views] [90 Days Refill] [Speed 500-1K/Day],1947.47,500,100 000,90 Days Refill,23 minutes
7887,YouTube Unique Views - [Paraguay ðŸ‡µðŸ‡¾] [RAVâ„¢ - Real & Active Views] [90 Days Refill] [Speed 500-1K/Day],1947.47,500,100 000,90 Days Refill,17 minutes
7888,YouTube Unique Views - [Peru ðŸ‡µðŸ‡ª] [RAVâ„¢ - Real & Active Views] [90 Days Refill] [Speed 500-1K/Day],1947.47,500,100 000,90 Days Refill,22 minutes
7889,YouTube Unique Views - [Portugal ðŸ‡µðŸ‡¹] [RAVâ„¢ - Real & Active Views] [90 Days Refill] [Speed 500-1K/Day],1947.47,500,100 000,90 Days Refill,16 minutes
7890,YouTube Unique Views - [Puerto] [RAVâ„¢ - Real & Active Views] [90 Days Refill] [Speed 500-1K/Day],1947.47,500,100 000,90 Days Refill,33 minutes
7891,YouTube Unique Views - [Qatar ðŸ‡¶ðŸ‡¦] [RAVâ„¢ - Real & Active Views] [90 Days Refill] [Speed 500-1K/Day],1947.47,500,100 000,90 Days Refill,22 minutes
7892,YouTube Unique Views - [Singapore ðŸ‡¸ðŸ‡¬] [RAVâ„¢ - Real & Active Views] [90 Days Refill] [Speed 500-1K/Day],1947.47,500,100 000,90 Days Refill,55 minutes
7893,YouTube Unique Views - [Senegal ðŸ‡¸ðŸ‡³] [RAVâ„¢ - Real & Active Views] [90 Days Refill] [Speed 500-1K/Day],1947.47,500,100 000,90 Days Refill,55 minutes
7894,YouTube Unique Views - [Slovenia ðŸ‡¸ðŸ‡®] [RAVâ„¢ - Real & Active Views] [90 Days Refill] [Speed 500-1K/Day],1947.47,500,100 000,90 Days Refill,33 minutes
7895,YouTube Unique Views - [Sri Lanka ðŸ‡±ðŸ‡°] [RAVâ„¢ - Real & Active Views] [90 Days Refill] [Speed 500-1K/Day],1947.47,500,100 000,90 Days Refill,55 minutes
7896,YouTube Unique Views - [Sudan ðŸ‡¸ðŸ‡©] [RAVâ„¢ - Real & Active Views] [90 Days Refill] [Speed 500-1K/Day],1947.47,500,100 000,90 Days Refill,23 minutes
7897,YouTube Unique Views - [Syria ðŸ‡¸ðŸ‡¾] [RAVâ„¢ - Real & Active Views] [90 Days Refill] [Speed 500-1K/Day],1947.47,500,100 000,90 Days Refill,33 minutes
7898,YouTube Unique Views - [Taiwan ðŸ‡¹ðŸ‡¼] [RAVâ„¢ - Real & Active Views] [90 Days Refill] [Speed 500-1K/Day],1947.47,500,100 000,90 Days Refill,55 minutes
7899,YouTube Unique Views - [Tanzania ðŸ‡¹ðŸ‡¿] [RAVâ„¢ - Real & Active Views] [90 Days Refill] [Speed 500-1K/Day],1947.47,500,100 000,90 Days Refill,22 minutes
7900,YouTube Unique Views - [Trinidad ðŸ‡¹ðŸ‡¹] [RAVâ„¢ - Real & Active Views] [90 Days Refill] [Speed 500-1K/Day],1947.47,500,100 000,90 Days Refill,7 hours 34 minutes
7901,YouTube Unique Views - [Uruguay ðŸ‡ºðŸ‡¾] [RAVâ„¢ - Real & Active Views] [90 Days Refill] [Speed 500-1K/Day],1947.47,500,100 000,90 Days Refill,55 minutes
7806,YouTube Unique Views - ð„ð§ð ð¥ð¢ð¬ð¡ ð’ð©ðžðšð¤ðžð«ð¬ [RAVâ„¢ - Real & Active Views],3894.94,500,100 000,90 Days Refill,33 minutes
7807,YouTube Unique Views - ð…ð«ðžð§ðœð¡ ð’ð©ðžðšð¤ðžð«ð¬ [RAVâ„¢ - Real & Active Views],1947.47,500,100 000,90 Days Refill,22 minutes
7808,YouTube Unique Views - ð’ð©ðšð§ð¢ð¬ð¡ ð’ð©ðžðšð¤ðžð«ð¬ [RAVâ„¢ - Real & Active Views],1947.47,500,100 000,90 Days Refill,22 minutes
7809,YouTube Unique Views - ð†ðžð«ð¦ðšð§ ð’ð©ðžðšð¤ðžð«ð¬ [RAVâ„¢ - Real & Active Views],1947.47,500,100 000,90 Days Refill,42 hours 16 minutes
7810,YouTube Unique Views - ð€ð«ðšð›ð¢ðœ ð’ð©ðžðšð¤ðžð«ð¬ [RAVâ„¢ - Real & Active Views],1947.47,500,100 000,90 Days Refill,55 minutes
7811,YouTube Unique Views - ðð¨ð«ð­ð®ð ð®ðžð¬ðž ð’ð©ðžðšð¤ðžð«ð¬ [RAVâ„¢ - Real & Active Views],1947.47,500,100 000,90 Days Refill,22 minutes
7908,YouTube Unique Views - [USA ðŸ‡ºðŸ‡¸] [RAV-GSâ„¢ - Real & Active Views] [90 Days Refill] [Speed 500-1K/Day],3978.403,500,100 000,90 Days Refill,18 hours 40 minutes
7949,YouTube Unique Views - [UK ðŸ‡¬ðŸ‡§] [RAV-GSâ„¢ - Real & Active Views] [90 Days Refill] [Speed 500-1K/Day],1925.2132,500,100 000,90 Days Refill,12 hours
12229,ðŸ‡°ðŸ‡· YouTube Unique Views - [South Korea ðŸ‡°ðŸ‡·] [RAV-GSâ„¢ - Real & Active Views] [90 Days Refill] [Speed 500-1K/Day],3978.403,500,100 000,90 Days Refill,17 minutes
7910,YouTube Unique Views - [Turkey ðŸ‡¹ðŸ‡·] [RAV-GSâ„¢ - Real & Active Views] [90 Days Refill] [Speed 500-1K/Day],1925.2132,500,100 000,90 Days Refill,55 minutes
7911,YouTube Unique Views - [Indonesia ðŸ‡®ðŸ‡©] [RAV-GSâ„¢ - Real & Active Views] [90 Days Refill] [Speed 500-1K/Day],1925.2132,500,100 000,90 Days Refill,22 minutes
7912,YouTube Unique Views - [Serbia ðŸ‡·ðŸ‡¸] [RAV-GSâ„¢ - Real & Active Views] [90 Days Refill] [Speed 500-1K/Day],1925.2132,500,100 000,90 Days Refill,23 minutes
7913,YouTube Unique Views - [United Arab Emirates ðŸ‡¦ðŸ‡ª] [RAV-GSâ„¢ - Real & Active Views] [90 Days Refill] [Speed 500-1K/Day],1925.2132,500,100 000,90 Days Refill,55 minutes
7914,YouTube Unique Views - [Argentina ðŸ‡¦ðŸ‡·] [RAV-GSâ„¢ - Real & Active Views] [90 Days Refill] [Speed 500-1K/Day],1925.2132,500,100 000,90 Days Refill,5 hours 22 minutes
7915,YouTube Unique Views - [Bangladesh ðŸ‡§ðŸ‡©] [RAV-GSâ„¢ - Real & Active Views] [90 Days Refill] [Speed 500-1K/Day],1925.2132,500,100 000,90 Days Refill,3 hours 1 minute
7916,YouTube Unique Views - [Taiwan ðŸ‡¹ðŸ‡¼] [RAV-GSâ„¢ - Real & Active Views] [90 Days Refill] [Speed 500-1K/Day],1925.2132,500,100 000,90 Days Refill,11 minutes
7917,YouTube Unique Views - [Brazil ðŸ‡§ðŸ‡·] [RAV-GSâ„¢ - Real & Active Views] [90 Days Refill] [Speed 500-1K/Day],1925.2132,500,100 000,90 Days Refill,55 minutes
7918,YouTube Unique Views - [Egypt ðŸ‡ªðŸ‡¬] [RAV-GSâ„¢ - Real & Active Views] [90 Days Refill] [Speed 500-1K/Day],1925.2132,500,100 000,90 Days Refill,16 minutes
7919,YouTube Unique Views - [India ðŸ‡®ðŸ‡³] [RAV-GSâ„¢ - Real & Active Views] [90 Days Refill] [Speed 500-1K/Day],1925.2132,500,100 000,90 Days Refill,33 minutes
7920,YouTube Unique Views - [Vietnam ðŸ‡»ðŸ‡³] [RAV-GSâ„¢ - Real & Active Views] [90 Days Refill] [Speed 500-1K/Day],1925.2132,500,100 000,90 Days Refill,55 minutes
7921,YouTube Unique Views - [Japan ðŸ‡¯ðŸ‡µ] [RAV-GSâ„¢ - Real & Active Views] [90 Days Refill] [Speed 500-1K/Day],1925.2132,500,100 000,90 Days Refill,16 minutes
7922,YouTube Unique Views - [Romania ðŸ‡·ðŸ‡´] [RAV-GSâ„¢ - Real & Active Views] [90 Days Refill] [Speed 500-1K/Day],1925.2132,500,100 000,90 Days Refill,23 minutes
7923,YouTube Unique Views - [Morocco ðŸ‡²ðŸ‡¦] [RAV-GSâ„¢ - Real & Active Views] [90 Days Refill] [Speed 500-1K/Day],1925.2132,500,100 000,90 Days Refill,22 minutes
7924,YouTube Unique Views - [Colombia ðŸ‡¨ðŸ‡´] [RAV-GSâ„¢ - Real & Active Views] [90 Days Refill] [Speed 500-1K/Day],1925.2132,500,100 000,90 Days Refill,6 hours 31 minutes
7925,YouTube Unique Views - [Philippines ðŸ‡µðŸ‡­] [RAV-GSâ„¢ - Real & Active Views] [90 Days Refill] [Speed 500-1K/Day],1925.2132,500,100 000,90 Days Refill,11 minutes
7926,YouTube Unique Views - [Ecuador ðŸ‡ªðŸ‡¨] [RAV-GSâ„¢ - Real & Active Views] [90 Days Refill] [Speed 500-1K/Day],1925.2132,500,100 000,90 Days Refill,33 minutes
7927,YouTube Unique Views - [Tunisia ðŸ‡¹ðŸ‡³] [RAV-GSâ„¢ - Real & Active Views] [90 Days Refill] [Speed 500-1K/Day],1925.2132,500,100 000,90 Days Refill,17 minutes
7928,YouTube Unique Views - [Saudi Arabia ðŸ‡¸ðŸ‡¦] [RAV-GSâ„¢ - Real & Active Views] [90 Days Refill] [Speed 500-1K/Day],1925.2132,500,100 000,90 Days Refill,17 minutes
7929,YouTube Unique Views - [Croatia ðŸ‡­ðŸ‡·] [RAV-GSâ„¢ - Real & Active Views] [90 Days Refill] [Speed 500-1K/Day],1925.2132,500,100 000,90 Days Refill,16 minutes
7930,YouTube Unique Views - [Venezuela ðŸ‡»ðŸ‡ª] [RAV-GSâ„¢ - Real & Active Views] [90 Days Refill] [Speed 500-1K/Day],1925.2132,500,100 000,90 Days Refill,11 minutes
7931,YouTube Unique Views - [Italy ðŸ‡®ðŸ‡¹] [RAV-GSâ„¢ - Real & Active Views] [90 Days Refill] [Speed 500-1K/Day],1925.2132,500,100 000,90 Days Refill,33 minutes
7932,YouTube Unique Views - [Lebanon ðŸ‡±ðŸ‡§] [RAV-GSâ„¢ - Real & Active Views] [90 Days Refill] [Speed 500-1K/Day],1925.2132,500,100 000,90 Days Refill,16 minutes
7933,YouTube Unique Views - [Pakistan ðŸ‡µðŸ‡°] [RAV-GSâ„¢ - Real & Active Views] [90 Days Refill] [Speed 500-1K/Day],1925.2132,500,100 000,90 Days Refill,55 minutes
7934,YouTube Unique Views - [France ðŸ‡«ðŸ‡·] [RAV-GSâ„¢ - Real & Active Views] [90 Days Refill] [Speed 500-1K/Day],1925.2132,500,100 000,90 Days Refill,22 minutes
7935,YouTube Unique Views - [Nepal ðŸ‡³ðŸ‡µ] [RAV-GSâ„¢ - Real & Active Views] [90 Days Refill] [Speed 500-1K/Day],1925.2132,500,100 000,90 Days Refill,17 minutes
7936,YouTube Unique Views - [Mexico ðŸ‡²ðŸ‡½] [RAV-GSâ„¢ - Real & Active Views] [90 Days Refill] [Speed 500-1K/Day],1925.2132,500,100 000,90 Days Refill,22 minutes
7937,YouTube Unique Views - [Algeria ðŸ‡©ðŸ‡¿] [RAV-GSâ„¢ - Real & Active Views] [90 Days Refill] [Speed 500-1K/Day],1925.2132,500,100 000,90 Days Refill,55 minutes
7938,YouTube Unique Views - [Bulgaria ðŸ‡§ðŸ‡¬] [RAV-GSâ„¢ - Real & Active Views] [90 Days Refill] [Speed 500-1K/Day],1925.2132,500,100 000,90 Days Refill,22 minutes
7939,YouTube Unique Views - [Canada ðŸ‡¨ðŸ‡¦] [RAV-GSâ„¢ - Real & Active Views] [90 Days Refill] [Speed 500-1K/Day],1925.2132,500,100 000,90 Days Refill,33 minutes
7940,YouTube Unique Views - [Germany ðŸ‡©ðŸ‡ª] [RAV-GSâ„¢ - Real & Active Views] [90 Days Refill] [Speed 500-1K/Day],1925.2132,500,100 000,90 Days Refill,31 hours 58 minutes
7942,YouTube Unique Views - [Greece ðŸ‡¬ðŸ‡·] [RAV-GSâ„¢ - Real & Active Views] [90 Days Refill] [Speed 500-1K/Day],1925.2132,500,100 000,90 Days Refill,33 minutes
7944,YouTube Unique Views - [Spain ðŸ‡ªðŸ‡¸] [RAV-GSâ„¢ - Real & Active Views] [90 Days Refill] [Speed 500-1K/Day],1925.2132,500,100 000,90 Days Refill,17 minutes
7945,YouTube Unique Views - [Poland ðŸ‡µðŸ‡±] [RAV-GSâ„¢ - Real & Active Views] [90 Days Refill] [Speed 500-1K/Day],1925.2132,500,100 000,90 Days Refill,23 minutes
7946,YouTube Unique Views - [Thailand ðŸ‡¹ðŸ‡­] [RAV-GSâ„¢ - Real & Active Views] [90 Days Refill] [Speed 500-1K/Day],1925.2132,500,100 000,90 Days Refill,33 minutes
7947,YouTube Unique Views - [Macedonia ðŸ‡²ðŸ‡°] [RAV-GSâ„¢ - Real & Active Views] [90 Days Refill] [Speed 500-1K/Day],1925.2132,500,100 000,90 Days Refill,22 minutes
7948,YouTube Unique Views - [Sweden ðŸ‡¸ðŸ‡ª] [RAV-GSâ„¢ - Real & Active Views] [90 Days Refill] [Speed 500-1K/Day],1925.2132,500,100 000,90 Days Refill,22 minutes
7950,YouTube Unique Views - [Afghanistan ðŸ‡¦ðŸ‡«] [RAV-GSâ„¢ - Real & Active Views] [90 Days Refill] [Speed 500-1K/Day],1925.2132,500,100 000,90 Days Refill,55 minutes
7951,YouTube Unique Views - [Albania ðŸ‡¦ðŸ‡±] [RAV-GSâ„¢ - Real & Active Views] [90 Days Refill] [Speed 500-1K/Day],1925.2132,500,100 000,90 Days Refill,23 minutes
7952,YouTube Unique Views - [Angola ðŸ‡¦ðŸ‡´] [RAV-GSâ„¢ - Real & Active Views] [90 Days Refill] [Speed 500-1K/Day],1925.2132,500,100 000,90 Days Refill,16 minutes
7954,YouTube Unique Views - [Azerbaijan ðŸ‡¦ðŸ‡¿] [RAV-GSâ„¢ - Real & Active Views] [90 Days Refill] [Speed 500-1K/Day],1925.2132,500,100 000,90 Days Refill,55 minutes
7955,YouTube Unique Views - [Bolivia ðŸ‡§ðŸ‡´] [RAV-GSâ„¢ - Real & Active Views] [90 Days Refill] [Speed 500-1K/Day],1925.2132,500,100 000,90 Days Refill,16 minutes
7956,YouTube Unique Views - [Bosnia ðŸ‡§ðŸ‡¦] [RAV-GSâ„¢ - Real & Active Views] [90 Days Refill] [Speed 500-1K/Day],1925.2132,500,100 000,90 Days Refill,23 minutes
7957,YouTube Unique Views - [Cambodia ðŸ‡°ðŸ‡­] [RAV-GSâ„¢ - Real & Active Views] [90 Days Refill] [Speed 500-1K/Day],1925.2132,500,100 000,90 Days Refill,22 minutes
7958,YouTube Unique Views - [Chile ðŸ‡¨ðŸ‡±] [RAV-GSâ„¢ - Real & Active Views] [90 Days Refill] [Speed 500-1K/Day],1925.2132,500,100 000,90 Days Refill,17 minutes
7959,YouTube Unique Views - [Costa Rica ðŸ‡¨ðŸ‡·] [RAV-GSâ„¢ - Real & Active Views] [90 Days Refill] [Speed 500-1K/Day],1925.2132,500,100 000,90 Days Refill,22 minutes
7960,YouTube Unique Views - [Dominican Republic ðŸ‡©ðŸ‡´] [RAV-GSâ„¢ - Real & Active Views] [90 Days Refill] [Speed 500-1K/Day],1925.2132,500,100 000,90 Days Refill,10 hours 7 minutes
7961,YouTube Unique Views - [El Salvador ðŸ‡¸ðŸ‡»] [RAV-GSâ„¢ - Real & Active Views] [90 Days Refill] [Speed 500-1K/Day],1925.2132,500,100 000,90 Days Refill,23 minutes
7962,YouTube Unique Views - [Georgia ðŸ‡¬ðŸ‡ª] [RAV-GSâ„¢ - Real & Active Views] [90 Days Refill] [Speed 500-1K/Day],1925.2132,500,100 000,90 Days Refill,33 minutes
7963,YouTube Unique Views - [Ghana ðŸ‡¬ðŸ‡­] [RAV-GSâ„¢ - Real & Active Views] [90 Days Refill] [Speed 500-1K/Day],1925.2132,500,100 000,90 Days Refill,11 minutes
7964,YouTube Unique Views - [Guatemala ðŸ‡¬ðŸ‡¹] [RAV-GSâ„¢ - Real & Active Views] [90 Days Refill] [Speed 500-1K/Day],1925.2132,500,100 000,90 Days Refill,16 minutes
7965,YouTube Unique Views - [Honduras ðŸ‡­ðŸ‡³] [RAV-GSâ„¢ - Real & Active Views] [90 Days Refill] [Speed 500-1K/Day],1925.2132,500,100 000,90 Days Refill,17 minutes
7966,YouTube Unique Views - [Hong Kong ðŸ‡­ðŸ‡°] [RAV-GSâ„¢ - Real & Active Views] [90 Days Refill] [Speed 500-1K/Day],1925.2132,500,100 000,90 Days Refill,55 minutes
7967,YouTube Unique Views - [Hungary ðŸ‡­ðŸ‡º] [RAV-GSâ„¢ - Real & Active Views] [90 Days Refill] [Speed 500-1K/Day],1925.2132,500,100 000,90 Days Refill,33 minutes
7968,YouTube Unique Views - [Iraq ðŸ‡®ðŸ‡¶] [RAV-GSâ„¢ - Real & Active Views] [90 Days Refill] [Speed 500-1K/Day],1925.2132,500,100 000,90 Days Refill,17 minutes
7969,YouTube Unique Views - [Israel ðŸ‡®ðŸ‡±] [RAV-GSâ„¢ - Real & Active Views] [90 Days Refill] [Speed 500-1K/Day],1925.2132,500,100 000,90 Days Refill,11 minutes
7970,YouTube Unique Views - [Jamaica ðŸ‡¯ðŸ‡²] [RAV-GSâ„¢ - Real & Active Views] [90 Days Refill] [Speed 500-1K/Day],1925.2132,500,100 000,90 Days Refill,16 minutes
7971,YouTube Unique Views - [Jordan ðŸ‡¯ðŸ‡´] [RAV-GSâ„¢ - Real & Active Views] [90 Days Refill] [Speed 500-1K/Day],1925.2132,500,100 000,90 Days Refill,16 minutes
7972,YouTube Unique Views - [Kenya ðŸ‡°ðŸ‡ª] [RAV-GSâ„¢ - Real & Active Views] [90 Days Refill] [Speed 500-1K/Day],1925.2132,500,100 000,90 Days Refill,17 minutes
7973,YouTube Unique Views - [Kuwait ðŸ‡°ðŸ‡¼] [RAV-GSâ„¢ - Real & Active Views] [90 Days Refill] [Speed 500-1K/Day],1925.2132,500,100 000,90 Days Refill,22 minutes
7974,YouTube Unique Views - [Laos ðŸ‡±ðŸ‡¦] [RAV-GSâ„¢ - Real & Active Views] [90 Days Refill] [Speed 500-1K/Day],1925.2132,500,100 000,90 Days Refill,22 minutes
7975,YouTube Unique Views - [Libya ðŸ‡±ðŸ‡¾] [RAV-GSâ„¢ - Real & Active Views] [90 Days Refill] [Speed 500-1K/Day],1925.2132,500,100 000,90 Days Refill,23 minutes
7976,YouTube Unique Views - [Malaysia ðŸ‡²ðŸ‡¾] [RAV-GSâ„¢ - Real & Active Views] [90 Days Refill] [Speed 500-1K/Day],1936.3416,500,100 000,90 Days Refill,16 minutes
7977,YouTube Unique Views - [Mongolia ðŸ‡²ðŸ‡³] [RAV-GSâ„¢ - Real & Active Views] [90 Days Refill] [Speed 500-1K/Day],1925.2132,500,100 000,90 Days Refill,11 minutes
7978,YouTube Unique Views - [Montenegro ðŸ‡²ðŸ‡ª] [RAV-GSâ„¢ - Real & Active Views] [90 Days Refill] [Speed 500-1K/Day],1925.2132,500,100 000,90 Days Refill,23 minutes
7979,YouTube Unique Views - [Myanmar ðŸ‡²ðŸ‡²] [RAV-GSâ„¢ - Real & Active Views] [90 Days Refill] [Speed 500-1K/Day],1925.2132,500,100 000,90 Days Refill,33 minutes
7980,YouTube Unique Views - [Nicaragua ðŸ‡³ðŸ‡®] [RAV-GSâ„¢ - Real & Active Views] [90 Days Refill] [Speed 500-1K/Day],1925.2132,500,100 000,90 Days Refill,11 minutes
7981,YouTube Unique Views - [Oman ðŸ‡´ðŸ‡²] [RAV-GSâ„¢ - Real & Active Views] [90 Days Refill] [Speed 500-1K/Day],1925.2132,500,100 000,90 Days Refill,33 minutes
7982,YouTube Unique Views - [Panama ðŸ‡µðŸ‡¦] [RAV-GSâ„¢ - Real & Active Views] [90 Days Refill] [Speed 500-1K/Day],1925.2132,500,100 000,90 Days Refill,33 minutes
7983,YouTube Unique Views - [Paraguay ðŸ‡µðŸ‡¾] [RAV-GSâ„¢ - Real & Active Views] [90 Days Refill] [Speed 500-1K/Day],1925.2132,500,100 000,90 Days Refill,33 minutes
7984,YouTube Unique Views - [Peru ðŸ‡µðŸ‡ª] [RAV-GSâ„¢ - Real & Active Views] [90 Days Refill] [Speed 500-1K/Day],1925.2132,500,100 000,90 Days Refill,23 minutes
7985,YouTube Unique Views - [Portugal ðŸ‡µðŸ‡¹] [RAV-GSâ„¢ - Real & Active Views] [90 Days Refill] [Speed 500-1K/Day],1925.2132,500,100 000,90 Days Refill,11 minutes
7986,YouTube Unique Views - [Puerto] [RAV-GSâ„¢ - Real & Active Views] [90 Days Refill] [Speed 500-1K/Day],1925.2132,500,100 000,90 Days Refill,23 minutes
7987,YouTube Unique Views - [Qatar ðŸ‡¶ðŸ‡¦] [RAV-GSâ„¢ - Real & Active Views] [90 Days Refill] [Speed 500-1K/Day],1925.2132,500,100 000,90 Days Refill,33 minutes
7988,YouTube Unique Views - [Singapore ðŸ‡¸ðŸ‡¬] [RAV-GSâ„¢ - Real & Active Views] [90 Days Refill] [Speed 500-1K/Day],1925.2132,500,100 000,90 Days Refill,16 minutes
7989,YouTube Unique Views - [Senegal ðŸ‡¸ðŸ‡³] [RAV-GSâ„¢ - Real & Active Views] [90 Days Refill] [Speed 500-1K/Day],1925.2132,500,100 000,90 Days Refill,33 minutes
7990,YouTube Unique Views - [Slovenia ðŸ‡¸ðŸ‡®] [RAV-GSâ„¢ - Real & Active Views] [90 Days Refill] [Speed 500-1K/Day],1925.2132,500,100 000,90 Days Refill,33 minutes
7991,YouTube Unique Views - [Sri Lanka ðŸ‡±ðŸ‡°] [RAV-GSâ„¢ - Real & Active Views] [90 Days Refill] [Speed 500-1K/Day],1925.2132,500,100 000,90 Days Refill,17 minutes
7992,YouTube Unique Views - [Sudan ðŸ‡¸ðŸ‡©] [RAV-GSâ„¢ - Real & Active Views] [90 Days Refill] [Speed 500-1K/Day],1925.2132,500,100 000,90 Days Refill,33 minutes
7993,YouTube Unique Views - [Syria ðŸ‡¸ðŸ‡¾] [RAV-GSâ„¢ - Real & Active Views] [90 Days Refill] [Speed 500-1K/Day],1925.2132,500,100 000,90 Days Refill,55 minutes
7994,YouTube Unique Views - [Tanzania ðŸ‡¹ðŸ‡¿] [RAV-GSâ„¢ - Real & Active Views] [90 Days Refill] [Speed 500-1K/Day],1925.2132,500,100 000,90 Days Refill,11 minutes
7995,YouTube Unique Views - [Trinidad ðŸ‡¹ðŸ‡¹] [RAV-GSâ„¢ - Real & Active Views] [90 Days Refill] [Speed 500-1K/Day],1925.2132,500,100 000,90 Days Refill,9 hours 44 minutes
7996,YouTube Unique Views - [Uruguay ðŸ‡ºðŸ‡¾] [RAV-GSâ„¢ - Real & Active Views] [90 Days Refill] [Speed 500-1K/Day],1925.2132,500,100 000,90 Days Refill,33 minutes
7902,YouTube Unique Views - ð„ð§ð ð¥ð¢ð¬ð¡ ð’ð©ðžðšð¤ðžð«ð¬ [RAV-GSâ„¢ - Real & Active Views],3978.403,500,100 000,90 Days Refill,16 hours 12 minutes
7903,YouTube Unique Views - ð…ð«ðžð§ðœð¡ ð’ð©ðžðšð¤ðžð«ð¬ [RAV-GSâ„¢ - Real & Active Views],1925.2132,500,100 000,90 Days Refill,22 minutes
7904,YouTube Unique Views - ð’ð©ðšð§ð¢ð¬ð¡ ð’ð©ðžðšð¤ðžð«ð¬ [RAV-GSâ„¢ - Real & Active Views],1925.2132,500,100 000,90 Days Refill,8 hours 18 minutes
7905,YouTube Unique Views - ð†ðžð«ð¦ðšð§ ð’ð©ðžðšð¤ðžð«ð¬ [RAV-GSâ„¢ - Real & Active Views],1936.3416,500,100 000,90 Days Refill,27 hours 16 minutes
7906,YouTube Unique Views - ð€ð«ðšð›ð¢ðœ ð’ð©ðžðšð¤ðžð«ð¬ [RAV-GSâ„¢ - Real & Active Views],1925.2132,500,100 000,90 Days Refill,22 minutes
7907,YouTube Unique Views - ðð¨ð«ð­ð®ð ð®ðžð¬ðž ð’ð©ðžðšð¤ðžð«ð¬ [RAV-GSâ„¢ - Real & Active Views],1925.2132,500,100 000,90 Days Refill,11 minutes
8991,YouTube Unique Views - [USA ðŸ‡ºðŸ‡¸] [RAV-MTSâ„¢ - High Monetization Views] [90 Days Refill] [Speed 500-1K/Day],5831.2816,500,100 000,90 Days Refill,17 hours 6 minutes
12232,ðŸ‡°ðŸ‡· YouTube Unique Views - [South Korea ðŸ‡°ðŸ‡·] [RAV-MTSâ„¢ - High Monetization Views] [90 Days Refill] [Speed 500-1K/Day],5831.2816,500,100 000,90 Days Refill,33 minutes
12233,ðŸ‡¬ðŸ‡§ YouTube Unique Views - [Great Britain ðŸ‡¬ðŸ‡§] [RAV-MTSâ„¢ - High Monetization Views] [90 Days Refill] [Speed 500-1K/Day],3867.119,500,100 000,90 Days Refill,23 minutes
8993,YouTube Unique Views - [Indonesia ðŸ‡®ðŸ‡©] [RAV-MTSâ„¢ - High Monetization Views] [90 Days Refill] [Speed 500-1K/Day],3867.119,500,100 000,90 Days Refill,17 minutes
12234,ðŸ‡«ðŸ‡· YouTube Unique Views - [France ðŸ‡«ðŸ‡·] [RAV-MTSâ„¢ - High Monetization Views] [90 Days Refill] [Speed 500-1K/Day],3867.119,500,100 000,90 Days Refill,4 hours 20 minutes
8994,YouTube Unique Views - [India ðŸ‡®ðŸ‡³] [RAV-MTSâ„¢ - High Monetization Views] [90 Days Refill] [Speed 500-1K/Day],3867.119,500,100 000,90 Days Refill,55 minutes
12235,ðŸ‡¨ðŸ‡¦ YouTube Unique Views - [Canada ðŸ‡¨ðŸ‡¦] [RAV-MTSâ„¢ - High Monetization Views] [90 Days Refill] [Speed 500-1K/Day],3867.119,500,100 000,90 Days Refill,55 minutes
8995,YouTube Unique Views - [Bangladesh ðŸ‡§ðŸ‡©] [RAV-MTSâ„¢ - High Monetization Views] [90 Days Refill] [Speed 500-1K/Day],3867.119,500,100 000,90 Days Refill,55 minutes
12236,ðŸ‡§ðŸ‡ª YouTube Unique Views - [Belgium ðŸ‡§ðŸ‡ª] [RAV-MTSâ„¢ - High Monetization Views] [90 Days Refill] [Speed 500-1K/Day],3867.119,500,100 000,90 Days Refill,35 hours 42 minutes
8996,YouTube Unique Views - [Vietnam ðŸ‡»ðŸ‡³] [RAV-MTSâ„¢ - High Monetization Views] [90 Days Refill] [Speed 500-1K/Day],3867.119,500,100 000,90 Days Refill,22 minutes
12237,ðŸ‡©ðŸ‡ª YouTube Unique Views - [Germany ðŸ‡©ðŸ‡ª] [RAV-MTSâ„¢ - High Monetization Views] [90 Days Refill] [Speed 500-1K/Day],3867.119,500,100 000,90 Days Refill,17 hours 19 minutes
8997,YouTube Unique Views - [Thailand ðŸ‡¹ðŸ‡­] [RAV-MTSâ„¢ - High Monetization Views] [90 Days Refill] [Speed 500-1K/Day],3867.119,500,100 000,90 Days Refill,17 minutes
12238,ðŸ‡®ðŸ‡± YouTube Unique Views - [Israel ðŸ‡®ðŸ‡±] [RAV-MTSâ„¢ - High Monetization Views] [90 Days Refill] [Speed 500-1K/Day],3867.119,500,100 000,90 Days Refill,22 minutes
8998,YouTube Unique Views - [Turkey ðŸ‡¹ðŸ‡·] [RAV-MTSâ„¢ - High Monetization Views] [90 Days Refill] [Speed 500-1K/Day],3867.119,500,100 000,90 Days Refill,55 minutes
12239,ðŸ‡§ðŸ‡¬ YouTube Unique Views - [Bulgaria ðŸ‡§ðŸ‡¬] [RAV-MTSâ„¢ - High Monetization Views] [90 Days Refill] [Speed 500-1K/Day],3867.119,500,100 000,90 Days Refill,55 minutes
8999,YouTube Unique Views - [Brazil ðŸ‡§ðŸ‡·] [RAV-MTSâ„¢ - High Monetization Views] [90 Days Refill] [Speed 500-1K/Day],3867.119,500,100 000,90 Days Refill,16 minutes
9000,YouTube Unique Views - [Italy ðŸ‡®ðŸ‡¹] [RAV-MTSâ„¢ - High Monetization Views] [90 Days Refill] [Speed 500-1K/Day],3867.119,500,100 000,90 Days Refill,22 minutes
9001,YouTube Unique Views - [Portugal ðŸ‡µðŸ‡¹] [RAV-MTSâ„¢ - High Monetization Views] [90 Days Refill] [Speed 500-1K/Day],3867.119,500,100 000,90 Days Refill,23 minutes
9002,YouTube Unique Views - [Taiwan ðŸ‡¹ðŸ‡¼] [RAV-MTSâ„¢ - High Monetization Views] [90 Days Refill] [Speed 500-1K/Day],3867.119,500,100 000,90 Days Refill,11 minutes
9003,YouTube Unique Views - [Philippines ðŸ‡µðŸ‡­] [RAV-MTSâ„¢ - High Monetization Views] [90 Days Refill] [Speed 500-1K/Day],3867.119,500,100 000,90 Days Refill,33 minutes
9004,YouTube Unique Views - [Japan ðŸ‡¯ðŸ‡µ] [RAV-MTSâ„¢ - High Monetization Views] [90 Days Refill] [Speed 500-1K/Day],3867.119,500,100 000,90 Days Refill,2 hours 7 minutes
15480,YouTube Subscribers - [30 Days Refill] [ðð¨ ð•ð¢ððžð¨ð¬ ð‘ðžðªð®ð¢ð«ðžð] [Max 500K] [Speed 300-500/Day] [0-2HRS],15857.97,100,500 000,30 Days Refill,22 hours 8 minutes
11985,YouTube ð’ð®ð›ð¬ðœð«ð¢ð›ðžð«ð¬ + ðŠðžð²ð°ð¨ð«ð ð’ðžðšð«ðœð¡ ð•ð¢ðžð°ð¬ - [60 Days Refill] [Max 500K] [Speed 2-5K/Day] [0-1HR],13404.1578,100,100 000,60 Days Refill,136 hours 15 minutes
11669,YouTube Subscribers - [USA ðŸ‡ºðŸ‡¸] [Max 500K] [Lifetime Refill] [ðð¨ð§-ðƒð«ð¨ð©] [Speed 15-30K/Day] [INSTANT],14288.8656,100,100 000,Lifetime Refill,28 hours 20 minutes
11826,YouTube Views - [ð‚ð¡ðšð§ð§ðžð¥ ð†ð«ð¨ð°ð­ð¡ ððšðœð¤ðšð ðž - ð•ð¢ðžð°ð¬ + ð‹ð¢ð¤ðžð¬ + ð’ð®ð›ðœð«ð¢ð›ðžð«ð¬ ðƒð¢ð¯ð¢ððžð ðˆð§ð­ð¨ ðŸðŸŽ-ðŸ‘ðŸŽ ð•ð¢ððžð¨ð¬ ð…ð«ð¨ð¦ ð‚ð¡ðšð§ð§ðžð¥] [New Uploads Accepted] [ðƒð«ð¢ð©ðŸðžðžð ð„ð±ðœð¥ð®ð¬ð¢ð¯ðž] [Non-Drop] [0-24HRS],826.2837,10 000,150 000,30 Days Refill,195 hours 17 minutes
7764,YouTube Subscribers - [VIEWS + LIKES + SUBSCRIBERS] [ð’ð¨ð®ð«ðœðž - ð‚ð®ð¬ð­ð¨ð¦ ð’ðžðšð«ðœð¡] [Max 100k] [Speed 3-5K/Day] [0-6HRS],9281.0856,50,1 000,30 Days Refill,116 hours 13 minutes
1136,YouTube Super Fast Likes - [Lifetime Refill] [Max 150K] [Speed 50-100K/Day] [ðˆð§ð¬ð­ðšð§ð­ - ððžð¯ðžð« ðƒð«ð¨ð© - ð‡ð] [ðð„ð’ð“] ðŸ”¥,10015.56,50,150 000,Lifetime Refill,4 minutes
12244,YouTube Fast Likes - [Lifetime Refill] [Max 1M] [Speed 100K/HR] [ððžð¯ðžð« ðƒð«ð¨ð©] [Refill Button] [INSTANT],2181.1664,10,1 000 000,Lifetime Refill,3 minutes
12225,YouTube Video Likes - [ð‘ðžðšð¥] [Lifetime Refill] [Max 300K] [Non Drop] [Refill Button] [Speed 300K/Day] [Always Instant],2336.964,100,300 000,Lifetime Refill,6 minutes
12222,YouTube Video Likes - [ð‘ðžðšð¥] [Lifetime Refill] [Max 150K] [Non Drop] [Refill Button] [Speed 150K/Day] [Always Instant],2086.575,100,150 000,Lifetime Refill,5 minutes
582,YouTube Likes - [ð‘ð„ð€ð‹] [30 Days Refill] [Max 1M] [ðŸðŸŽðŸŽ% ðð¨ð§-ðƒð«ð¨ð©] [Speed 200K/Day] [Always Instant] [ð‘ð„ð‚ðŽðŒðŒð„ððƒð„ðƒ],2003.112,10,1 000 000,30 Days Refill,8 minutes
8006,YouTube Likes - [30 Days Refill] [ðð¨ð§-ðƒð«ð¨ð©] [Max 200k] [Speed 40K/HR] [INSTANT],2181.1664,10,200 000,30 Days Refill,3 minutes
9201,YouTube Likes - [Organic] [30 Days Refill] [Max 5K] [Speed 5K/Day] [0-1 Min],434.0076,10,5 000,30 Days Refill,4 minutes
12220,YouTube Video Likes - [ð‘ðžðšð¥] [30 Days Refill] [Max 150K] [ðð¨ð§-ðƒð«ð¨ð©] [ð‘ðžðŸð¢ð¥ð¥ ðð®ð­ð­ð¨ð§] [Speed 150K/Day] [Always Instant],467.3928,100,150 000,30 Days Refill,4 minutes
16194,YouTube Likes - [Organic] [30 Days Refill] [Max 20K] [Speed 20K/Day] [0-1 Min],467.3928,20,20 000,30 Days Refill,4 minutes
8004,YouTube Likes - [30 Days Refill] [Max 500k] [Speed 50K/Day] [INSTANT],845.7584,100,500 000,30 Days Refill,6 minutes
6279,YouTube Likes - [30 Days Refill] [Max 500K] [Speed 50K/HR] [ð‘ðžðŸð¢ð¥ð¥ ðð®ð­ð­ð¨ð§] [ð’ð“ð€ðð‹ð„] [Always Instant],517.4706,100,500 000,30 Days Refill,5 minutes
3299,ðŸ‡ºðŸ‡¸ YouTube Likes - [ð”ð’ð€ ðŸ‡ºðŸ‡¸] [30 Days Refill] [Max 100K] [Speed 100K/Day] [Non-Drop] [Refill Button Available] [INSTANT],628.7546,10,100 000,30 Days Refill,8 minutes
1132,YouTube Likes - [ð…ð€ð’ð“] [30 Days Refill] [Max 100K] [Less Drop] [Speed 300K/Day] [INSTANT],567.5484,100,20 000,30 Days Refill,4 minutes
12223,YouTube Video Likes - [ð‘ðžðšð¥] [30 Days Refill] [Max 300K] [ðð¨ð§-ðƒð«ð¨ð©] [ð‘ðžðŸð¢ð¥ð¥ ðð®ð­ð­ð¨ð§] [Speed 300K/Day] [Always Instant],445.136,100,300 000,30 Days Refill,7 minutes
6282,YouTube Likes - [30 Days Refill] [Max 300K] [ðð¨ð§-ðƒð«ð¨ð©] [Speed 100K/Hour] [ð’ð®ð©ðžð« ð…ðšð¬ð­] [INSTANT],2420.427,100,300 000,30 Days Refill,4 minutes
6286,YouTube Likes - [30 Days Refill] [Max 50K] [Speed 30-50K/Day] [Always Instant],951.4782,100,50 000,30 Days Refill,4 minutes
8007,YouTube Likes - [365 Days Refill] [ðð¨ð§-ðƒð«ð¨ð©] [Max 500k] [Speed 200K/Day] [INSTANT],2503.89,10,500 000,365 Days Refill,3 minutes
16195,YouTube Likes - [Organic] [30 Days Refill] [Max 1M] [Speed 500K/Day] [0-1 Min],500.778,10,10 000,365 Days Refill,17 minutes
12221,YouTube Video Likes - [ð‘ðžðšð¥] [365 Days Refill] [Max 150K] [Non Drop] [Refill Button] [Speed 150K/Day] [Always Instant],667.704,100,150 000,365 Days Refill,7 minutes
12224,YouTube Video Likes - [ð‘ðžðšð¥] [365 Days Refill] [Max 300K] [Non Drop] [Refill Button] [Speed 300K/Day] [Always Instant],2848.8704,10,300 000,365 Days Refill,4 minutes
11680,Youtube Likes - [Geo-Targeted] [USA ðŸ‡ºðŸ‡¸] [Max 100K] [Speed 100K/Day] [Instant],378.3656,10,100 000,Lifetime Refill,54 minutes
12101,Youtube Likes - [Geo-Targeted] [Argentina ðŸ‡¦ðŸ‡·] [Max 100K] [Speed 100K/Day] [Instant],378.3656,10,100 000,Lifetime Refill,1 hour 4 minutes
11681,Youtube Likes - [Geo-Targeted] [VIETNAM ðŸ‡»ðŸ‡³] [Max 100K] [Speed 100K/Day] [Instant],378.3656,10,100 000,Lifetime Refill,51 minutes
12102,Youtube Likes - [Geo-Targeted] [Algeria ðŸ‡©ðŸ‡¿] [Max 100K] [Speed 100K/Day] [Instant],378.3656,10,100 000,Lifetime Refill,44 minutes
11682,Youtube Likes - [Geo-Targeted] [INDIA ðŸ‡®ðŸ‡³] [Max 100K] [Speed 100K/Day] [Instant],378.3656,10,100 000,Lifetime Refill,1 hour 1 minute
12103,Youtube Likes - [Geo-Targeted] [Afghanistan ðŸ‡¦ðŸ‡«] [Max 100K] [Speed 100K/Day] [Instant],378.3656,10,100 000,Lifetime Refill,55 minutes
11683,Youtube Likes - [Geo-Targeted] [CANADA ðŸ‡¨ðŸ‡¦] [Max 100K] [Speed 100K/Day] [Instant],378.3656,10,100 000,Lifetime Refill,1 hour 7 minutes
12104,Youtube Likes - [Geo-Targeted] [Angola ðŸ‡¦ðŸ‡´] [Max 100K] [Speed 100K/Day] [Instant],378.3656,10,100 000,Lifetime Refill,47 minutes
11684,Youtube Likes - [Geo-Targeted] [Turkish ðŸ‡¨ðŸ‡³] [Max 100K] [Speed 100K/Day] [Instant],378.3656,10,100 000,Lifetime Refill,52 minutes
12105,Youtube Likes - [Geo-Targeted] [Austria ðŸ‡¦ðŸ‡¹] [Max 100K] [Speed 100K/Day] [Instant],378.3656,10,100 000,Lifetime Refill,56 minutes
11685,Youtube Likes - [Geo-Targeted] [JAPAN ðŸ‡¯ðŸ‡µ] [Max 100K] [Speed 100K/Day] [Instant],378.3656,10,100 000,Lifetime Refill,1 hour 11 minutes
12106,Youtube Likes - [Geo-Targeted] [Armenia ðŸ‡¦ðŸ‡²] [Max 100K] [Speed 100K/Day] [Instant],378.3656,10,100 000,Lifetime Refill,54 minutes
11686,Youtube Likes - [Geo-Targeted] [BRAZIL ðŸ‡§ðŸ‡·] [Max 100K] [Speed 100K/Day] [Instant],378.3656,10,100 000,Lifetime Refill,13 hours 14 minutes
12107,Youtube Likes - [Geo-Targeted] [Bangladesh ðŸ‡§ðŸ‡©] [Max 100K] [Speed 100K/Day] [Instant],378.3656,10,100 000,Lifetime Refill,48 minutes
11687,Youtube Likes - [Geo-Targeted] [PHILIPPINES ðŸ‡µðŸ‡­] [Max 100K] [Speed 100K/Day] [Instant],378.3656,10,100 000,Lifetime Refill,47 minutes
12108,Youtube Likes - [Geo-Targeted] [Burkina Faso] [Max 100K] [Speed 100K/Day] [Instant],378.3656,10,100 000,Lifetime Refill,59 minutes
11688,Youtube Likes - [Geo-Targeted] [GERMANY ðŸ‡©ðŸ‡ª] [Max 100K] [Speed 100K/Day] [Instant],378.3656,10,100 000,Lifetime Refill,1 hour 5 minutes
12109,Youtube Likes - [Geo-Targeted] [Burundi] [Max 100K] [Speed 100K/Day] [Instant],378.3656,10,100 000,Lifetime Refill,46 minutes
11689,Youtube Likes - [Geo-Targeted] [LEBANON ðŸ‡±ðŸ‡§] [Max 100K] [Speed 100K/Day] [Instant],378.3656,10,100 000,Lifetime Refill,45 minutes
12110,Youtube Likes - [Geo-Targeted] [Benin] [Max 100K] [Speed 100K/Day] [Instant],378.3656,10,100 000,Lifetime Refill,44 minutes
11690,Youtube Likes - [Geo-Targeted] [AZERBAIJAN ðŸ‡¨ðŸ‡³] [Max 100K] [Speed 100K/Day] [Instant],378.3656,10,100 000,Lifetime Refill,50 minutes
12111,Youtube Likes - [Geo-Targeted] [Bolivia ðŸ‡§ðŸ‡´] [Max 100K] [Speed 100K/Day] [Instant],378.3656,10,100 000,Lifetime Refill,42 minutes
11691,Youtube Likes - [Geo-Targeted] [KUWAIT ðŸ‡°ðŸ‡¼] [Max 100K] [Speed 100K/Day] [Instant],378.3656,10,100 000,Lifetime Refill,53 minutes
12112,Youtube Likes - [Geo-Targeted] [Belarus ðŸ‡§ðŸ‡¾] [Max 100K] [Speed 100K/Day] [Instant],378.3656,10,100 000,Lifetime Refill,53 minutes
11692,Youtube Likes - [Geo-Targeted] [PAKISTAN ðŸ‡µðŸ‡°] [Max 100K] [Speed 100K/Day] [Instant],378.3656,10,100 000,Lifetime Refill,1 hour 28 minutes
12113,Youtube Likes - [Geo-Targeted] [Bulgaria ðŸ‡§ðŸ‡¬] [Max 100K] [Speed 100K/Day] [Instant],378.3656,10,100 000,Lifetime Refill,58 minutes
11693,Youtube Likes - [Geo-Targeted] [IRAN ðŸ‡®ðŸ‡·] [Max 100K] [Speed 100K/Day] [Instant],378.3656,10,100 000,Lifetime Refill,44 minutes
12114,Youtube Likes - [Geo-Targeted] [Bosnia and Herzegovina] [Max 100K] [Speed 100K/Day] [Instant],378.3656,10,100 000,Lifetime Refill,50 minutes
11694,Youtube Likes - [Geo-Targeted] [RUSSIA ðŸ‡·ðŸ‡º] [Max 100K] [Speed 100K/Day] [Instant],378.3656,10,100 000,Lifetime Refill,54 minutes
12115,Youtube Likes - [Geo-Targeted] [Botswana ðŸ‡§ðŸ‡¼] [Max 100K] [Speed 100K/Day] [Instant],378.3656,10,100 000,Lifetime Refill,47 minutes
11695,Youtube Likes - [Geo-Targeted] [FRANCE ðŸ‡«ðŸ‡·] [Max 100K] [Speed 100K/Day] [Instant],378.3656,10,100 000,Lifetime Refill,26 minutes
12116,Youtube Likes - [Geo-Targeted] [Bahrain ðŸ‡§ðŸ‡­] [Max 100K] [Speed 100K/Day] [Instant],378.3656,10,100 000,Lifetime Refill,41 minutes
11696,Youtube Likes - [Geo-Targeted] [ROMANIA ðŸ‡·ðŸ‡´] [Max 100K] [Speed 100K/Day] [Instant],378.3656,10,100 000,Lifetime Refill,46 minutes
12117,Youtube Likes - [Geo-Targeted] [China ðŸ‡¨ðŸ‡³] [Max 100K] [Speed 100K/Day] [Instant],378.3656,10,100 000,Lifetime Refill,38 minutes
11697,Youtube Likes - [Geo-Targeted] [ITALIAN ðŸ‡®ðŸ‡¹] [Max 100K] [Speed 100K/Day] [Instant],378.3656,10,100 000,Lifetime Refill,35 minutes
12118,Youtube Likes - [Geo-Targeted] [Colombia ðŸ‡¨ðŸ‡´] [Max 100K] [Speed 100K/Day] [Instant],378.3656,10,100 000,Lifetime Refill,34 minutes
11698,Youtube Likes - [Geo-Targeted] [SWEDEN ðŸ‡¸ðŸ‡ª] [Max 100K] [Speed 100K/Day] [Instant],378.3656,10,100 000,Lifetime Refill,39 minutes
12119,Youtube Likes - [Geo-Targeted] [Cameroon ðŸ‡¨ðŸ‡²] [Max 100K] [Speed 100K/Day] [Instant],378.3656,10,100 000,Lifetime Refill,38 minutes
11699,Youtube Likes - [Geo-Targeted] [ARABIC ðŸ‡¦ðŸ‡ª] [Max 100K] [Speed 100K/Day] [Instant],378.3656,10,100 000,Lifetime Refill,38 minutes
12120,Youtube Likes - [Geo-Targeted] [CÃ´te d'Ivoire] [Max 100K] [Speed 100K/Day] [Instant],378.3656,10,100 000,Lifetime Refill,43 minutes
11700,Youtube Likes - [Geo-Targeted] [DENMARK ðŸ‡©ðŸ‡°] [Max 100K] [Speed 100K/Day] [Instant],378.3656,10,100 000,Lifetime Refill,37 minutes
12121,Youtube Likes - [Geo-Targeted] [Chile ðŸ‡¨ðŸ‡±] [Max 100K] [Speed 100K/Day] [Instant],378.3656,10,100 000,Lifetime Refill,41 minutes
11701,Youtube Likes - [Geo-Targeted] [SINGAPORE ðŸ‡¸ðŸ‡¬] [Max 100K] [Speed 100K/Day] [Instant],378.3656,10,100 000,Lifetime Refill,34 minutes
12122,Youtube Likes - [Geo-Targeted] [Cambodia ðŸ‡°ðŸ‡­] [Max 100K] [Speed 100K/Day] [Instant],378.3656,10,100 000,Lifetime Refill,39 minutes
11702,Youtube Likes - [Geo-Targeted] [INDONESIA ðŸ‡®ðŸ‡©] [Max 100K] [Speed 100K/Day] [Instant],378.3656,10,100 000,Lifetime Refill,39 minutes
12123,Youtube Likes - [Geo-Targeted] [Chad ðŸ‡¹ðŸ‡©] [Max 100K] [Speed 100K/Day] [Instant],378.3656,10,100 000,Lifetime Refill,38 minutes
11703,Youtube Likes - [Geo-Targeted] [EGYPT ðŸ‡ªðŸ‡¬] [Max 100K] [Speed 100K/Day] [Instant],378.3656,10,100 000,Lifetime Refill,38 minutes
12124,Youtube Likes - [Geo-Targeted] [CUBA ðŸ‡¨ðŸ‡º] [Max 100K] [Speed 100K/Day] [Instant],378.3656,10,100 000,Lifetime Refill,31 minutes
11704,Youtube Likes - [Geo-Targeted] [UK ðŸ‡¬ðŸ‡§] [Max 100K] [Speed 100K/Day] [Instant],378.3656,10,100 000,Lifetime Refill,36 minutes
12125,Youtube Likes - [Geo-Targeted] [Congo ðŸ‡¨ðŸ‡©] [Max 100K] [Speed 100K/Day] [Instant],378.3656,10,100 000,Lifetime Refill,29 minutes
11705,Youtube Likes - [Geo-Targeted] [AUSTRALIA ðŸ‡¦ðŸ‡º] [Max 100K] [Speed 100K/Day] [Instant],378.3656,10,100 000,Lifetime Refill,34 minutes
12126,Youtube Likes - [Geo-Targeted] [Costa Rica ðŸ‡¨ðŸ‡·] [Max 100K] [Speed 100K/Day] [Instant],378.3656,10,100 000,Lifetime Refill,34 minutes
11706,Youtube Likes - [Geo-Targeted] [BELGIUM ðŸ‡§ðŸ‡ª] [Max 100K] [Speed 100K/Day] [Instant],378.3656,10,100 000,Lifetime Refill,32 minutes
12127,Youtube Likes - [Geo-Targeted] [Central African Republic] [Max 100K] [Speed 100K/Day] [Instant],378.3656,10,100 000,Lifetime Refill,43 minutes
11707,Youtube Likes - [Geo-Targeted] [MOROCCO ðŸ‡²ðŸ‡¦] [Max 100K] [Speed 100K/Day] [Instant],378.3656,10,100 000,Lifetime Refill,37 minutes
12128,Youtube Likes - [Geo-Targeted] [Croatia ðŸ‡­ðŸ‡·] [Max 100K] [Speed 100K/Day] [Instant],378.3656,10,100 000,Lifetime Refill,42 minutes
11708,Youtube Likes - [Geo-Targeted] [NETHERLANDS ðŸ‡³ðŸ‡±] [Max 100K] [Speed 100K/Day] [Instant],378.3656,10,100 000,Lifetime Refill,1 hour 35 minutes
12129,Youtube Likes - [Geo-Targeted] [Cyprus ðŸ‡¨ðŸ‡¾] [Max 100K] [Speed 100K/Day] [Instant],378.3656,10,100 000,Lifetime Refill,35 minutes
11709,Youtube Likes - [Geo-Targeted] [PORTUGAL ðŸ‡µðŸ‡¹] [Max 100K] [Speed 100K/Day] [Instant],378.3656,10,100 000,Lifetime Refill,32 minutes
12130,Youtube Likes - [Geo-Targeted] [DR Congo] [Max 100K] [Speed 100K/Day] [Instant],378.3656,10,100 000,Lifetime Refill,38 minutes
11710,Youtube Likes - [Geo-Targeted] [SAUDI ARABIA ðŸ‡¸ðŸ‡¦] [Max 100K] [Speed 100K/Day] [Instant],378.3656,10,100 000,Lifetime Refill,37 minutes
12131,Youtube Likes - [Geo-Targeted] [Dominican Republic ðŸ‡©ðŸ‡´] [Max 100K] [Speed 100K/Day] [Instant],378.3656,10,100 000,Lifetime Refill,42 minutes
11711,Youtube Likes - [Geo-Targeted] [UKRAINE ðŸ‡ºðŸ‡¦] [Max 100K] [Speed 100K/Day] [Instant],378.3656,10,100 000,Lifetime Refill,29 minutes
12132,Youtube Likes - [Geo-Targeted] [Ethiopia ðŸ‡ªðŸ‡¹] [Max 100K] [Speed 100K/Day] [Instant],378.3656,10,100 000,Lifetime Refill,48 minutes
11712,Youtube Likes - [Geo-Targeted] [TAIWAN ðŸ‡¹ðŸ‡¼] [Max 40K] [Speed 30K/Day] [0-30 Mins],378.3656,10,100 000,Lifetime Refill,41 minutes
12133,Youtube Likes - [Geo-Targeted] [Ecuador ðŸ‡ªðŸ‡¨] [Max 100K] [Speed 100K/Day] [Instant],378.3656,10,100 000,Lifetime Refill,41 minutes
11713,Youtube Likes - [Geo-Targeted] [SOUTH KOREA ðŸ‡°ðŸ‡·] [Max 100K] [Speed 100K/Day] [Instant],378.3656,10,100 000,Lifetime Refill,1 hour 17 minutes
12134,Youtube Likes - [Geo-Targeted] [El Salvador ðŸ‡¸ðŸ‡»] [Max 100K] [Speed 100K/Day] [Instant],378.3656,10,100 000,Lifetime Refill,30 minutes
11714,Youtube Likes - [Geo-Targeted] [SPAIN ðŸ‡ªðŸ‡¸] [Max 100K] [Speed 100K/Day] [Instant],378.3656,10,100 000,Lifetime Refill,28 minutes
12135,Youtube Likes - [Geo-Targeted] [Eritrea] [Max 40K] [Max 100K] [Speed 100K/Day] [Instant],378.3656,10,100 000,Lifetime Refill,28 minutes
11715,Youtube Likes - [Geo-Targeted] [ALBANIA ðŸ‡¦ðŸ‡±] [Max 100K] [Speed 100K/Day] [Instant],378.3656,10,100 000,Lifetime Refill,33 minutes
12136,Youtube Likes - [Geo-Targeted] [Equatorial Guinea ðŸ‡¬ðŸ‡¶] [Max 100K] [Speed 100K/Day] [Instant],378.3656,10,100 000,Lifetime Refill,27 minutes
11716,Youtube Likes - [Geo-Targeted] [MALAYSIA ðŸ‡²ðŸ‡¾] [Max 100K] [Speed 100K/Day] [Instant],378.3656,10,100 000,Lifetime Refill,26 minutes
12137,Youtube Likes - [Geo-Targeted] [Estonia ðŸ‡ªðŸ‡ª] [Max 100K] [Speed 100K/Day] [Instant],378.3656,10,100 000,Lifetime Refill,25 minutes
11717,Youtube Likes - [Geo-Targeted] [POLAND ðŸ‡µðŸ‡±] [Max 100K] [Speed 100K/Day] [Instant],378.3656,10,100 000,Lifetime Refill,4 minutes
12138,Youtube Likes - [Geo-Targeted] [Finland ðŸ‡«ðŸ‡®] [Max 100K] [Speed 100K/Day] [Instant],378.3656,10,100 000,Lifetime Refill,23 minutes
11718,Youtube Likes - [Geo-Targeted] [MEXICO ðŸ‡²ðŸ‡½] [Max 100K] [Speed 100K/Day] [Instant],378.3656,10,100 000,Lifetime Refill,31 minutes
12139,Youtube Likes - [Geo-Targeted] [Ghana ðŸ‡¬ðŸ‡­] [Max 100K] [Speed 100K/Day] [Instant],378.3656,10,100 000,Lifetime Refill,28 minutes
11719,Youtube Likes - [Geo-Targeted] [GREECE ðŸ‡¬ðŸ‡·] [Max 100K] [Speed 100K/Day] [Instant],378.3656,10,100 000,Lifetime Refill,34 minutes
12140,Youtube Likes - [Geo-Targeted] [Guatemala] [Max 100K] [Speed 100K/Day] [Instant],378.3656,10,100 000,Lifetime Refill,29 minutes
11720,Youtube Likes - [Geo-Targeted] [CZECH REPUBLIC ðŸ‡¨ðŸ‡¿] [Max 100K] [Speed 100K/Day] [Instant],378.3656,10,100 000,Lifetime Refill,28 minutes
12141,Youtube Likes - [Geo-Targeted] [Guinea ðŸ‡¬ðŸ‡³] [Max 100K] [Speed 100K/Day] [Instant],378.3656,10,100 000,Lifetime Refill,3 hours 11 minutes
11721,Youtube Likes - [Geo-Targeted] [SOUTH AFRICA ðŸ‡¿ðŸ‡¦] [Max 100K] [Speed 100K/Day] [Instant],378.3656,10,100 000,Lifetime Refill,3 hours 9 minutes
12142,Youtube Likes - [Geo-Targeted] [Georgia ðŸ‡¬ðŸ‡ª] [Max 100K] [Speed 100K/Day] [Instant],378.3656,10,100 000,Lifetime Refill,3 hours 7 minutes
11722,Youtube Likes - [Geo-Targeted] [JORDAN ðŸ‡¯ðŸ‡´] [Max 100K] [Speed 100K/Day] [Instant],378.3656,10,100 000,Lifetime Refill,2 hours 51 minutes
12143,Youtube Likes - [Geo-Targeted] [Gambia ðŸ‡¬ðŸ‡²] [Max 100K] [Speed 100K/Day] [Instant],378.3656,10,100 000,Lifetime Refill,2 hours 47 minutes
12144,Youtube Likes - [Geo-Targeted] [Gabon] [Max 100K] [Speed 100K/Day] [Instant],378.3656,10,100 000,Lifetime Refill,2 hours 46 minutes
12145,Youtube Likes - [Geo-Targeted] [Guinea-Bissau] [Max 100K] [Speed 100K/Day] [Instant],378.3656,10,100 000,Lifetime Refill,2 hours 44 minutes
12146,Youtube Likes - [Geo-Targeted] [Haiti] [Max 100K] [Speed 100K/Day] [Instant],378.3656,10,100 000,Lifetime Refill,2 hours 43 minutes
12147,Youtube Likes - [Geo-Targeted] [Honduras ðŸ‡­ðŸ‡³] [Max 100K] [Speed 100K/Day] [Instant],378.3656,10,100 000,Lifetime Refill,1 minute
12148,Youtube Likes - [Geo-Targeted] [Hungary ðŸ‡­ðŸ‡º] [Max 100K] [Speed 100K/Day] [Instant],378.3656,10,100 000,Lifetime Refill,2 minutes
12149,Youtube Likes - [Geo-Targeted] [Hong Kong ðŸ‡­ðŸ‡°] [Max 100K] [Speed 100K/Day] [Instant],378.3656,10,100 000,Lifetime Refill,2 minutes
12150,Youtube Likes - [Geo-Targeted] [Iraq ðŸ‡®ðŸ‡¶] [Max 100K] [Speed 100K/Day] [Instant],378.3656,10,100 000,Lifetime Refill,2 minutes
12151,Youtube Likes - [Geo-Targeted] [Israel ðŸ‡®ðŸ‡±] [Max 100K] [Speed 100K/Day] [Instant],378.3656,10,100 000,Lifetime Refill,2 minutes
12152,Youtube Likes - [Geo-Targeted] [Ireland ðŸ‡®ðŸ‡ª] [Max 100K] [Speed 100K/Day] [Instant],378.3656,10,100 000,Lifetime Refill,2 minutes
12153,Youtube Likes - [Geo-Targeted] [Jamaica ðŸ‡¯ðŸ‡²] [Max 100K] [Speed 100K/Day] [Instant],378.3656,10,100 000,Lifetime Refill,2 minutes
12154,Youtube Likes - [Geo-Targeted] [Kenya ðŸ‡°ðŸ‡ª] [Max 100K] [Speed 100K/Day] [Instant],378.3656,10,100 000,Lifetime Refill,1 minute
12155,Youtube Likes - [Geo-Targeted] [Kazakhstan ðŸ‡°ðŸ‡¿] [Max 100K] [Speed 100K/Day] [Instant],378.3656,10,100 000,Lifetime Refill,2 minutes
12156,Youtube Likes - [Geo-Targeted] [Kyrgyzstan ðŸ‡°ðŸ‡¬] [Max 100K] [Speed 100K/Day] [Instant],378.3656,10,100 000,Lifetime Refill,1 minute
12157,Youtube Likes - [Geo-Targeted] [Laos ðŸ‡±ðŸ‡¦] [Max 100K] [Speed 100K/Day] [Instant],378.3656,10,100 000,Lifetime Refill,11 minutes
12158,Youtube Likes - [Geo-Targeted] [Libya ðŸ‡±ðŸ‡¾] [Max 100K] [Speed 100K/Day] [Instant],378.3656,10,100 000,Lifetime Refill,23 minutes
12159,Youtube Likes - [Geo-Targeted] [Liberia ðŸ‡±ðŸ‡·] [Max 100K] [Speed 100K/Day] [Instant],378.3656,10,100 000,Lifetime Refill,17 minutes
12160,Youtube Likes - [Geo-Targeted] [Lithuania ðŸ‡±ðŸ‡¹] [Max 100K] [Speed 100K/Day] [Instant],378.3656,10,100 000,Lifetime Refill,1 minute
12161,Youtube Likes - [Geo-Targeted] [Lesotho] [Max 100K] [Speed 100K/Day] [Instant],378.3656,10,100 000,Lifetime Refill,2 minutes
12162,Youtube Likes - [Geo-Targeted] [Latvia] [Max 100K] [Speed 100K/Day] [Instant],378.3656,10,100 000,Lifetime Refill,2 minutes
12163,Youtube Likes - [Geo-Targeted] [Myanmar ðŸ‡²ðŸ‡²] [Max 100K] [Speed 100K/Day] [Instant],378.3656,10,100 000,Lifetime Refill,2 minutes
12164,Youtube Likes - [Geo-Targeted] [Mozambique] [Max 100K] [Speed 100K/Day] [Instant],378.3656,10,100 000,Lifetime Refill,2 minutes
12165,Youtube Likes - [Geo-Targeted] [Madagascar ðŸ‡²ðŸ‡¬] [Max 100K] [Speed 100K/Day] [Instant],378.3656,10,100 000,Lifetime Refill,1 minute
12166,Youtube Likes - [Geo-Targeted] [Mali] [Max 100K] [Speed 100K/Day] [Instant],378.3656,10,100 000,Lifetime Refill,2 minutes
12167,Youtube Likes - [Geo-Targeted] [Malawi] [Max 100K] [Speed 100K/Day] [Instant],378.3656,10,100 000,Lifetime Refill,2 minutes
12168,Youtube Likes - [Geo-Targeted] [Mauritania] [Max 100K] [Speed 100K/Day] [Instant],378.3656,10,100 000,Lifetime Refill,1 minute
12169,Youtube Likes - [Geo-Targeted] [Moldova] [Max 100K] [Speed 100K/Day] [Instant],378.3656,10,100 000,Lifetime Refill,2 minutes
12170,Youtube Likes - [Geo-Targeted] [Mongolia ðŸ‡²ðŸ‡³] [Max 100K] [Speed 100K/Day] [Instant],378.3656,10,100 000,Lifetime Refill,1 minute
12171,Youtube Likes - [Geo-Targeted] [Nigeria ðŸ‡³ðŸ‡¬] [Max 100K] [Speed 100K/Day] [Instant],378.3656,10,100 000,Lifetime Refill,7 minutes
12172,Youtube Likes - [Geo-Targeted] [Nepal ðŸ‡³ðŸ‡µ] [Max 100K] [Speed 100K/Day] [Instant],378.3656,10,100 000,Lifetime Refill,2 minutes
12174,Youtube Likes - [Geo-Targeted] [Niger] [Max 100K] [Speed 100K/Day] [Instant],378.3656,10,100 000,Lifetime Refill,2 minutes
12175,Youtube Likes - [Geo-Targeted] [Nicaragua ðŸ‡³ðŸ‡®] [Max 100K] [Speed 100K/Day] [Instant],378.3656,10,100 000,Lifetime Refill,2 minutes
12176,Youtube Likes - [Geo-Targeted] [Norway] [Max 100K] [Speed 100K/Day] [Instant],378.3656,10,100 000,Lifetime Refill,1 minute
12177,Youtube Likes - [Geo-Targeted] [New Zealand ðŸ‡³ðŸ‡¿] [Max 100K] [Speed 100K/Day] [Instant],378.3656,10,100 000,Lifetime Refill,2 minutes
12178,Youtube Likes - [Geo-Targeted] [Namibia ðŸ‡³ðŸ‡¦] [Max 100K] [Speed 100K/Day] [Instant],378.3656,10,100 000,Lifetime Refill,1 minute
12179,Youtube Likes - [Geo-Targeted] [North Macedonia] [Max 100K] [Speed 100K/Day] [Instant],378.3656,10,100 000,Lifetime Refill,2 minutes
12180,Youtube Likes - [Geo-Targeted] [Oman ðŸ‡´ðŸ‡²] [Max 100K] [Speed 100K/Day] [Instant],378.3656,10,100 000,Lifetime Refill,2 minutes
12181,Youtube Likes - [Geo-Targeted] [Peru ðŸ‡µðŸ‡ª] [Max 100K] [Speed 100K/Day] [Instant],378.3656,10,100 000,Lifetime Refill,3 minutes
12182,Youtube Likes - [Geo-Targeted] [Papua New Guinea] [Max 100K] [Speed 100K/Day] [Instant],378.3656,10,100 000,Lifetime Refill,2 minutes
12183,Youtube Likes - [Geo-Targeted] [Paraguay ðŸ‡µðŸ‡¾] [Max 100K] [Speed 100K/Day] [Instant],378.3656,10,100 000,Lifetime Refill,1 minute
12184,Youtube Likes - [Geo-Targeted] [Panama] [Max 100K] [Speed 100K/Day] [Instant],378.3656,10,100 000,Lifetime Refill,1 minute
12185,Youtube Likes - [Geo-Targeted] [Qatar ðŸ‡¶ðŸ‡¦] [Max 100K] [Speed 100K/Day] [Instant],378.3656,10,100 000,Lifetime Refill,1 minute
12186,Youtube Likes - [Geo-Targeted] [Rwanda ðŸ‡·ðŸ‡¼] [Max 100K] [Speed 100K/Day] [Instant],378.3656,10,100 000,Lifetime Refill,2 minutes
12187,Youtube Likes - [Geo-Targeted] [Sudan ðŸ‡¸ðŸ‡©] [Max 100K] [Speed 100K/Day] [Instant],378.3656,10,100 000,Lifetime Refill,2 minutes
12188,Youtube Likes - [Geo-Targeted] [Sri Lanka ðŸ‡±ðŸ‡°] [Max 100K] [Speed 100K/Day] [Instant],378.3656,10,100 000,Lifetime Refill,1 minute
12189,Youtube Likes - [Geo-Targeted] [Syria ðŸ‡¸ðŸ‡¾] [Max 100K] [Speed 100K/Day] [Instant],378.3656,10,100 000,Lifetime Refill,1 minute
12190,Youtube Likes - [Geo-Targeted] [Senegal ðŸ‡¸ðŸ‡³] [Max 100K] [Speed 100K/Day] [Instant],378.3656,10,100 000,Lifetime Refill,2 minutes
12191,Youtube Likes - [Geo-Targeted] [Somalia ðŸ‡¸ðŸ‡´] [Max 100K] [Speed 100K/Day] [Instant],378.3656,10,100 000,Lifetime Refill,2 minutes
12192,Youtube Likes - [Geo-Targeted] [South Sudan] [Max 100K] [Speed 100K/Day] [Instant],378.3656,10,100 000,Lifetime Refill,1 minute
12193,Youtube Likes - [Geo-Targeted] [Serbia ðŸ‡·ðŸ‡¸] [Max 100K] [Speed 100K/Day] [Instant],378.3656,10,100 000,Lifetime Refill,1 minute
12194,Youtube Likes - [Geo-Targeted] [Switzerland ðŸ‡¨ðŸ‡­] [Max 100K] [Speed 100K/Day] [Instant],378.3656,10,100 000,Lifetime Refill,1 minute
12195,Youtube Likes - [Geo-Targeted] [Sierra Leone] [Max 100K] [Speed 100K/Day] [Instant],378.3656,10,100 000,Lifetime Refill,2 minutes
12196,Youtube Likes - [Geo-Targeted] [Slovakia ðŸ‡¸ðŸ‡°] [Max 100K] [Speed 100K/Day] [Instant],378.3656,10,100 000,Lifetime Refill,2 minutes
12197,Youtube Likes - [Geo-Targeted] [Palestine] [Max 100K] [Speed 100K/Day] [Instant],378.3656,10,100 000,Lifetime Refill,1 minute
12198,Youtube Likes - [Geo-Targeted] [Slovenia ðŸ‡¸ðŸ‡®] [Max 100K] [Speed 100K/Day] [Instant],378.3656,10,100 000,Lifetime Refill,1 minute
12199,Youtube Likes - [Geo-Targeted] [Thailand ðŸ‡¹ðŸ‡­] [Max 100K] [Speed 100K/Day] [Instant],378.3656,10,100 000,Lifetime Refill,2 minutes
12200,Youtube Likes - [Geo-Targeted] [Tanzania ðŸ‡¹ðŸ‡¿] [Max 100K] [Speed 100K/Day] [Instant],378.3656,10,100 000,Lifetime Refill,1 minute
12201,Youtube Likes - [Geo-Targeted] [Tunisia ðŸ‡¹ðŸ‡³] [Max 100K] [Speed 100K/Day] [Instant],378.3656,10,100 000,Lifetime Refill,1 minute
12202,Youtube Likes - [Geo-Targeted] [Tajikistan ðŸ‡¹ðŸ‡¯] [Max 100K] [Speed 100K/Day] [Instant],378.3656,10,100 000,Lifetime Refill,2 minutes
12203,Youtube Likes - [Geo-Targeted] [Togo] [Max 100K] [Speed 100K/Day] [Instant],378.3656,10,100 000,Lifetime Refill,1 minute
12204,Youtube Likes - [Geo-Targeted] [Turkmenistan ðŸ‡¹ðŸ‡²] [Max 100K] [Speed 100K/Day] [Instant],378.3656,10,100 000,Lifetime Refill,1 minute
12205,Youtube Likes - [Geo-Targeted] [Uganda ðŸ‡ºðŸ‡¬] [Max 100K] [Speed 100K/Day] [Instant],378.3656,10,100 000,Lifetime Refill,2 minutes
12206,Youtube Likes - [Geo-Targeted] [Uzbekistan ðŸ‡ºðŸ‡¿] [Max 100K] [Speed 100K/Day] [Instant],378.3656,10,100 000,Lifetime Refill,2 minutes
12207,Youtube Likes - [Geo-Targeted] [Uruguay ðŸ‡ºðŸ‡¾] [Max 100K] [Speed 100K/Day] [Instant],378.3656,10,100 000,Lifetime Refill,2 minutes
12208,Youtube Likes - [Geo-Targeted] [Venezuela ðŸ‡»ðŸ‡ª] [Max 100K] [Speed 100K/Day] [Instant],378.3656,10,100 000,Lifetime Refill,2 minutes
12209,Youtube Likes - [Geo-Targeted] [Zambia ðŸ‡¿ðŸ‡²] [Max 100K] [Speed 100K/Day] [Instant],378.3656,10,100 000,Lifetime Refill,1 minute
12210,Youtube Likes - [Geo-Targeted] [Zimbabwe ðŸ‡¿ðŸ‡¼] [Max 100K] [Speed 100K/Day] [Instant],378.3656,10,100 000,Lifetime Refill,1 minute
8012,ðŸ‡ºðŸ‡¸ YouTube Likes US | 100K Max | Speed 100K/Day | Lifetime Warranty [Instant],645.4472,10,100 000,Lifetime Refill,1 hour 57 minutes
8014,ðŸ‡¬ðŸ‡§ YouTube Likes UK | 100K Max | Speed 100K/Day | Lifetime Warranty [Instant],600.9336,10,100 000,Lifetime Refill,4 hours 33 minutes
8015,ðŸ‡¦ðŸ‡º YouTube Likes Australia | 100K Max | Speed 100K/Day | Lifetime Warranty [Instant],600.9336,10,100 000,Lifetime Refill,8 minutes
8016,ðŸ‡¨ðŸ‡¦ YouTube Likes Canada | 100K Max | Speed 100K/Day | Lifetime Warranty [Instant],600.9336,10,100 000,Lifetime Refill,55 minutes
8020,ðŸ‡«ðŸ‡· YouTube Likes France | 100K Max | Speed 100K/Day | Lifetime Warranty [Instant],600.9336,10,100 000,Lifetime Refill,3 minutes
8021,ðŸ‡©ðŸ‡ª YouTube Likes Germany | 100K Max | Speed 100K/Day | Lifetime Warranty [Instant],600.9336,10,100 000,Lifetime Refill,23 minutes
8009,ðŸ‡»ðŸ‡³ YouTube Likes Vietnam | 100K Max | Speed 100K/Day | Lifetime Warranty [Instant],600.9336,10,100 000,Lifetime Refill,22 minutes
8010,ðŸ‡®ðŸ‡© YouTube Likes Indonesia | 100K Max | Speed 100K/Day | Lifetime Warranty [Instant],600.9336,10,100 000,Lifetime Refill,41 minutes
8011,ðŸ‡§ðŸ‡© YouTube Likes Bangladesh | 100K Max | Speed 100K/Day | Lifetime Warranty [Instant],600.9336,10,100 000,Lifetime Refill,55 minutes
8013,ðŸ‡®ðŸ‡³ YouTube Likes India | 100K Max | Speed 100K/Day | Lifetime Warranty [Instant],600.9336,10,100 000,Lifetime Refill,4 minutes
8017,ðŸ‡§ðŸ‡· YouTube Likes Brazil | 100K Max | Speed 100K/Day | Lifetime Warranty [Instant],600.9336,10,100 000,Lifetime Refill,3 hours 7 minutes
8018,ðŸ‡ªðŸ‡¬ YouTube Likes Egypt | 100K Max | Speed 100K/Day | Lifetime Warranty [Instant],600.9336,10,100 000,Lifetime Refill,23 minutes
8019,ðŸ‡§ðŸ‡ª YouTube Likes Belgium | 100K Max | Speed 100K/Day | Lifetime Warranty [Instant],600.9336,10,100 000,Lifetime Refill,55 minutes
8022,ðŸ‡²ðŸ‡¦ YouTube Likes Morocco | 100K Max | Speed 100K/Day | Lifetime Warranty [Instant],600.9336,10,100 000,Lifetime Refill,2 minutes
8023,ðŸ‡®ðŸ‡¹ YouTube Likes Italy | 100K Max | Speed 100K/Day | Lifetime Warranty [Instant],600.9336,10,100 000,Lifetime Refill,33 minutes
8024,ðŸ‡³ðŸ‡± YouTube Likes Netherlands | 100K Max | Speed 100K/Day | Lifetime Warranty [Instant],600.9336,10,100 000,Lifetime Refill,4 minutes
8025,ðŸ‡µðŸ‡¹ YouTube Likes Portugal | 100K Max | Speed 100K/Day | Lifetime Warranty [Instant],600.9336,10,100 000,Lifetime Refill,55 minutes
8026,ðŸ‡·ðŸ‡º YouTube Likes Russia | 100K Max | Speed 100K/Day | Lifetime Warranty [Instant],600.9336,10,100 000,Lifetime Refill,16 minutes
8027,ðŸ‡¸ðŸ‡¦ YouTube Likes Saudi Arabia | 100K Max | Speed 100K/Day | Lifetime Warranty [Instant],600.9336,10,100 000,Lifetime Refill,27 minutes
8028,ðŸ‡¯ðŸ‡µ YouTube Likes Japan | 100K Max | Speed 100K/Day | Lifetime Warranty [0-1HR],383.9298,10,100 000,Lifetime Refill,58 minutes
8029,ðŸ‡¹ðŸ‡· YouTube Likes Turkey | 100K Max | Speed 100K/Day | Lifetime Warranty [Instant],600.9336,10,100 000,Lifetime Refill,33 minutes
8030,ðŸ‡ºðŸ‡¦ YouTube Likes Ukraine | 100K Max | Speed 100K/Day | Lifetime Warranty [Instant],600.9336,10,100 000,Lifetime Refill,22 minutes
8031,ðŸ‡¹ðŸ‡¼ YouTube Likes Taiwan | 100K Max | Speed 100K/Day | Lifetime Warranty [Instant],600.9336,10,100 000,Lifetime Refill,55 minutes
8032,ðŸ‡°ðŸ‡· YouTube Likes South Korea | 100K Max | Speed 100K/Day | Lifetime Warranty [Instant],600.9336,10,100 000,Lifetime Refill,3 hours 2 minutes
8033,ðŸ‡ªðŸ‡¸ YouTube Likes Spain | 100K Max | Speed 100K/Day | Lifetime Warranty [Instant],600.9336,10,100 000,Lifetime Refill,3 hours 38 minutes
8034,ðŸ‡¸ðŸ‡ª YouTube Likes Sweden | 100K Max | Speed 100K/Day | Lifetime Warranty [Instant],600.9336,10,100 000,Lifetime Refill,23 minutes
8035,ðŸ‡µðŸ‡± YouTube Likes Poland | 100K Max | Speed 100K/Day | Lifetime Warranty [Instant],600.9336,10,100 000,Lifetime Refill,22 minutes
8036,ðŸ‡²ðŸ‡½ YouTube Likes | Mexico | 100K Max | Speed 100K/Day | Lifetime Warranty [Instant],600.9336,10,100 000,Lifetime Refill,51 minutes
8037,ðŸ‡¬ðŸ‡· YouTube Likes Greece | 100K Max | Speed 100K/Day | Lifetime Warranty [Instant],600.9336,10,100 000,Lifetime Refill,5 minutes
8038,ðŸ‡¨ðŸ‡¿ YouTube Likes Czech Republic | 100K Max | Speed 100K/Day | Lifetime Warranty [Instant],600.9336,10,100 000,Lifetime Refill,55 minutes
8039,ðŸ‡¿ðŸ‡¦ YouTube Likes South Africa | 100K Max | Speed 100K/Day | Lifetime Warranty [Instant],600.9336,10,100 000,Lifetime Refill,22 minutes
8040,ðŸ‡¦ðŸ‡± YouTube Likes Albania | 100K Max | Speed 100K/Day | Lifetime Warranty [Instant],600.9336,10,100 000,Lifetime Refill,25 minutes
8041,ðŸ‡²ðŸ‡¾ YouTube Likes Malaysia | 100K Max | Speed 100K/Day | Lifetime Warranty [Instant],600.9336,10,100 000,Lifetime Refill,17 minutes
10191,YouTube Likes - [ð‚ð¨ð§ð­ð¢ð§ðžð§ð­ ðŽðŸ ð€ð¬ð¢ðš] [Lifetime Refill] [Speed 20K/Day] [INSTANT],734.4744,20,100 000,Lifetime Refill,11 minutes
10192,YouTube Likes - [ð‚ð¨ð§ð­ð¢ð§ðžð§ð­ ðŽðŸ ð€ðŸð«ð¢ðœðš] [Lifetime Refill] [Speed 20K/Day] [INSTANT],734.4744,20,100 000,Lifetime Refill,33 minutes
10193,YouTube Likes - [ð‚ð¨ð§ð­ð¢ð§ðžð§ð­ ðŽðŸ ð„ð®ð«ð¨ð©ðž] [Lifetime Refill] [Speed 20K/Day] [INSTANT],734.4744,20,5 000,Lifetime Refill,45 minutes
10194,YouTube Likes - [ð‚ð¨ð§ð­ð¢ð§ðžð§ð­ ðŽðŸ ðð¨ð«ð­ð¡ ð€ð¦ðžð«ð¢ðœðš] [Lifetime Refill] [Speed 20K/Day] [INSTANT],734.4744,20,100 000,Lifetime Refill,7 minutes
10195,YouTube Likes - [ð‚ð¨ð§ð­ð¢ð§ðžð§ð­ ðŽðŸ ð’ð¨ð®ð­ð¡ ð€ð¦ðžð«ð¢ðœðš] [Lifetime Refill] [Speed 20K/Day] [INSTANT],734.4744,20,100 000,Lifetime Refill,23 minutes
10196,YouTube Likes - [ð‚ð¨ð§ð­ð¢ð§ðžð§ð­ ðŽðŸ ð€ð§ð­ðšð«ð­ð¢ðœðš] [Lifetime Refill] [Speed 20K/Day] [INSTANT],734.4744,20,100 000,Lifetime Refill,22 minutes
10197,YouTube Likes - [ð‚ð¨ð§ð­ð¢ð§ðžð§ð­ ðŽðŸ ð€ð®ð¬ð­ð«ðšð¥ð¢ðš] [Lifetime Refill] [Speed 20K/Day] [INSTANT],734.4744,20,100 000,Lifetime Refill,17 minutes
11991,Youtube Likes - [ð‚ð«ð²ð©ð­ð¨ & ðð…ð“] | REAL [30 Days Refill] [Max 50K] [Non-Drop] [Speed 100K/Day],689.9608,20,5 000,30 Days Refill,2 minutes
11992,Youtube Likes - [ð‚ð«ð²ð©ð­ð¨ & ðð…ð“] | REAL [365 Days Refill] [Max 50K] [Non-Drop] [Speed 100K/Day],723.346,20,5 000,365 Days Refill,17 minutes
11993,Youtube Likes - [ð‚ð«ð²ð©ð­ð¨ & ðð…ð“] | REAL [Lifetime Refill] [Max 50K] [Non-Drop] [Speed 100K/Day],767.8596,20,5 000,Lifetime Refill,55 minutes
12000,Youtube Likes - [ðŒð®ð¬ð¢ðœ] | REAL [30 Days Refill] [Max 50K] [Non-Drop] [Speed 100K/Day],689.9608,20,5 000,30 Days Refill,55 minutes
12001,Youtube Likes - [ðŒð®ð¬ð¢ðœ] | REAL [365 Days Refill] [Max 50K] [Non-Drop] [Speed 100K/Day],723.346,20,5 000,365 Days Refill,5 hours 29 minutes
12002,Youtube Likes - [ðŒð®ð¬ð¢ðœ] | REAL [Lifetime Refill] [Max 50K] [Non-Drop] [Speed 100K/Day],762.2954,20,5 000,Lifetime Refill,10 minutes
12006,Youtube Likes - [ððžð°ð¬] | REAL [30 Days Refill] [Max 50K] [Non-Drop] [Speed 100K/Day],689.9608,20,5 000,30 Days Refill,17 minutes
12007,Youtube Likes - [ððžð°ð¬] | REAL [365 Days Refill] [Max 50K] [Non-Drop] [Speed 100K/Day],723.346,20,5 000,365 Days Refill,55 minutes
12008,Youtube Likes - [ððžð°ð¬] | REAL [Lifetime Refill] [Max 50K] [Non-Drop] [Speed 100K/Day],767.8596,20,5 000,Lifetime Refill,22 minutes
11997,Youtube Likes - [ðŒð¨ð¯ð¢ðž ð“ð«ðšð¢ð¥ðžð«] | REAL [30 Days Refill] [Max 50K] [Non-Drop] [Speed 100K/Day],695.525,20,5 000,30 Days Refill,55 minutes
11998,Youtube Likes - [ðŒð¨ð¯ð¢ðž ð“ð«ðšð¢ð¥ðžð«] | REAL [365 Days Refill] [Max 50K] [Non-Drop] [Speed 100K/Day],723.346,20,5 000,365 Days Refill,23 minutes
11999,Youtube Likes - [ðŒð¨ð¯ð¢ðž ð“ð«ðšð¢ð¥ðžð«] | REAL [Lifetime Refill] [Max 50K] [Non-Drop] [Speed 100K/Day],767.8596,20,5 000,Lifetime Refill,11 minutes
12003,Youtube Likes - [ð†ðšð¦ð¢ð§ð ] | REAL [30 Days Refill] [Max 50K] [Non-Drop] [Speed 100K/Day],695.525,20,5 000,30 Days Refill,1 hour 12 minutes
12004,Youtube Likes - [ð†ðšð¦ð¢ð§ð ] | REAL [365 Days Refill] [Max 50K] [Non-Drop] [Speed 100K/Day],723.346,20,5 000,365 Days Refill,42 minutes
12005,Youtube Likes - [ð†ðšð¦ð¢ð§ð ] | REAL [Lifetime Refill] [Max 50K] [Non-Drop] [Speed 100K/Day],767.8596,20,5 000,30 Days Refill,33 minutes
12009,Youtube Likes - [ð“ðžðœð¡] | REAL [30 Days Refill] [Max 50K] [Non-Drop] [Speed 100K/Day],695.525,20,5 000,30 Days Refill,33 minutes
12010,Youtube Likes - [ð“ðžðœð¡] | REAL [365 Days Refill] [Max 50K] [Non-Drop] [Speed 100K/Day],723.346,20,5 000,365 Days Refill,33 minutes
12011,Youtube Likes - [ð“ðžðœð¡] | REAL [Lifetime Refill] [Max 50K] [Non-Drop] [Speed 100K/Day],767.8596,20,5 000,Lifetime Refill,17 minutes
12012,Youtube Likes - [ðŠð¢ðð¬] | REAL [30 Days Refill] [Max 50K] [Non-Drop] [Speed 100K/Day],695.525,20,5 000,30 Days Refill,3 minutes
12013,Youtube Likes - [ðŠð¢ðð¬] | REAL [365 Days Refill] [Max 50K] [Non-Drop] [Speed 100K/Day],728.9102,20,5 000,365 Days Refill,22 minutes
12014,Youtube Likes - [ðŠð¢ðð¬] | REAL [Lifetime Refill] [Max 50K] [Non-Drop] [Speed 100K/Day],767.8596,20,5 000,Lifetime Refill,23 minutes
12015,Youtube Likes - [ð•ð¥ð¨ð ] | REAL [30 Days Refill] [Max 50K] [Non-Drop] [Speed 100K/Day],695.525,20,5 000,30 Days Refill,16 minutes
12016,Youtube Likes - [ð•ð¥ð¨ð ] | REAL [365 Days Refill] [Max 50K] [Non-Drop] [Speed 100K/Day],728.9102,20,5 000,365 Days Refill,11 minutes
12017,Youtube Likes - [ð•ð¥ð¨ð ] | REAL [Lifetime Refill] [Max 50K] [Non-Drop] [Speed 100K/Day],767.8596,20,5 000,Lifetime Refill,16 minutes
11994,Youtube Likes - [ð’ð­ð¨ðœð¤] | REAL [30 Days Refill] [Max 50K] [Non-Drop] [Speed 100K/Day],695.525,20,5 000,365 Days Refill,48 minutes
11995,Youtube Likes - [ð’ð­ð¨ðœð¤] | REAL [365 Days Refill] [Max 50K] [Non-Drop] [Speed 100K/Day],728.9102,20,5 000,365 Days Refill,55 minutes
11996,Youtube Likes - [ð’ð­ð¨ðœð¤] | REAL [Lifetime Refill] [Max 50K] [Non-Drop] [Speed 100K/Day],767.8596,20,5 000,Lifetime Refill,42 minutes
12018,Youtube Likes - [ð†ðšð¦ð›ð¥ðž] | REAL [30 Days Refill] [Max 50K] [Non-Drop] [Speed 100K/Day],695.525,20,5 000,30 Days Refill,11 minutes
12019,Youtube Likes - [ð†ðšð¦ð›ð¥ðž] | REAL [365 Days Refill] [Max 50K] [Non-Drop] [Speed 100K/Day],723.346,20,5 000,365 Days Refill,33 minutes
12020,Youtube Likes - [ð†ðšð¦ð›ð¥ðž] | REAL [Lifetime Refill] [Max 50K] [Non-Drop] [Speed 100K/Day],767.8596,20,5 000,Lifetime Refill,22 minutes
12021,YouTube Referrer Likes - [ð…ðšðœðžð›ð¨ð¨ð¤.ðœð¨ð¦] | REAL [Lifetime Refill] [Max 50K] [Non-Drop] [Speed 50K/Day],767.8596,20,5 000,Lifetime Refill,17 minutes
12022,YouTube Referrer Likes - [ð–ð¡ðšð­ð¬ðšð©ð©.ðœð¨ð¦] | REAL [Lifetime Refill] [Max 50K] [Non-Drop] [Speed 50K/Day],767.8596,20,5 000,Lifetime Refill,17 minutes
12027,YouTube Referrer Likes - [ð‘ðžððð¢ð­.ðœð¨ð¦] | REAL [Lifetime Refill] [Max 50K] [Non-Drop] [Speed 50K/Day],767.8596,20,5 000,Lifetime Refill,22 minutes
12034,YouTube Referrer Likes - [ð“ð°ð¢ð­ð­ðžð«.ðœð¨ð¦] | REAL [Lifetime Refill] [Max 50K] [Non-Drop] [Speed 50K/Day],767.8596,20,5 000,Lifetime Refill,16 minutes
12036,YouTube Referrer Likes - [ð‹ð¢ð§ð¤ðžðð¢ð§.ðœð¨ð¦] | REAL [Lifetime Refill] [Max 50K] [Non-Drop] [Speed 50K/Day],767.8596,20,5 000,Lifetime Refill,23 minutes
12023,YouTube Referrer Likes - [ðˆð§ð¬ð­ðšð ð«ðšð¦.ðœð¨ð¦] | REAL [Lifetime Refill] [Max 50K] [Non-Drop] [Speed 50K/Day],767.8596,20,5 000,Lifetime Refill,17 minutes
12025,YouTube Referrer Likes - [ð“ð¢ð¤ð­ð¨ð¤.ðœð¨ð¦] | REAL [Lifetime Refill] [Max 50K] [Non-Drop] [Speed 50K/Day],767.8596,20,5 000,Lifetime Refill,17 minutes
12029,YouTube Referrer Likes - [ð“ðžð¥ðžð ð«ðšð¦.ð¨ð«ð ] | REAL [Lifetime Refill] [Max 50K] [Non-Drop] [Speed 50K/Day],767.8596,20,5 000,Lifetime Refill,33 minutes
12038,YouTube Referrer Likes - [ð“ð¡ð«ðžðšðð¬.ð§ðžð­] | REAL [Lifetime Refill] [Max 50K] [Non-Drop] [Speed 50K/Day],767.8596,20,5 000,Lifetime Refill,22 minutes
12030,YouTube Referrer Likes - [ð’ð§ðšð©ðœð¡ðšð­.ðœð¨ð¦] | REAL [Lifetime Refill] [Max 50K] [Non-Drop] [Speed 50K/Day],767.8596,20,5 000,Lifetime Refill,22 minutes
12035,YouTube Referrer Likes - [ðð¢ð§ð­ðžð«ðžð¬ð­.ðœð¨ð¦] | REAL [Lifetime Refill] [Max 50K] [Non-Drop] [Speed 50K/Day],767.8596,20,5 000,Lifetime Refill,16 minutes
12046,YouTube Referrer Likes - [ð’ð¡ð¨ð©ðžðž.ðœð¨ð¦] | REAL [Lifetime Refill] [Max 50K] [Non-Drop] [Speed 50K/Day],767.8596,20,5 000,Lifetime Refill,33 minutes
12044,YouTube Referrer Likes - [ð“ð°ð¢ð­ðœð¡.ð­ð¯] | REAL [Lifetime Refill] [Max 50K] [Non-Drop] [Speed 50K/Day],767.8596,20,5 000,Lifetime Refill,22 minutes
12026,YouTube Referrer Likes - [ðŒðžð¬ð¬ðžð§ð ðžð«.ðœð¨ð¦] | REAL [Lifetime Refill] [Max 50K] [Non-Drop] [Speed 50K/Day],767.8596,20,5 000,Lifetime Refill,23 minutes
12024,YouTube Referrer Likes - [ð–ðžðœð¡ðšð­.ðœð¨ð¦] | REAL [Lifetime Refill] [Max 50K] [Non-Drop] [Speed 50K/Day],767.8596,20,5 000,Lifetime Refill,33 minutes
12028,YouTube Referrer Likes - [ðƒð¨ð®ð²ð¢ð§.ðœð¨ð¦] | REAL [Lifetime Refill] [Max 50K] [Non-Drop] [Speed 50K/Day],767.8596,20,5 000,Lifetime Refill,17 minutes
12031,YouTube Referrer Likes - [ðŠð®ðšð¢ð¬ð¡ð¨ð®.ðœð¨ð¦] | REAL [Lifetime Refill] [Max 50K] [Non-Drop] [Speed 50K/Day],767.8596,20,5 000,Lifetime Refill,17 minutes
12032,YouTube Referrer Likes - [ð–ðžð¢ð›ð¨.ðœð¨ð¦] | REAL [Lifetime Refill] [Max 50K] [Non-Drop] [Speed 50K/Day],767.8596,20,5 000,Lifetime Refill,22 minutes
12033,YouTube Referrer Likes - [ðˆð¦.ðªðª.ðœð¨ð¦] | REAL [Lifetime Refill] [Max 50K] [Non-Drop] [Speed 50K/Day],767.8596,20,5 000,Lifetime Refill,17 minutes
12037,YouTube Referrer Likes - [ðð¬ð¤ð².ð¬ð¨ðœð¢ðšð¥] | REAL [Lifetime Refill] [Max 50K] [Non-Drop] [Speed 50K/Day],767.8596,20,5 000,Lifetime Refill,16 minutes
12039,YouTube Referrer Likes - [ð•ð¤.ðœð¨ð¦] | REAL [Lifetime Refill] [Max 50K] [Non-Drop] [Speed 50K/Day],767.8596,20,5 000,Lifetime Refill,22 minutes
12040,YouTube Referrer Likes - [ðŽð¤.ð«ð®] | REAL [Lifetime Refill] [Max 50K] [Non-Drop] [Speed 50K/Day],767.8596,20,5 000,Lifetime Refill,17 minutes
12041,YouTube Referrer Likes - [ð“ð®ð¦ð›ð¥ð«.ðœð¨ð¦] | REAL [Lifetime Refill] [Max 50K] [Non-Drop] [Speed 50K/Day],767.8596,20,5 000,Lifetime Refill,17 minutes
12042,YouTube Referrer Likes - [ðƒð¢ð¬ðœð¨ð«ð.ðœð¨ð¦] | REAL [Lifetime Refill] [Max 50K] [Non-Drop] [Speed 50K/Day],767.8596,20,5 000,Lifetime Refill,55 minutes
12043,YouTube Referrer Likes - [ð‚ð¥ð®ð›ð¡ð¨ð®ð¬ðž.ðœð¨ð¦] | REAL [Lifetime Refill] [Max 50K] [Non-Drop] [Speed 50K/Day],767.8596,20,5 000,Lifetime Refill,17 minutes
12045,YouTube Referrer Likes - [ðŠð¢ðœð¤.ðœð¨ð¦] | REAL [Lifetime Refill] [Max 50K] [Non-Drop] [Speed 50K/Day],767.8596,20,5 000,Lifetime Refill,22 minutes
12047,YouTube Referrer Likes - [ðð¢ð¥ð¢ð›ð¢ð¥ð¢.ðœð¨ð¦] | REAL [Lifetime Refill] [Max 50K] [Non-Drop] [Speed 50K/Day],767.8596,20,5 000,Lifetime Refill,17 minutes
12048,YouTube Referrer Likes - [ð†ð¨ð¨ð ð¥ðž.ðœð¨ð¦] | REAL [Lifetime Refill] [Max 50K] [Non-Drop] [Speed 50K/Day],767.8596,20,5 000,Lifetime Refill,3 minutes
12049,YouTube Referrer Likes - [ðð¢ð§ð .ðœð¨ð¦] | REAL [Lifetime Refill] [Max 50K] [Non-Drop] [Speed 50K/Day],767.8596,20,5 000,Lifetime Refill,23 minutes
12051,YouTube Referrer Likes - [ð˜ðšð¡ð¨ð¨.ðœð¨ð¦] | REAL [Lifetime Refill] [Max 50K] [Non-Drop] [Speed 50K/Day],767.8596,20,5 000,Lifetime Refill,11 minutes
12050,YouTube Referrer Likes - [ððšð¢ðð®.ðœð¨ð¦] | REAL [Lifetime Refill] [Max 50K] [Non-Drop] [Speed 50K/Day],767.8596,20,5 000,Lifetime Refill,23 minutes
12052,YouTube Referrer Likes - [ð˜ðšð§ððžð±.ðœð¨ð¦] | REAL [Lifetime Refill] [Max 50K] [Non-Drop] [Speed 50K/Day],767.8596,20,5 000,Lifetime Refill,11 minutes
12053,YouTube Referrer Likes - [ðƒð®ðœð¤ðð®ðœð¤ð ð¨.ðœð¨ð¦] | REAL [Lifetime Refill] [Max 50K] [Non-Drop] [Speed 50K/Day],767.8596,20,5 000,Lifetime Refill,33 minutes
12054,YouTube Referrer Likes - [ð€ð¬ð¤.ðœð¨ð¦] | REAL [Lifetime Refill] [Max 50K] [Non-Drop] [Speed 50K/Day],767.8596,20,5 000,Lifetime Refill,16 minutes
12055,YouTube Referrer Likes - [ð€ð¨ð¥.ðœð¨ð¦] | REAL [Lifetime Refill] [Max 50K] [Non-Drop] [Speed 50K/Day],767.8596,20,5 000,Lifetime Refill,33 minutes
12056,YouTube Referrer Likes - [ððšð¯ðžð«.ðœð¨ð¦] | REAL [Lifetime Refill] [Max 50K] [Non-Drop] [Speed 50K/Day],767.8596,20,5 000,Lifetime Refill,16 minutes
12057,YouTube Referrer Likes - [ð„ðœð¨ð¬ð¢ðš.ð¨ð«ð ] | REAL [Lifetime Refill] [Max 50K] [Non-Drop] [Speed 50K/Day],767.8596,20,5 000,Lifetime Refill,11 minutes
12058,YouTube Referrer Likes - [ð€ð«ðœð¡ð¢ð¯ðž.ð¨ð«ð ] | REAL [Lifetime Refill] [Max 50K] [Non-Drop] [Speed 50K/Day],767.8596,20,5 000,Lifetime Refill,17 minutes
12089,YouTube Referrer Likes - [ð–ð¢ð¤ð¢ð©ðžðð¢ðš.ð¨ð«ð .ðœð¨ð¦] | REAL [Lifetime Refill] [Max 50K] [Non-Drop] [Speed 50K/Day],767.8596,20,5 000,Lifetime Refill,33 minutes
12090,YouTube Referrer Likes - [ð…ðšð§ðð¨ð¦.ðœð¨ð¦] | REAL [Lifetime Refill] [Max 50K] [Non-Drop] [Speed 50K/Day],767.8596,20,5 000,Lifetime Refill,22 minutes
12091,YouTube Referrer Likes - [ð†ð¢ð­ð¡ð®ð›.ðœð¨ð¦] | REAL [Lifetime Refill] [Max 50K] [Non-Drop] [Speed 50K/Day],767.8596,20,5 000,Lifetime Refill,11 minutes
12092,YouTube Referrer Likes - [ðð®ð¨ð«ðš.ðœð¨ð¦] | REAL [Lifetime Refill] [Max 50K] [Non-Drop] [Speed 50K/Day],767.8596,20,5 000,Lifetime Refill,16 minutes
12093,YouTube Referrer Likes - [ðð¥ð¨ð ð ðžð«.ðœð¨ð¦] | REAL [Lifetime Refill] [Max 50K] [Non-Drop] [Speed 50K/Day],767.8596,20,5 000,Lifetime Refill,23 minutes
12094,YouTube Referrer Likes - [ðƒð³ðžð§.ð«ð®] | REAL [Lifetime Refill] [Max 50K] [Non-Drop] [Speed 50K/Day],767.8596,20,5 000,Lifetime Refill,22 minutes
12095,YouTube Referrer Likes - [ðŸ’ðœð¡ðšð§.ð¨ð«ð ] | REAL [Lifetime Refill] [Max 50K] [Non-Drop] [Speed 50K/Day],767.8596,20,5 000,Lifetime Refill,22 minutes
12096,YouTube Referrer Likes - [ð’ð¨ð¦ðžð­ð¡ð¢ð§ð ðšð°ðŸð®ð¥.ðœð¨ð¦] | REAL [Lifetime Refill] [Max 50K] [Non-Drop] [Speed 50K/Day],767.8596,20,5 000,Lifetime Refill,55 minutes
12097,YouTube Referrer Likes - [ð†ðšð¦ðžðŸðšðªð¬.ð†ðšð¦ðžð¬ð©ð¨ð­.ðœð¨ð¦] | REAL [Lifetime Refill] [Max 50K] [Non-Drop] [Speed 50K/Day],767.8596,20,5 000,Lifetime Refill,33 minutes
12098,YouTube Referrer Likes - [ððžð¨ð ðšðŸ.ðœð¨ð¦] | REAL [Lifetime Refill] [Max 50K] [Non-Drop] [Speed 50K/Day],767.8596,20,5 000,Lifetime Refill,22 minutes
12099,YouTube Referrer Likes - [ð…ð¥ð²ðžð«ð­ðšð¥ð¤.ðœð¨ð¦] | REAL [Lifetime Refill] [Max 50K] [Non-Drop] [Speed 50K/Day],767.8596,20,5 000,Lifetime Refill,22 minutes
12100,YouTube Referrer Likes - [ð–ðžð›ð¦ðšð¬ð­ðžð«ð°ð¨ð«ð¥ð.ðœð¨ð¦] | REAL [Lifetime Refill] [Max 50K] [Non-Drop] [Speed 50K/Day],767.8596,20,5 000,Lifetime Refill,18 minutes
12060,YouTube Referrer Likes - [ð€ð¦ðšð³ð¨ð§.ðœð¨ð¦] | REAL [Lifetime Refill] [Max 50K] [Non-Drop] [Speed 50K/Day],745.6028,20,5 000,Lifetime Refill,17 minutes
12061,YouTube Referrer Likes - [ð„ð›ðšð².ðœð¨ð¦] | REAL [Lifetime Refill] [Max 50K] [Non-Drop] [Speed 50K/Day],745.6028,20,5 000,Lifetime Refill,17 minutes
12062,YouTube Referrer Likes - [ð€ð¥ð¢ðžð±ð©ð«ðžð¬ð¬.ðœð¨ð¦] | REAL [Lifetime Refill] [Max 50K] [Non-Drop] [Speed 50K/Day],745.6028,20,5 000,Lifetime Refill,17 minutes
12063,YouTube Referrer Likes - [ððšð§ð ð ð¨ð¨ð.ðœð¨ð¦] | REAL [Lifetime Refill] [Max 50K] [Non-Drop] [Speed 50K/Day],745.6028,20,5 000,Lifetime Refill,22 minutes
12064,YouTube Referrer Likes - [ð–ðšð¥ð¦ðšð«ð­.ðœð¨ð¦] | REAL [Lifetime Refill] [Max 50K] [Non-Drop] [Speed 50K/Day],756.7312,20,5 000,Lifetime Refill,17 minutes
12065,YouTube Referrer Likes - [ð„ð­ð¬ð².ðœð¨ð¦] | REAL [Lifetime Refill] [Max 50K] [Non-Drop] [Speed 50K/Day],745.6028,20,5 000,Lifetime Refill,33 minutes
12066,YouTube Referrer Likes - [ð’ð¡ð¨ð©ð¢ðŸð².ðœð¨ð¦] | REAL [Lifetime Refill] [Max 50K] [Non-Drop] [Speed 50K/Day],745.6028,20,5 000,Lifetime Refill,55 minutes
12067,YouTube Referrer Likes - [ððžð¬ð­ð›ð®ð².ðœð¨ð¦] | REAL [Lifetime Refill] [Max 50K] [Non-Drop] [Speed 50K/Day],745.6028,20,5 000,Lifetime Refill,23 minutes
12068,YouTube Referrer Likes - [ð“ðšð«ð ðžð­.ðœð¨ð¦] | REAL [Lifetime Refill] [Max 50K] [Non-Drop] [Speed 50K/Day],745.6028,20,5 000,Lifetime Refill,16 minutes
12069,YouTube Referrer Likes - [ð–ðšð²ðŸðšð¢ð«.ðœð¨ð¦] | REAL [Lifetime Refill] [Max 50K] [Non-Drop] [Speed 50K/Day],745.6028,20,5 000,Lifetime Refill,33 minutes
12070,YouTube Referrer Likes - [ððžð°ðžð ð .ðœð¨ð¦] | REAL [Lifetime Refill] [Max 50K] [Non-Drop] [Speed 50K/Day],745.6028,20,5 000,Lifetime Refill,55 minutes
12071,YouTube Referrer Likes - [ð™ðšð©ð©ð¨ð¬.ðœð¨ð¦] | REAL [Lifetime Refill] [Max 50K] [Non-Drop] [Speed 50K/Day],745.6028,20,5 000,Lifetime Refill,55 minutes
12072,YouTube Referrer Likes - [ð…ð¢ð¯ðžð«ð«.ðœð¨ð¦] | REAL [Lifetime Refill] [Max 50K] [Non-Drop] [Speed 50K/Day],745.6028,20,5 000,Lifetime Refill,11 minutes
12073,YouTube Referrer Likes - [ð‚ðšð§ð¯ðš.ðœð¨ð¦] | REAL [Lifetime Refill] [Max 50K] [Non-Drop] [Speed 50K/Day],745.6028,20,5 000,Lifetime Refill,22 minutes
12074,YouTube Referrer Likes - [ð”ððžð¦ð².ðœð¨ð¦] | REAL [Lifetime Refill] [Max 50K] [Non-Drop] [Speed 50K/Day],745.6028,20,5 000,Lifetime Refill,16 minutes
12075,YouTube Referrer Likes - [ð’ð­ð¨ðœð¤ð±.ðœð¨ð¦] | REAL [Lifetime Refill] [Max 50K] [Non-Drop] [Speed 50K/Day],745.6028,20,5 000,Lifetime Refill,33 minutes
12076,YouTube Referrer Likes - [ððžð°ð¬.ð†ð¨ð¨ð ð¥ðž.ðœð¨ð¦] | REAL [Lifetime Refill] [Max 50K] [Non-Drop] [Speed 50K/Day],745.6028,20,5 000,Lifetime Refill,55 minutes
12077,YouTube Referrer Likes - [ððžð°ð¬.ð˜ðšð¡ð¨ð¨.ðœð¨ð¦] | REAL [Lifetime Refill] [Max 50K] [Non-Drop] [Speed 50K/Day],745.6028,20,5 000,Lifetime Refill,11 minutes
12078,YouTube Referrer Likes - [ððžð°ð¬.ððšð¯ðžð«.ðœð¨ð¦] | REAL [Lifetime Refill] [Max 50K] [Non-Drop] [Speed 50K/Day],745.6028,20,5 000,Lifetime Refill,16 minutes
12079,YouTube Referrer Likes - [ð„ðð¢ð­ð¢ð¨ð§.ð‚ð§ð§.ðœð¨ð¦] | REAL [Lifetime Refill] [Max 50K] [Non-Drop] [Speed 50K/Day],745.6028,20,5 000,Lifetime Refill,16 minutes
12080,YouTube Referrer Likes - [ðð²ð­ð¢ð¦ðžð¬.ðœð¨ð¦] | REAL [Lifetime Refill] [Max 50K] [Non-Drop] [Speed 50K/Day],745.6028,20,5 000,Lifetime Refill,17 minutes
12081,YouTube Referrer Likes - [ðð›ðœ.ðœð¨ð¦] | REAL [Lifetime Refill] [Max 50K] [Non-Drop] [Speed 50K/Day],745.6028,20,5 000,Lifetime Refill,16 minutes
12082,YouTube Referrer Likes - [ð‘ðžð®ð­ðžð«ð¬.ðœð¨ð¦] | REAL [Lifetime Refill] [Max 50K] [Non-Drop] [Speed 50K/Day],745.6028,20,5 000,Lifetime Refill,23 minutes
12083,YouTube Referrer Likes - [ð…ð¨ð±ð§ðžð°ð¬.ðœð¨ð¦] | REAL [Lifetime Refill] [Max 50K] [Non-Drop] [Speed 50K/Day],745.6028,20,5 000,Lifetime Refill,16 minutes
12084,YouTube Referrer Likes - [ðð›ðœð§ðžð°ð¬.ðœð¨ð¦] | REAL [Lifetime Refill] [Max 50K] [Non-Drop] [Speed 50K/Day],745.6028,20,5 000,Lifetime Refill,11 minutes
12085,YouTube Referrer Likes - [ð“ð¡ðžð ð®ðšð«ðð¢ðšð§.ðœð¨ð¦] | REAL [Lifetime Refill] [Max 50K] [Non-Drop] [Speed 50K/Day],745.6028,20,5 000,Lifetime Refill,55 minutes
12086,YouTube Referrer Likes - [ð–ðšð¬ð¡ð¢ð§ð ð­ð¨ð§ð©ð¨ð¬ð­.ðœð¨ð¦] | REAL [Lifetime Refill] [Max 50K] [Non-Drop] [Speed 50K/Day],745.6028,20,5 000,Lifetime Refill,23 minutes
12087,YouTube Referrer Likes - [ðƒðšð¢ð¥ð²ð¦ðšð¢ð¥.ðœð¨.ð®ð¤.ðœð¨ð¦] | REAL [Lifetime Refill] [Max 50K] [Non-Drop] [Speed 50K/Day],745.6028,20,5 000,Lifetime Refill,11 minutes
12088,YouTube Referrer Likes - [ð€ðšð£ð­ðšð¤.ð¢ð§.ðœð¨ð¦] | REAL [Lifetime Refill] [Max 50K] [Non-Drop] [Speed 50K/Day],745.6028,20,5 000,Lifetime Refill,23 minutes
8047,YouTube Comments - [ð‚ð”ð’ð“ðŽðŒ] [No Refill] [Max 50K] [Speed 1K/Day] [0-2Mins],1513.4624,5,1 000 000,No Refill,5 hours 31 minutes
4842,YouTube Comments - [ð‚ð”ð’ð“ðŽðŒ] [ð‘ð„ð€ð‹] [30 Days Refill] [Max 15K] [Non Drop] [Speed 5K/Day] [Always Instant],3054.7458,10,15 000,30 Days Refill,1 hour 5 minutes
4841,YouTube Comments - [ð‚ð”ð’ð“ðŽðŒ] [ð‡ð¢ð ð¡ ðð®ðšð¥ð¢ð­ð²] [30 Days Refill] [Max 2K] [Non Drop] [Speed 1-2K/Day] [Always Instant],2531.711,5,2 000,30 Days Refill,30 minutes
6297,YouTube Comments - [ð‚ð”ð’ð“ðŽðŒ] [30 Days Refill] [Max 100K] [Speed 10K/Day] [0-15 Mins],3127.0804,5,100 000,30 Days Refill,41 minutes
12212,YouTube Comments - [ð‚ð”ð’ð“ðŽðŒ] [ð‘ðžðšð¥] [30 Days Refill] [Max 10K] [Non Drop] [Speed 2-5K/Day] [Always Instant],2531.711,5,10 000,30 Days Refill,1 hour 49 minutes
4840,YouTube Comments - [ð‘ð„ð€ð‹] [Lifetime Refill] [Max 10K] [Non Drop] [Speed 5-10K/Day] [Always Instant] [ð‘ð„ð‚ðŽðŒðŒð„ððƒð„ðƒ],2893.384,5,10 000,Lifetime Refill,48 minutes
9203,YouTube Comments - [ð‚ð”ð’ð“ðŽðŒ] [60 Days Refill] [REAL] [Max 50K] [Speed 20K/Day] [0-30Mins],3255.057,5,50 000,60 Days Refill,1 hour 6 minutes
6295,YouTube Comments - [ð‚ð”ð’ð“ðŽðŒ] [Max 5K] [Non-Drop] [Speed 5-10K/Day] [Always Instant] [Recommended],2086.575,5,5 000,30 Days Refill,27 minutes
4839,YouTube Comments - [ð‘ð€ððƒðŽðŒ] [30 Days Refill] [Max 5K] [Speed 1K/Day] [0-3HRS],1980.8552,10,5 000,30 Days Refill,13 minutes
9204,YouTube Comments - [ð‘ð€ððƒðŽðŒ] [No Refill] [Max 100K] [Speed 5-10K/Day] [0-5 Mins],1919.649,5,100 000,No Refill,8 minutes
4808,YouTube Comments - [ð‚ð”ð’ð“ðŽðŒ] [No Refill] [Max 100K] [Speed 5-10K/Day] [0-1HR],2003.112,10,100 000,No Refill,41 minutes
16149,YouTube ð•ð¢ððžð¨ ð‚ð¨ð¦ð¦ðžð§ð­ð¬ Made by AI | Max 10K | 30 Days Refill | 100% Real Accounts | Drop 0% | Speed 10K/Day | Instant Start,3338.52,5,10 000,30 Days Refill,16 minutes
16150,YouTube ð•ð¢ððžð¨ ð‚ð¨ð¦ð¦ðžð§ð­ð¬ Made by AI | Max 10K | 365 Days Refill | 100% Real Accounts | Drop 0% | Speed 10K/Day | Instant Start,3394.162,5,10 000,365 Days Refill,27 minutes
6227,YouTube Comment Likes ðŸ‘ - [30 Days Refill Button] [10K Max] [Speed 10K/Day] [INSTANT],678.8324,5,5 000,30 Days Refill,3 hours 7 minutes
8043,YouTube Comment Likes ðŸ‘ - [100K Max] [Speed 20-40K/Day] [ALWAYS INSTANT],1591.3612,10,100 000,No Refill,23 minutes
2707,YouTube Comment Likes ðŸ‘ - [30 Days Refill Button] [100K Max] [Speed 100K/Day] [INSTANT],1630.3106,10,100 000 000,30 Days Refill,15 hours 16 minutes
8042,YouTube Comment Likes ðŸ‘ - [No Refill] [50K Max] [Speed 5-10K/Day] [INSTANT],706.6534,5,50 000,No Refill,3 hours 12 minutes
1268,YouTube Comment Likes ðŸ‘ - [Lifetime Warranty & Refill Button] [70k Max] [Speed 10-20k/Day] [Super Fast],1669.26,10,10 000 000,Lifetime Refill,4 minutes
121,YouTube Comment Likes ðŸ‘ - [Lifetime Warranty & Refill Button] [50k Max] [Speed 20K/Day] [Recommended Always Instant],9397.9338,10,100 000,Lifetime Refill,15 minutes
3307,YouTube Comment Likes ðŸ‘ - [Lifetime Warranty] [Max 100k] [Speed 10-12K/Day] [INSTANT],834.63,5,5 000,Lifetime Refill,10 minutes
3306,YouTube Comment Likes ðŸ‘ - [Lifetime Warranty] [Speed 5-10K/Day] [Max 30K] [INSTANT],1374.3574,5,30 000,Lifetime Refill,24 minutes
12216,YouTube Community Likes - [ð‘ðžðšð¥] [30 Days Refill] [Max 100K] [Non Drop] [Speed 50K/Day] [Always Instant],3182.7224,10,100 000,30 Days Refill,3 minutes
12240,YouTube Unique Live Views - [RAVâ„¢ - Real & Active Views] [No Refill] [Speed 500-1K/Day],2003.112,1 000,100 000,No Refill,22 minutes
12243,YouTube Pre-Premiere Waiting - [APVâ„¢ Automated Passive Views] [No Refill] [Speed 500-1K/Day] [INSTANT],645.4472,5 000,5 000,No Refill,23 minutes
12241,YouTube Unique Live Views - [RAVâ„¢ - Real & Active Views] [No Refill] [Speed 500-1K/Day],1146.2252,100 000,500 000,No Refill,17 minutes
12242,YouTube Pre-Premiere Waiting - [RAVâ„¢ - Real & Active Views] [No Refill] [Speed 500-1K/Day] [INSTANT],2003.112,1 000,100 000,No Refill,55 minutes
16498,YouTube Real Time Live Chat Comments | ð‹ð¢ð¯ðžð’ð­ð«ðžðšð¦/ðð«ðžð¦ð¢ðžð«ðž | ð€ðˆ ð†ðžð§ðžð«ðšð­ðžð | Auto-Generated Comments ððšð¬ðžð ð¨ð§ ðð¢ðœð¡ðž | INSTANT,940.3498,5,100 000,7 Days Refill,6 minutes
16499,YouTube Real Time Live Chat Comments | ð‹ð¢ð¯ðžð’ð­ð«ðžðšð¦/ðð«ðžð¦ð¢ðžð«ðž | ð€ðˆ ð†ðžð§ðžð«ðšð­ðžð | Auto-Generated Comments ððšð¬ðžð ð¨ð§ ðð¢ðœð¡ðž | Speed 1-5 Chats Per Minute,940.3498,5,100 000,7 Days Refill,30 minutes
16500,YouTube Real Time Live Chat Comments | ð‹ð¢ð¯ðžð’ð­ð«ðžðšð¦/ðð«ðžð¦ð¢ðžð«ðž | ð€ðˆ ð†ðžð§ðžð«ðšð­ðžð | Auto-Generated Comments ððšð¬ðžð ð¨ð§ ðð¢ðœð¡ðž | Speed 5-10 Chats Per Minute,940.3498,5,100 000,7 Days Refill,2 minutes
16501,YouTube Real Time Live Chat Comments | ð‹ð¢ð¯ðžð’ð­ð«ðžðšð¦/ðð«ðžð¦ð¢ðžð«ðž | ð€ðˆ ð†ðžð§ðžð«ðšð­ðžð | Auto-Generated Comments ððšð¬ðžð ð¨ð§ ðð¢ðœð¡ðž | Speed 10-20 Chats Per Minute,940.3498,5,100 000,7 Days Refill,20 minutes
16502,YouTube Real Time Live Chat Comments | ð‹ð¢ð¯ðžð’ð­ð«ðžðšð¦/ðð«ðžð¦ð¢ðžð«ðž | ð€ðˆ ð†ðžð§ðžð«ðšð­ðžð | Auto-Generated Comments ððšð¬ðžð ð¨ð§ ðð¢ðœð¡ðž | Speed 20-30 Chats Per Minute,940.3498,5,100 000,7 Days Refill,23 minutes
16503,YouTube Real Time Live Chat Comments | ð‹ð¢ð¯ðžð’ð­ð«ðžðšð¦/ðð«ðžð¦ð¢ðžð«ðž | ð€ðˆ ð†ðžð§ðžð«ðšð­ðžð | Auto-Generated Comments ððšð¬ðžð ð¨ð§ ðð¢ðœð¡ðž | Speed 30-40 Chats Per Minute,940.3498,5,100 000,7 Days Refill,4 minutes
16504,YouTube Real Time Live Chat Comments | ð‹ð¢ð¯ðžð’ð­ð«ðžðšð¦/ðð«ðžð¦ð¢ðžð«ðž | ð€ðˆ ð†ðžð§ðžð«ðšð­ðžð | Auto-Generated Comments ððšð¬ðžð ð¨ð§ ðð¢ðœð¡ðž | Speed 40-50 Chats Per Minute,940.3498,5,100 000,7 Days Refill,4 minutes
10003,YouTube Live Stream Views - [Premium Quality] [15 Minutes Live CONCURRENT],361.673,50,500 000,No Refill,3 hours 16 minutes
10004,YouTube Live Stream Views - [Premium Quality] [30 Minutes Live CONCURRENT],723.346,50,500 000,No Refill,1 hour 25 minutes
10005,YouTube Live Stream Views - [Premium Quality] [60 Minutes Live CONCURRENT],1446.692,50,500 000,No Refill,1 hour 3 minutes
10006,YouTube Live Stream Views - [Premium Quality] [3 Hours Live CONCURRENT],4340.076,50,500 000,No Refill,2 hours 3 minutes
10007,YouTube Live Stream Views - [Premium Quality] [6 Hours Live CONCURRENT],8680.152,50,500 000,No Refill,3 hours 50 minutes
10008,YouTube Live Stream Views - [Premium Quality] [12 Hours Live CONCURRENT],17360.304,50,500 000,No Refill,10 hours 18 minutes
10009,YouTube Live Stream Views - [Premium Quality] [24 Hours Live CONCURRENT],34720.608,50,500 000,No Refill,23 minutes
3803,YouTube Live Stream Viewers - [15 Minutes] ðŸðŸŽðŸŽ% ð‚ð¨ð§ðœð®ð«ð«ðžð§ð­ | High Quality | 100K Max,350.5446,50,100 000,No Refill,1 hour 24 minutes
3804,YouTube Live Stream Viewers - [30 Minutes] ðŸðŸŽðŸŽ% ð‚ð¨ð§ðœð®ð«ð«ðžð§ð­ | High Quality | 100K Max,695.525,50,100 000,No Refill,32 minutes
3805,YouTube Live Stream Viewers - [60 Minutes] ðŸðŸŽðŸŽ% ð‚ð¨ð§ðœð®ð«ð«ðžð§ð­ | High Quality | 100K Max,1391.05,50,100 000,No Refill,1 hour
11930,YouTube Live Stream Viewers - [45 Minutes] ðŸðŸŽðŸŽ% ð‚ð¨ð§ðœð®ð«ð«ðžð§ð­ | High Quality | 500K Max,1669.26,50,500 000,No Refill,23 minutes
11931,YouTube Live Stream Viewers - [90 Minutes] ðŸðŸŽðŸŽ% ð‚ð¨ð§ðœð®ð«ð«ðžð§ð­ | High Quality | 100K Max,2086.575,50,100 000,No Refill,1 hour 27 minutes
3806,YouTube Live Stream Viewers - [120 Minutes] ðŸðŸŽðŸŽ% ð‚ð¨ð§ðœð®ð«ð«ðžð§ð­ | High Quality | 100K Max,2782.1,50,100 000,No Refill,2 hours 1 minute
3807,YouTube Live Stream Viewers - [180 Minutes] ðŸðŸŽðŸŽ% ð‚ð¨ð§ðœð®ð«ð«ðžð§ð­ | High Quality | 100K Max,4173.15,50,100 000,No Refill,3 hours
3808,YouTube Live Stream Viewers - [360 Minutes] ðŸðŸŽðŸŽ% ð‚ð¨ð§ðœð®ð«ð«ðžð§ð­ | High Quality | 100K Max,8346.3,50,100 000,No Refill,3 hours 31 minutes
3809,YouTube Live Stream Viewers - [720 Minutes] ðŸðŸŽðŸŽ% ð‚ð¨ð§ðœð®ð«ð«ðžð§ð­ | High Quality | 100K Max,16692.6,50,100 000,No Refill,1 hour 6 minutes
3810,YouTube Live Stream Viewers - [1440 Minutes] ðŸðŸŽðŸŽ% ð‚ð¨ð§ðœð®ð«ð«ðžð§ð­ | High Quality | 100K Max,33385.2,50,100 000,No Refill,35 minutes
10345,YouTube Live Stream Views [ High Quality ] [ 15 Minutes ] [BEST FOR RANKING LIVE],378.3656,50,300 000,No Refill,22 minutes
8948,YouTube Live Stream Views [ High Quality ] [ 30 Minutes ] [BEST FOR RANKING LIVE],751.167,50,300 000,No Refill,38 minutes
8949,YouTube Live Stream Views [ High Quality ] [ 60 Minutes ] [ BEST FOR RANKING LIVE ],1502.334,50,300 000,No Refill,1 hour 49 minutes
8950,YouTube Live Stream Views [ High Quality ] [ 90 Minutes ] [ BEST FOR RANKING LIVE ],2253.501,50,300 000,No Refill,1 hour 29 minutes
8951,YouTube Live Stream Views [ High Quality ] [ 120 Minutes ] [ BEST FOR RANKING LIVE ],3004.668,50,300 000,No Refill,22 minutes
8952,YouTube Live Stream Views [ High Quality ] [ 150 Minutes ] [ BEST FOR RANKING LIVE ],3755.835,50,300 000,No Refill,11 minutes
8953,YouTube Live Stream Views [ High Quality ] [ 180 Minutes ] [ BEST FOR RANKING LIVE ],4507.002,50,300 000,No Refill,55 minutes
8954,YouTube Live Stream Views [ High Quality ] [ 360 Minutes ] [ BEST FOR RANKING LIVE ],9014.004,50,300 000,No Refill,3 hours 50 minutes
8955,YouTube Live Stream Views [ High Quality ] [ 720 Minutes ] [ BEST FOR RANKING LIVE ],18028.008,50,300 000,No Refill,1 hour 39 minutes
8956,YouTube Live Stream Views [ High Quality ] [ 1440 Minutes ] [ BEST FOR RANKING LIVE ],36056.016,50,300 000,No Refill,11 minutes
11933,YouTube Live Stream Viewers [15 Minutes] | Cheapest | Max 200K,300.4668,50,200 000,No Refill,6 hours 10 minutes
11934,YouTube Live Stream Viewers [30 Minutes] | Cheapest | Max 200K,600.9336,50,200 000,No Refill,42 minutes
11935,YouTube Live Stream Viewers [60 Minutes] | Cheapest | Max 200K,1201.8672,50,200 000,No Refill,1 hour 7 minutes
11936,YouTube Live Stream Viewers [90 Minutes] | Cheapest | Max 200K,2003.112,50,200 000,No Refill,1 hour 5 minutes
11937,YouTube Live Stream Viewers [120 Minutes] | Cheapest | Max 200K,2670.816,50,200 000,No Refill,1 hour 36 minutes
11939,YouTube Live Stream Viewers [180 Minutes] | Cheapest | Max 200K,4006.224,50,200 000,No Refill,3 hours 9 minutes
11940,YouTube Live Stream Viewers [6 Hours] | Cheapest | Max 200K,8012.448,50,200 000,No Refill,6 hours 7 minutes
11941,YouTube Live Stream Viewers [12 Hours] | Cheapest | Max 200K,16024.896,50,200 000,No Refill,12 hours 8 minutes
11942,YouTube Live Stream Viewers [24 Hours] | Cheapest | Max 200K,32049.792,50,200 000,No Refill,23 minutes
8187,YouTube Live Stream [ð‹ð¢ð¤ðžð¬] [Max 50K] [Speed 10K/Day] [INSTANT],706.6534,20,5 000,No Refill,59 minutes
8189,YouTube Live Stream Chat ðŸ’¬ - [ð‚ð®ð¬ð­ð¨ð¦ ð‚ð¨ð¦ð¦ðžð§ð­ð¬] [Max 2K] [Speed 1K/Day] [INSTANT],3004.668,5,2 000,No Refill,8 minutes
16154,YouTube ð‹ð¢ð¯ðž ð‚ð¡ðšð­ ð‚ð®ð¬ð­ð¨ð¦ ð‚ð¨ð¦ð¦ðžð§ð­ð¬ | Live Stream - Premiere Video - Waiting To Be Published | Max 100K | Speed 20K/Day | 0-15 Mins,868.0152,5,100 000,30 Days Refill,5 minutes
16155,YouTube ð‹ð¢ð¯ðž ð‚ð¡ðšð­ ð‚ð®ð¬ð­ð¨ð¦ ð‚ð¨ð¦ð¦ðžð§ð­ð¬ | Live Stream - Premiere Video - Waiting To Be Published | Max 100K | ð’ð©ðžðžð ðŸ-ðŸ“ ð‚ð¡ðšð­ð¬ ððžð« ðŒð¢ð§ð®ð­ðžð¬ | 0-15 Mins,868.0152,5,100 000,30 Days Refill,4 minutes
16156,YouTube ð‹ð¢ð¯ðž ð‚ð¡ðšð­ ð‚ð®ð¬ð­ð¨ð¦ ð‚ð¨ð¦ð¦ðžð§ð­ð¬ | Live Stream - Premiere Video - Waiting To Be Published | Max 100K | ð’ð©ðžðžð ðŸ“-ðŸðŸŽ ð‚ð¡ðšð­ð¬ ððžð« ðŒð¢ð§ð®ð­ðžð¬ | 0-15 Mins,868.0152,5,100 000,30 Days Refill,23 minutes
16157,YouTube ð‹ð¢ð¯ðž ð‚ð¡ðšð­ ð‚ð®ð¬ð­ð¨ð¦ ð‚ð¨ð¦ð¦ðžð§ð­ð¬ | Live Stream - Premiere Video - Waiting To Be Published | Max 100K | ð’ð©ðžðžð ðŸðŸŽ-ðŸðŸŽ ð‚ð¡ðšð­ð¬ ððžð« ðŒð¢ð§ð®ð­ðžð¬ | 0-15 Mins,868.0152,5,100 000,30 Days Refill,22 minutes
16158,YouTube ð‹ð¢ð¯ðž ð‚ð¡ðšð­ ð‚ð®ð¬ð­ð¨ð¦ ð‚ð¨ð¦ð¦ðžð§ð­ð¬ | Live Stream - Premiere Video - Waiting To Be Published | Max 100K | ð’ð©ðžðžð ðŸðŸŽ-ðŸ‘ðŸŽ ð‚ð¡ðšð­ð¬ ððžð« ðŒð¢ð§ð®ð­ðžð¬ | 0-15 Mins,868.0152,5,100 000,30 Days Refill,55 minutes
16159,YouTube ð‹ð¢ð¯ðž ð‚ð¡ðšð­ ð‚ð®ð¬ð­ð¨ð¦ ð‚ð¨ð¦ð¦ðžð§ð­ð¬ | Live Stream - Premiere Video - Waiting To Be Published | Max 100K | ð’ð©ðžðžð ðŸ‘ðŸŽ-ðŸ’ðŸŽ ð‚ð¡ðšð­ð¬ ððžð« ðŒð¢ð§ð®ð­ðžð¬ | 0-15 Mins,868.0152,5,100 000,30 Days Refill,5 minutes
16160,YouTube ð‹ð¢ð¯ðž ð‚ð¡ðšð­ ð‚ð®ð¬ð­ð¨ð¦ ð‚ð¨ð¦ð¦ðžð§ð­ð¬ | Live Stream - Premiere Video - Waiting To Be Published | Max 100K | ð’ð©ðžðžð ðŸ’ðŸŽ-ðŸ“ðŸŽ ð‚ð¡ðšð­ð¬ ððžð« ðŒð¢ð§ð®ð­ðžð¬ | 0-15 Mins,868.0152,5,100 000,30 Days Refill,3 minutes
11958,YouTube Live Stream Reactions - ðŒð¢ð±ðžð [ðŸŽ‰ðŸ˜³ðŸ’¯â¤ï¸ðŸ˜ƒ] [30 Days Refill] [Max 300K] [INSTANT],66.7704,10,300 000,30 Days Refill,1 minute
11953,YouTube Live Stream Reactions - [â¤ï¸] [30 Days Refill] [Max 300K] [INSTANT],66.7704,10,300 000,30 Days Refill,1 minute
11954,YouTube Live Stream Reactions - [ðŸ˜ƒ] [30 Days Refill] [Max 300K] [INSTANT],66.7704,10,300 000,30 Days Refill,1 minute
11955,YouTube Live Stream Reactions - [ðŸŽ‰] [30 Days Refill] [Max 300K] [INSTANT],66.7704,10,300 000,30 Days Refill,1 minute
11956,YouTube Live Stream Reactions - [ðŸ˜³] [30 Days Refill] [Max 300K] [INSTANT],66.7704,10,300 000,30 Days Refill,33 minutes
11957,YouTube Live Stream Reactions - [ðŸ’¯] [30 Days Refill] [Max 300K] [INSTANT],66.7704,10,300 000,30 Days Refill,1 minute
8072,YouTube Shares - [ðŸðŸ” ð’ðŽð”ð‘ð‚ð„ð’] [Lifetime Refill] [Max 100K] [Speed 2-5K/Day] [0-6HRS],567.5484,100,100 000,Lifetime Refill,13 minutes
8073,YouTube Shares - [ð„ðŒð€ðˆð‹] [Lifetime Refill] [Max 100K] [Speed 2-5K/Day] [0-6HRS],567.5484,100,100 000,Lifetime Refill,22 minutes
8074,YouTube Shares - [ð–ð‡ð€ð“ð’ð€ðð] [Lifetime Refill] [Max 100K] [Speed 2-5K/Day] [0-6HRS],428.4434,100,100 000,Lifetime Refill,11 minutes
8075,YouTube Shares - [ð„ðŒðð„ðƒ] [Lifetime Refill] [Max 100K] [Speed 2-5K/Day] [0-6HRS],567.5484,100,100 000,Lifetime Refill,16 minutes
8076,YouTube Shares - [ðð€ð•ð„ð‘] [Lifetime Refill] [Max 10K] [Max 100K] [Speed 2-5K/Day] [0-6HRS],2826.6136,100,100 000,Lifetime Refill,16 minutes
8078,YouTube Shares - [ðŽðƒððŽðŠð‹ð€ð’ð’ððˆðŠðˆ] [Lifetime Refill] [Max 100K] [Speed 2-5K/Day] [0-6HRS],428.4434,100,100 000,Lifetime Refill,22 minutes
8077,YouTube Shares - [ì¹´ì¹´ì˜¤ìŠ¤í† ë¦¬ - ðŠð€ðŠð€ðŽð“ð€ð‹ðŠ] [Lifetime Refill] [Max 100K] [Speed 2-5K/Day] [0-6HRS],567.5484,100,100 000,Lifetime Refill,16 minutes
132,YouTube Shares - [ð…ð€ð‚ð„ððŽðŽðŠ] [Lifetime Refill] [Max 100K] [Speed 2-5K/Day] [0-6HRS],428.4434,100,100 000,Lifetime Refill,55 minutes
476,YouTube Shares - [ð“ð–ðˆð“ð“ð„ð‘] [Lifetime Refill] [Max 100K] [Speed 2-5K/Day] [0-6HRS],428.4434,100,100 000,Lifetime Refill,14 minutes
477,YouTube Shares - [ð‘ð„ðƒðƒðˆð“] [Lifetime Refill] [Max 100K] [Speed 2-5K/Day] [0-6HRS],428.4434,100,100 000,Lifetime Refill,16 minutes
479,YouTube Shares - [ððˆðð“ð„ð‘ð„ð’ð“] [Lifetime Refill] [Max 10K] [Max 100K] [Speed 2-5K/Day] [0-6HRS],428.4434,100,100 000,Lifetime Refill,17 minutes
1139,YouTube Shares - [ð‹ðˆððŠð„ðƒðˆð] [Lifetime Refill] [Max 100K] [Speed 2-5K/Day] [0-6HRS],428.4434,100,100 000,Lifetime Refill,33 minutes
3865,YouTube Shares - [ð“ð”ðŒðð‹ð‘] [Lifetime Refill] [Max 100K] [Speed 2-5K/Day] [0-6HRS],428.4434,100,100 000,Lifetime Refill,33 minutes
3866,YouTube Shares - [ðð‹ðŽð†ð†ð„ð‘] [Lifetime Refill] [Max 100K] [Speed 2-5K/Day] [0-6HRS],428.4434,100,100 000,Lifetime Refill,22 minutes
3867,YouTube Shares - [ð•ðŠðŽðð“ð€ðŠð“ð„] [Lifetime Refill] [Max 100K] [Speed 2-5K/Day] [0-6HRS],428.4434,100,100 000,Lifetime Refill,55 minutes
3868,YouTube Shares - [ð’ð“ð”ðŒðð‹ð„ð”ððŽð] [Lifetime Refill] [Max 100K] [Speed 2-5K/Day] [0-6HRS],428.4434,100,100 000,Lifetime Refill,17 minutes
11390,YouTube Social Shares - [Brazil] [No Refill] [Max 500M] [Speed 10K-10M/Day] [INSTANT],100.1556,50,500 000 000,No Refill,16 minutes
11391,YouTube Social Shares - [USA] [No Refill] [Max 500M] [Speed 10K-10M/Day] [INSTANT],100.1556,50,500 000 000,No Refill,1 minute
11392,YouTube Social Shares - [Indonesia] [No Refill] [Max 500M] [Speed 10K-10M/Day] [INSTANT],100.1556,50,500 000 000,No Refill,55 minutes
11404,YouTube Social Shares - [Italy] [No Refill] [Max 500M] [Speed 10K-10M/Day] [INSTANT],100.1556,50,500 000 000,No Refill,23 minutes
11394,YouTube Social Shares - [Turkey] [No Refill] [Max 500M] [Speed 10K-10M/Day] [INSTANT],100.1556,50,500 000 000,No Refill,16 minutes
11395,YouTube Social Shares - [Canada] [No Refill] [Max 500M] [Speed 10K-10M/Day] [INSTANT],100.1556,50,500 000 000,No Refill,17 minutes
11396,YouTube Social Shares - [Spain] [No Refill] [Max 500M] [Speed 10K-10M/Day] [INSTANT],100.1556,50,500 000 000,No Refill,1 minute
11397,YouTube Social Shares - [Switzerland] [No Refill] [Max 500M] [Speed 10K-10M/Day] [INSTANT],100.1556,50,500 000 000,No Refill,33 minutes
11405,YouTube Social Shares - [Japan] [No Refill] [Max 500M] [Speed 10K-10M/Day] [INSTANT],100.1556,50,500 000 000,No Refill,11 minutes
11398,YouTube Social Shares - [Netherlands] [No Refill] [Max 500M] [Speed 10K-10M/Day] [INSTANT],100.1556,50,500 000 000,No Refill,1 minute
11399,YouTube Social Shares - [Bangladesh] [No Refill] [Max 500M] [Speed 10K-10M/Day] [INSTANT],100.1556,50,500 000 000,No Refill,17 minutes
11400,YouTube Social Shares - [Nigeria] [No Refill] [Max 500M] [Speed 10K-10M/Day] [INSTANT],100.1556,50,500 000 000,No Refill,16 minutes
11411,YouTube Social Shares - [EU] [No Refill] [Max 500M] [Speed 10K-10M/Day] [INSTANT],100.1556,50,500 000 000,No Refill,1 minute
11401,YouTube Social Shares - [Argentina] [No Refill] [Max 500M] [Speed 10K-10M/Day] [INSTANT],100.1556,50,500 000 000,No Refill,1 minute
11406,YouTube Social Shares - [UK] [No Refill] [Max 500M] [Speed 10K-10M/Day] [INSTANT],100.1556,50,500 000 000,No Refill,16 minutes
11415,YouTube Social Shares - [Malaysia] [No Refill] [Max 500M] [Speed 10K-10M/Day] [INSTANT],100.1556,50,500 000 000,No Refill,16 minutes
11408,YouTube Social Shares - [Ukrain] [No Refill] [Max 500M] [Speed 10K-10M/Day] [INSTANT],100.1556,50,500 000 000,No Refill,22 minutes
11407,YouTube Social Shares - [Russian] [No Refill] [Max 500M] [Speed 10K-10M/Day] [INSTANT],100.1556,50,500 000 000,No Refill,16 minutes
11420,YouTube Social Shares - [Pakistan] [No Refill] [Max 500M] [Speed 10K-10M/Day] [INSTANT],100.1556,50,500 000 000,No Refill,16 minutes
11402,YouTube Social Shares - [Vietnam] [No Refill] [Max 500M] [Speed 10K-10M/Day] [INSTANT],100.1556,50,500 000 000,No Refill,33 minutes
11410,YouTube Social Shares - [Saudi Arabia] [No Refill] [Max 500M] [Speed 10K-10M/Day] [INSTANT],100.1556,50,500 000 000,No Refill,11 minutes
11412,YouTube Social Shares - [Australia] [No Refill] [Max 500M] [Speed 10K-10M/Day] [INSTANT],100.1556,50,500 000 000,No Refill,55 minutes
11414,YouTube Social Shares - [Poland] [No Refill] [Max 500M] [Speed 10K-10M/Day] [INSTANT],100.1556,50,500 000 000,No Refill,22 minutes
11416,YouTube Social Shares - [Taiwan] [No Refill] [Max 500M] [Speed 10K-10M/Day] [INSTANT],100.1556,50,500 000 000,No Refill,55 minutes
11422,YouTube Social Shares - [Greece] [No Refill] [Max 500M] [Speed 10K-10M/Day] [INSTANT],100.1556,50,500 000 000,No Refill,55 minutes
11419,YouTube Social Shares - [Morocco] [No Refill] [Max 500M] [Speed 10K-10M/Day] [INSTANT],100.1556,50,500 000 000,No Refill,11 minutes
11417,YouTube Social Shares - [Mexico] [No Refill] [Max 500M] [Speed 10K-10M/Day] [INSTANT],100.1556,50,500 000 000,No Refill,16 minutes
11421,YouTube Social Shares - [South Africa] [No Refill] [Max 500M] [Speed 10K-10M/Day] [INSTANT],100.1556,50,500 000 000,No Refill,22 minutes
11413,YouTube Social Shares - [South Korea] [No Refill] [Max 500M] [Speed 10K-10M/Day] [INSTANT],100.1556,50,500 000 000,No Refill,23 minutes
11403,YouTube Social Shares - [Egypt] [No Refill] [Max 500M] [Speed 10K-10M/Day] [INSTANT],100.1556,50,500 000 000,No Refill,22 minutes
11418,YouTube Social Shares - [Thailand] [No Refill] [Max 500M] [Speed 10K-10M/Day] [INSTANT],100.1556,50,500 000 000,No Refill,33 minutes
8079,YouTube Shares - [USA] [16 SOURCES] [Lifetime Refill] [Max 100K] [Speed 2-5K/Day] [0-6HRS],706.6534,100,100 000,Lifetime Refill,8 minutes
8080,YouTube Shares - [USA] [WhatsApp] [Lifetime Refill] [Max 100K] [Speed 2-5K/Day] [0-6HRS],706.6534,100,100 000,Lifetime Refill,9 minutes
8081,YouTube Shares - [USA] [Email] [Lifetime Refill] [Max 100K] [Max 100K] [Speed 2-5K/Day] [0-6HRS],706.6534,100,100 000,Lifetime Refill,6 minutes
8082,YouTube Shares - [USA] [Embed] [Lifetime Refill] [Max 100K] [Speed 2-5K/Day] [0-6HRS],706.6534,100,100 000,Lifetime Refill,17 minutes
8083,YouTube Shares - [USA] [KakaoTalk - ì¹´ì¹´ì˜¤ìŠ¤í† ë¦¬] [Lifetime Refill] [Max 100K] [Speed 2-5K/Day] [0-6HRS],706.6534,100,100 000,Lifetime Refill,9 minutes
4921,YouTube Shares - [USA] [FACEBOOK] [Lifetime Refill] [Max 100K] [Speed 2-5K/Day] [0-6HRS],639.883,100,100 000,Lifetime Refill,9 minutes
4922,YouTube Shares - [USA] [TWITTER] [Lifetime Refill] [Max 100K] [Speed 2-5K/Day] [0-6HRS],639.883,100,100 000,Lifetime Refill,9 minutes
4923,YouTube Shares - [USA] [REDDIT] [Lifetime Refill] [Max 100K] [Speed 2-5K/Day] [0-6HRS],639.883,100,100 000,Lifetime Refill,22 minutes
4924,YouTube Shares - [USA] [PINTEREST] [Lifetime Refill] [Max 100K] [Speed 2-5K/Day] [0-6HRS],639.883,100,100 000,Lifetime Refill,22 minutes
4925,YouTube Shares - [USA] [LINKEDIN] [Lifetime Refill] [Max 100K] [Speed 2-5K/Day] [0-6HRS],639.883,100,100 000,Lifetime Refill,11 minutes
4926,YouTube Shares - [USA] [ODNOKLASSNIKI] [Lifetime Refill] [Max 100K] [Speed 2-5K/Day] [0-6HRS],639.883,100,100 000,Lifetime Refill,33 minutes
4927,YouTube Shares - [USA] [TUMBLR] [Lifetime Refill] [Max 100K] [Speed 2-5K/Day] [0-6HRS],639.883,100,100 000,Lifetime Refill,11 minutes
4928,YouTube Shares - [USA] [BLOGGER] [Lifetime Refill] [Max 100K] [Speed 2-5K/Day] [0-6HRS],639.883,100,100 000,Lifetime Refill,11 minutes
4929,YouTube Shares - [USA] [VKONTAKTE] [Lifetime Refill] [Max 100K] [Speed 2-5K/Day] [0-6HRS],639.883,100,100 000,Lifetime Refill,17 minutes
4930,YouTube Shares - [USA] [STUMBLEUPON] [Lifetime Refill] [Max 100K] [Speed 2-5K/Day] [0-6HRS],639.883,100,100 000,Lifetime Refill,17 minutes
4931,YouTube Shares - [BRAZIL] [FACEBOOK] [Lifetime Refill] [Max 10K] [Speed 200-1K/Day] [0-6HRS]],556.42,100,10 000,Lifetime Refill,55 minutes
4932,YouTube Shares - [BRAZIL] [TWITTER] [Lifetime Refill] [Max 10K] [Speed 200-1K/Day] [0-6HRS],556.42,100,10 000,Lifetime Refill,55 minutes
4933,YouTube Shares - [BRAZIL] [REDDIT] [Lifetime Refill] [Max 10K] [Speed 200-1K/Day] [0-6HRS],556.42,100,10 000,Lifetime Refill,22 minutes
4934,YouTube Shares - [BRAZIL] [PINTEREST] [Lifetime Refill] [Max 10K] [Speed 200-1K/Day] [0-6HRS],556.42,100,10 000,Lifetime Refill,22 minutes
4935,YouTube Shares - [BRAZIL] [LINKEDIN] [Lifetime Refill] [Max 10K] [Speed 200-1K/Day] [0-6HRS],556.42,100,10 000,Lifetime Refill,17 minutes
4936,YouTube Shares - [BRAZIL] [ODNOKLASSNIKI] [Lifetime Refill] [Max 10K] [Speed 200-1K/Day] [0-6HRS],556.42,100,10 000,Lifetime Refill,33 minutes
4937,YouTube Shares - [BRAZIL] [TUMBLR] [Lifetime Refill] [Max 10K] [Speed 200-1K/Day] [0-6HRS],556.42,100,10 000,Lifetime Refill,17 minutes
4938,YouTube Shares - [BRAZIL] [BLOGGER] [Lifetime Refill] [Max 10K] [Speed 200-1K/Day] [0-6HRS],556.42,100,10 000,Lifetime Refill,55 minutes
4939,YouTube Shares - [BRAZIL] [VKONTAKTE] [Lifetime Refill] [Max 10K] [Speed 200-1K/Day] [0-6HRS],556.42,100,10 000,Lifetime Refill,23 minutes
4940,YouTube Shares - [BRAZIL] [STUMBLEUPON] [Lifetime Refill] [Max 10K] [Speed 200-1K/Day] [0-6HRS],556.42,100,10 000,Lifetime Refill,22 minutes
4941,YouTube Shares - [CANADA] [FACEBOOK] [Lifetime Refill] [Max 10K] [Speed 200-10K/Day] [0-6HRS],556.42,100,10 000,Lifetime Refill,23 minutes
4942,YouTube Shares - [CANADA] [TWITTER] [Lifetime Refill] [Max 10K] [Speed 200-10K/Day] [0-6HRS],556.42,100,10 000,Lifetime Refill,16 minutes
4943,YouTube Shares - [CANADA] [REDDIT] [Lifetime Refill] [Max 10K] [Speed 200-10K/Day] [0-6HRS],556.42,100,10 000,Lifetime Refill,33 minutes
4944,YouTube Shares - [CANADA] [PINTEREST] [Lifetime Refill] [Max 10K] [Speed 200-10K/Day] [0-6HRS],556.42,100,10 000,Lifetime Refill,22 minutes
4945,YouTube Shares - [CANADA] [LINKEDIN] [Lifetime Refill] [Max 10K] [Speed 200-10K/Day] [0-6HRS],556.42,100,10 000,Lifetime Refill,22 minutes
4946,YouTube Shares - [CANADA] [BLOGGER] [Lifetime Refill] [Max 10K] [Speed 200-10K/Day] [0-6HRS],556.42,100,10 000,Lifetime Refill,16 minutes
4955,YouTube Shares - [INDIA] [FACEBOOK] [Lifetime Refill] [Max 10K] [Speed 200-1K/Day] [0-6HRS],556.42,100,10 000,Lifetime Refill,24 hours 21 minutes
4956,YouTube Shares - [INDIA] [TWITTER] [Lifetime Refill] [Max 10K] [Speed 200-1K/Day] [0-6HRS],556.42,100,10 000,Lifetime Refill,134 hours 18 minutes
4957,YouTube Shares - [INDIA] [REDDIT] [Lifetime Refill] [Max 10K] [Speed 200-1K/Day] [0-6HRS],556.42,100,10 000,Lifetime Refill,33 minutes
4958,YouTube Shares - [INDIA] [PINTEREST] [Lifetime Refill] [Max 10K] [Speed 200-1K/Day] [0-6HRS],556.42,100,10 000,Lifetime Refill,23 minutes
4959,YouTube Shares - [INDIA] [LINKEDIN] [Lifetime Refill] [Max 10K] [Speed 200-1K/Day] [0-6HRS],556.42,100,10 000,Lifetime Refill,17 minutes
4960,YouTube Shares - [INDIA] [TUMBLR] [Lifetime Refill] [Max 10K] [Speed 200-1K/Day] [0-6HRS],556.42,100,10 000,Lifetime Refill,22 minutes
4961,YouTube Shares - [INDIA] [BLOGGER] [Lifetime Refill] [Max 10K] [Speed 200-1K/Day] [0-6HRS],556.42,100,10 000,Lifetime Refill,68 hours 13 minutes
8127,YouTube Shares - [ITALY] [FACEBOOK] [Lifetime Refill] [Max 10K] [Speed 200-10K/Day] [0-6HRS],556.42,100,10 000,Lifetime Refill,16 minutes
8128,YouTube Shares - [ITALY] [TWITTER] [Lifetime Refill] [Max 10K] [Speed 200-10K/Day] [0-6HRS],556.42,100,10 000,Lifetime Refill,55 minutes
8129,YouTube Shares - [ITALY] [REDDIT] [Lifetime Refill] [Max 10K] [Speed 200-1K/Day] [0-6HRS],556.42,100,10 000,Lifetime Refill,55 minutes
8130,YouTube Shares - [ITALY] [PINTEREST] [Lifetime Refill] [Max 10K] [Speed 200-1K/Day] [0-6HRS],556.42,100,10 000,Lifetime Refill,55 minutes
8131,YouTube Shares - [ITALY] [LINKEDIN] [Lifetime Refill] [Max 10K] [Speed 200-1K/Day] [0-6HRS],556.42,100,10 000,Lifetime Refill,33 minutes
8132,YouTube Shares - [ITALY] [TUMBLR] [Lifetime Refill] [Max 10K] [Speed 200-1K/Day] [0-6HRS],556.42,100,10 000,Lifetime Refill,17 minutes
8133,YouTube Shares - [ITALY] [BLOGGER] [Lifetime Refill] [Max 10K] [Speed 200-1K/Day] [0-6HRS],556.42,100,10 000,Lifetime Refill,33 minutes
8134,YouTube Shares - [ITALY] [VKONTAKTE] [Lifetime Refill] [Max 10K] [Speed 200-1K/Day] [0-6HRS],556.42,100,10 000,Lifetime Refill,17 minutes
8135,YouTube Shares - [ITALY] [STUMBLEUPON] [Lifetime Refill] [Max 10K] [Speed 200-1K/Day] [0-6HRS],556.42,100,10 000,Lifetime Refill,55 minutes
8091,YouTube Shares - [INDONESIA] [FACEBOOK] [Lifetime Refill] [Max 10K] [Speed 200-1K/Day] [0-6HRS],556.42,100,10 000,Lifetime Refill,16 minutes
8092,YouTube Shares - [INDONESIA] [TWITTER] [Lifetime Refill] [Max 8K] [Speed 200-1K/Day] [0-6HRS],556.42,100,10 000,Lifetime Refill,23 minutes
8093,YouTube Shares - [INDONESIA] [REDDIT] [Lifetime Refill] [Max 8K] [Speed 200-1K/Day] [0-6HRS],556.42,100,10 000,Lifetime Refill,33 minutes
8094,YouTube Shares - [INDONESIA] [PINTEREST] [Lifetime Refill] [Max 8K] [Speed 200-1K/Day] [0-6HRS],556.42,100,10 000,Lifetime Refill,22 minutes
8095,YouTube Shares - [INDONESIA] [TUMBLR] [Lifetime Refill] [Max 8K] [Speed 200-1K/Day] [0-6HRS],556.42,100,10 000,Lifetime Refill,11 minutes
8096,YouTube Shares - [INDONESIA] [BLOGGER] [Lifetime Refill] [Max 8K] [Speed 200-1K/Day] [0-6HRS],556.42,100,10 000,Lifetime Refill,11 minutes
8097,YouTube Shares - [JAPAN] [FACEBOOK] [Lifetime Refill] [Max 10K] [Speed 200-10K/Day] [0-6HRS],556.42,100,10 000,Lifetime Refill,11 minutes
8098,YouTube Shares - [JAPAN] [TWITTER] [Lifetime Refill] [Max 8K] [Speed 200-1K/Day] [0-6HRS],556.42,100,10 000,Lifetime Refill,23 minutes
8099,YouTube Shares - [JAPAN] [REDDIT] [Lifetime Refill] [Max 8K] [Speed 200-1K/Day] [0-6HRS],556.42,100,10 000,Lifetime Refill,33 minutes
8100,YouTube Shares - [JAPAN] [PINTEREST] [Lifetime Refill] [Max 8K] [Speed 200-10K/Day] [0-6HRS],556.42,100,10 000,Lifetime Refill,55 minutes
8101,YouTube Shares - [JAPAN] [BLOGGER] [Lifetime Refill] [Max 8K] [Speed 200-10K/Day] [0-6HRS],556.42,100,10 000,Lifetime Refill,17 minutes
8084,YouTube Shares - [KOREA] [FACEBOOK] [Lifetime Refill] [Max 10K] [Speed 200-1K/Day] [0-6HRS],556.42,100,10 000,Lifetime Refill,13 hours 25 minutes
8085,YouTube Shares - [KOREA] [TWITTER] [Lifetime Refill] [Max 8K] [Speed 200-1K/Day] [0-6HRS],556.42,100,10 000,Lifetime Refill,17 hours 37 minutes
8086,YouTube Shares - [KOREA] [REDDIT] [Lifetime Refill] [Max 8K] [Speed 200-1K/Day] [0-6HRS],556.42,100,10 000,Lifetime Refill,14 hours 26 minutes
8087,YouTube Shares - [KOREA] [PINTEREST] [Lifetime Refill] [Max 8K] [Speed 200-1K/Day] [0-6HRS],556.42,100,10 000,Lifetime Refill,22 minutes
8088,YouTube Shares - [KOREA] [LINKEDIN] [Lifetime Refill] [Max 8K] [Speed 200-10K/Day] [0-6HRS],556.42,100,10 000,Lifetime Refill,15 hours 49 minutes
8089,YouTube Shares - [KOREA] [TUMBLR] [Lifetime Refill] [Max 8K] [Speed 200-10K/Day] [0-6HRS],556.42,100,10 000,Lifetime Refill,17 minutes
8090,YouTube Shares - [KOREA] [BLOGGER] [Lifetime Refill] [Max 8K] [Speed 200-10K/Day] [0-6HRS],556.42,100,10 000,Lifetime Refill,15 hours 9 minutes
8120,YouTube Shares - [PHILIPPINES] [FACEBOOK] [Lifetime Refill] [Max 10K] [Speed 200-1K/Day] [0-6HRS],556.42,100,10 000,Lifetime Refill,33 minutes
8121,YouTube Shares - [PHILIPPINES] [TWITTER] [Lifetime Refill] [Max 10K] [Speed 200-1K/Day] [0-6HRS],556.42,100,10 000,Lifetime Refill,23 minutes
8122,YouTube Shares - [PHILIPPINES] [REDDIT] [Lifetime Refill] [Max 10K] [Speed 200-1K/Day] [0-6HRS],556.42,100,10 000,Lifetime Refill,23 minutes
8123,YouTube Shares - [PHILIPPINES] [PINTEREST] [Lifetime Refill] [Max 10K] [Speed 200-1K/Day] [0-6HRS],556.42,100,10 000,Lifetime Refill,11 minutes
8124,YouTube Shares - [PHILIPPINES] [LINKEDIN] [Lifetime Refill] [Max 10K] [Speed 200-1K/Day] [0-6HRS],556.42,100,10 000,Lifetime Refill,17 minutes
8125,YouTube Shares - [PHILIPPINES] [TUMBLR] [Lifetime Refill] [Max 10K] [Speed 200-1K/Day] [0-6HRS],556.42,100,10 000,Lifetime Refill,16 minutes
8126,YouTube Shares - [PHILIPPINES] [BLOGGER] [Lifetime Refill] [Max 10K] [Speed 200-1K/Day] [0-6HRS],556.42,100,10 000,Lifetime Refill,11 minutes
8136,YouTube Shares - [RUSSIA] [FACEBOOK] [Lifetime Refill] [Max 10K] [Speed 200-1K/Day] [0-6HRS],556.42,100,10 000,Lifetime Refill,16 minutes
8137,YouTube Shares - [RUSSIA] [TWITTER] [Lifetime Refill] [Max 10K] [Speed 200-1K/Day] [0-6HRS],556.42,100,10 000,Lifetime Refill,16 minutes
8138,YouTube Shares - [RUSSIA] [REDDIT] [Lifetime Refill] [Max 10K] [Speed 200-1K/Day] [0-6HRS],556.42,100,10 000,Lifetime Refill,16 minutes
8139,YouTube Shares - [RUSSIA] [PINTEREST] [Lifetime Refill] [Max 10K] [Speed 200-1K/Day] [0-6HRS],556.42,100,10 000,Lifetime Refill,23 minutes
8140,YouTube Shares - [RUSSIA] [LINKEDIN] [Lifetime Refill] [Max 10K] [Speed 200-1K/Day] [0-6HRS],556.42,100,10 000,Lifetime Refill,17 minutes
8141,YouTube Shares - [RUSSIA] [Odnoklassniki] [Lifetime Refill] [Max 10K] [Speed 200-1K/Day] [0-6HRS],556.42,100,10 000,Lifetime Refill,55 minutes
8142,YouTube Shares - [RUSSIA] [Vkontakte] [Lifetime Refill] [Max 10K] [Speed 200-1K/Day] [0-6HRS],556.42,100,10 000,Lifetime Refill,33 minutes
8143,YouTube Shares - [RUSSIA] [BLOGGER] [Lifetime Refill] [Max 10K] [Speed 200-1K/Day] [0-6HRS],556.42,100,10 000,Lifetime Refill,33 minutes
11423,YouTube Shares - [SPAIN] [Lifetime Refill] [Max 10K] [Speed 200-1K/Day] [0-6HRS],961.49376,50,10 000,Lifetime Refill,28 hours 20 minutes
11424,YouTube Shares - [SPAIN] [FACEBOOK] [Lifetime Refill] [Max 10K] [Speed 200-1K/Day] [0-6HRS],961.49376,100,10 000,Lifetime Refill,55 minutes
11425,YouTube Shares - [SPAIN] [TWITTER] [Lifetime Refill] [Max 10K] [Speed 200-1K/Day] [0-6HRS],961.49376,100,10 000,Lifetime Refill,22 minutes
11426,YouTube Shares - [SPAIN] [REDDIT] [Lifetime Refill] [Max 10K] [Speed 200-1K/Day] [0-6HRS],961.49376,100,10 000,Lifetime Refill,17 minutes
11427,YouTube Shares - [SPAIN] [PINTEREST] [Lifetime Refill] [Max 10K] [Speed 200-1K/Day] [0-6HRS],961.49376,100,10 000,Lifetime Refill,23 minutes
11428,YouTube Shares - [SPAIN] [BLOGGER] [Lifetime Refill] [Max 10K] [Speed 200-1K/Day] [0-6HRS],961.49376,100,10 000,Lifetime Refill,16 minutes
11429,YouTube Shares - [SPAIN] [TUMBLR] [Lifetime Refill] [Max 10K] [Speed 200-1K/Day] [0-6HRS],961.49376,100,10 000,Lifetime Refill,23 minutes
11430,YouTube Shares - [SPAIN] [LINKEDIN] [Lifetime Refill] [Max 10K] [Speed 200-1K/Day] [0-6HRS],961.49376,100,10 000,Lifetime Refill,22 minutes
11431,YouTube Shares - [TURKEY] [Lifetime Refill] [Max 10K] [Speed 200-1K/Day] [0-6HRS],961.49376,50,10 000,Lifetime Refill,17 minutes
11432,YouTube Shares - [TURKEY] [FACEBOOK] [Lifetime Refill] [Max 10K] [Speed 200-1K/Day] [0-6HRS],556.42,100,10 000,Lifetime Refill,16 minutes
11433,YouTube Shares - [TURKEY] [TWITTER] [Lifetime Refill] [Max 10K] [Speed 200-1K/Day] [0-6HRS],556.42,100,10 000,Lifetime Refill,22 minutes
11434,YouTube Shares - [TURKEY] [REDDIT] [Lifetime Refill] [Max 10K] [Speed 200-1K/Day] [0-6HRS],556.42,100,10 000,Lifetime Refill,23 minutes
11435,YouTube Shares - [TURKEY] [PINTEREST] [Lifetime Refill] [Max 10K] [Speed 200-1K/Day] [0-6HRS],556.42,100,10 000,Lifetime Refill,23 minutes
11436,YouTube Shares - [TURKEY] [LINKEDIN] [Lifetime Refill] [Max 10K] [Speed 200-1K/Day] [0-6HRS],556.42,100,10 000,Lifetime Refill,23 minutes
11437,YouTube Shares - [TURKEY] [BLOGGER] [Lifetime Refill] [Max 10K] [Speed 200-1K/Day] [0-6HRS],556.42,100,10 000,Lifetime Refill,55 minutes
8102,YouTube Shares - [THAILAND] [FACEBOOK] [Lifetime Refill] [Max 10K] [Speed 200-10K/Day] [0-6HRS],556.42,100,10 000,Lifetime Refill,23 minutes
8103,YouTube Shares - [THAILAND] [TWITTER] [Lifetime Refill] [Max 10K] [Speed 200-10K/Day] [0-6HRS],556.42,100,10 000,Lifetime Refill,16 minutes
8104,YouTube Shares - [THAILAND] [REDDIT] [Lifetime Refill] [Max 10K] [Speed 200-10K/Day] [0-6HRS],556.42,100,10 000,Lifetime Refill,23 minutes
8105,YouTube Shares - [THAILAND] [PINTEREST] [Lifetime Refill] [Max 10K] [Speed 200-10K/Day] [0-6HRS],556.42,100,10 000,Lifetime Refill,16 minutes
8106,YouTube Shares - [THAILAND] [LINKEDIN] [Lifetime Refill] [Max 10K] [Speed 200-10K/Day] [0-6HRS],556.42,100,10 000,Lifetime Refill,11 minutes
8107,YouTube Shares - [THAILAND] [Odnoklassniki] [Lifetime Refill] [Max 10K] [Speed 200-10K/Day] [0-6HRS],556.42,100,10 000,Lifetime Refill,11 minutes
8108,YouTube Shares - [THAILAND] [TUMBLR] [Lifetime Refill] [Max 10K] [Speed 200-10K/Day] [0-6HRS],556.42,100,10 000,Lifetime Refill,11 minutes
8149,YouTube Shares - [SAUDI ARABIA] [FACEBOOK] [Lifetime Refill] [Max 10K] [Speed 200-10K/Day] [0-6HRS],556.42,100,10 000,Lifetime Refill,16 minutes
8150,YouTube Shares - [SAUDI ARABIA] [TWITTER] [Lifetime Refill] [Max 10K] [Speed 200-10K/Day] [0-6HRS],556.42,100,10 000,Lifetime Refill,16 minutes
8151,YouTube Shares - [SAUDI ARABIA] [REDDIT] [Lifetime Refill] [Max 10K] [Speed 200-10K/Day] [0-6HRS],556.42,100,10 000,Lifetime Refill,33 minutes
8152,YouTube Shares - [SAUDI ARABIA] [PINTEREST] [Lifetime Refill] [Max 10K] [Speed 200-10K/Day] [0-6HRS],556.42,100,10 000,Lifetime Refill,55 minutes
8153,YouTube Shares - [SAUDI ARABIA] [LINKEDIN] [Lifetime Refill] [Max 10K] [Speed 200-10K/Day] [0-6HRS],556.42,100,10 000,Lifetime Refill,55 minutes
8154,YouTube Shares - [SAUDI ARABIA] [BLOGGER] [Lifetime Refill] [Max 10K] [Speed 200-10K/Day] [0-6HRS],556.42,100,10 000,Lifetime Refill,55 minutes
8155,YouTube Shares - [SAUDI ARABIA] [TUMBLR] [Lifetime Refill] [Max 10K] [Speed 200-10K/Day] [0-6HRS],556.42,100,10 000,Lifetime Refill,17 minutes
8144,YouTube Shares - [TAIWAN] [FACEBOOK] [Lifetime Refill] [Max 10K] [Speed 200-10K/Day] [0-6HRS],556.42,100,10 000,Lifetime Refill,55 minutes
8145,YouTube Shares - [TAIWAN] [TWITTER] [Lifetime Refill] [Max 10K] [Speed 200-10K/Day] [0-6HRS],556.42,100,10 000,Lifetime Refill,17 minutes
8146,YouTube Shares - [TAIWAN] [REDDIT] [Lifetime Refill] [Max 10K] [Speed 200-10K/Day] [0-6HRS],556.42,100,10 000,Lifetime Refill,22 minutes
8147,YouTube Shares - [TAIWAN] [PINTEREST] [Lifetime Refill] [Max 10K] [Speed 200-10K/Day] [0-6HRS],556.42,100,10 000,Lifetime Refill,11 minutes
8148,YouTube Shares - [TAIWAN] [BLOGGER] [Lifetime Refill] [Max 10K] [Speed 200-10K/Day] [0-6HRS],556.42,100,10 000,Lifetime Refill,22 minutes
8110,YouTube Shares - [VIETNAM] [FACEBOOK] [Lifetime Refill] [Max 10K] [Speed 200-10K/Day] [0-6HRS],556.42,100,10 000,Lifetime Refill,33 minutes
8111,YouTube Shares - [VIETNAM] [TWITTER] [Lifetime Refill] [Max 10K] [Speed 200-10K/Day] [0-6HRS],556.42,100,10 000,Lifetime Refill,33 minutes
8112,YouTube Shares - [VIETNAM] [REDDIT] [Lifetime Refill] [Max 10K] [Speed 200-10K/Day] [0-6HRS],556.42,100,10 000,Lifetime Refill,16 minutes
8113,YouTube Shares - [VIETNAM] [PINTEREST] [Lifetime Refill] [Max 10K] [Speed 200-10K/Day] [0-6HRS],556.42,100,10 000,Lifetime Refill,16 minutes
8114,YouTube Shares - [VIETNAM] [LINKEDIN] [Lifetime Refill] [Max 10K] [Speed 200-10K/Day] [0-6HRS],556.42,100,10 000,Lifetime Refill,55 minutes
8115,YouTube Shares - [VIETNAM] [Odnoklassniki] [Lifetime Refill] [Max 10K] [Speed 200-10K/Day] [0-6HRS],556.42,100,10 000,Lifetime Refill,16 minutes
8116,YouTube Shares - [VIETNAM] [TUMBLR] [Lifetime Refill] [Max 10K] [Speed 200-10K/Day] [0-6HRS],556.42,100,10 000,Lifetime Refill,11 minutes
8117,YouTube Shares - [VIETNAM] [BLOGGER] [Lifetime Refill] [Max 10K] [Speed 200-10K/Day] [0-6HRS],556.42,100,10 000,Lifetime Refill,23 minutes
8118,YouTube Shares - [VIETNAM] [VKONTAKTE] [Lifetime Refill] [Max 10K] [Speed 200-1K/Day] [0-6HRS],556.42,100,10 000,Lifetime Refill,23 minutes
8119,YouTube Shares - [VIETNAM] [STUMBLEUPON] [Lifetime Refill] [Max 10K] [Speed 200-1K/Day] [0-6HRS],556.42,100,10 000,Lifetime Refill,33 minutes
16403,Youtube Native Unique Views | ð‘ðžðð¢ð«ðžðœð­ð¢ð¨ð§ ðŸð«ð¨ð¦ ð„ð±ð­ðžð«ð§ðšð¥ ð€ðð¬ | Real & Active Views | Minimum 3K | Speed Up To 50K/Day | 0-3 HRS,600.9336,3 000,100 000 000,No Refill,19 hours 39 minutes
16404,Youtube Native Unique Views | ð‘ðžðð¢ð«ðžðœð­ð¢ð¨ð§ ðŸð«ð¨ð¦ ð„ð±ð­ðžð«ð§ðšð¥ ð€ðð¬ | Real & Active Views | Minimum 5K | Speed Up To 50K/Day | 0-3 HRS,595.3694,5 000,100 000 000,No Refill,17 minutes
16405,Youtube Native Unique Views | ð‘ðžðð¢ð«ðžðœð­ð¢ð¨ð§ ðŸð«ð¨ð¦ ð„ð±ð­ðžð«ð§ðšð¥ ð€ðð¬ | Real & Active Views | Minimum 10K | Speed Up To 50K/Day | 0-3 HRS,517.4706,10 000,100 000 000,No Refill,20 hours 23 minutes
16406,Youtube Native Unique Views | ð‘ðžðð¢ð«ðžðœð­ð¢ð¨ð§ ðŸð«ð¨ð¦ ð„ð±ð­ðžð«ð§ðšð¥ ð€ðð¬ | Real & Active Views | Minimum 20K | Speed Up To 50K/Day | 0-3 HRS,500.778,20 000,100 000 000,No Refill,38 hours 6 minutes
16407,Youtube Native Unique Views | ð‘ðžðð¢ð«ðžðœð­ð¢ð¨ð§ ðŸð«ð¨ð¦ ð„ð±ð­ðžð«ð§ðšð¥ ð€ðð¬ | Real & Active Views | Minimum 40K | Speed Up To 50K/Day | 0-3 HRS,445.136,40 000,100 000 000,No Refill,52 hours 33 minutes
16408,Youtube Native Unique Views | ð‘ðžðð¢ð«ðžðœð­ð¢ð¨ð§ ðŸð«ð¨ð¦ ð„ð±ð­ðžð«ð§ðšð¥ ð€ðð¬ | Real & Active Views | Minimum 100K | Speed Up To 50K/Day | 0-3 HRS,428.4434,100 000,100 000 000,No Refill,16 minutes
16409,Youtube Native Unique Views | ð‘ðžðð¢ð«ðžðœð­ð¢ð¨ð§ ðŸð«ð¨ð¦ ð„ð±ð­ðžð«ð§ðšð¥ ð€ðð¬ | Real & Active Views | Minimum 500K | Speed Up To 50K/Day | 0-3 HRS,395.0582,500 000,100 000 000,No Refill,33 minutes
17283,YouTube Google AdWords Views | Never Drop | ð’ð”ðð„ð‘ ð…ð€ð’ð“ ð€ððð‘ðŽð•ð€ð‹ | ðŒð¢ð§ð¢ð¦ð®ð¦ - ðŸ“ðŸŽðŸŽðŠ ð•ð¢ðžð°ð¬ | Speed Up To 10M/Day | ( $ðŸ’ðŸŽðŸŽ ððžð« ðŸ ðŒð¢ð¥ð¥ð¢ð¨ð§ ),122.4124,500 000,10 000 000,Lifetime Refill,53 hours 4 minutes
8224,YouTube Google AdWords Views | Never Drop | Delivery Time: 1-3 Days | ðŒð¢ð§ð¢ð¦ð®ð¦- ðŸðŒ ð•ð¢ðžð°ð¬ | Speed Up To 2M/Day | ( $ðŸðŸ–ðŸŽ ððžð« ðŸ ðŒð¢ð¥ð¥ð¢ð¨ð§ ),155.7976,1 000 000,10 000 000,Lifetime Refill,17 minutes
8185,YouTube Google AdWords Views | Never Drop | Delivery Time: 1-3 Days | ðŒð¢ð§ð¢ð¦ð®ð¦- ðŸðŒ ð•ð¢ðžð°ð¬ | Speed Up To 5M/Day | ( $ðŸðŸ—ðŸŽ ððžð« ðŸ ðŒð¢ð¥ð¥ð¢ð¨ð§ ððžð« ðŸ ðŒð¢ð¥ð¥ð¢ð¨ð§ ),161.3618,2 000 000,10 000 000,Lifetime Refill,5 hours 27 minutes
8183,YouTube Google AdWords Views | Max 10M | Never Drop | Delivery Time: 1-3 Days | ðŒð¢ð§ð¢ð¦ð®ð¦- ðŸ“ðŸŽðŸŽðŠ ð•ð¢ðžð°ð¬ | Speed Up To 1M/Day | ( $ðŸðŸ—ðŸŽ ððžð« ðŸ ðŒð¢ð¥ð¥ð¢ð¨ð§ ),161.3618,500 000,10 000 000,Lifetime Refill,7 hours 47 minutes
16628,YouTube Google AdWords Views | Max 10M | Never Drop | Delivery Time: 1-2 Days | ðŒð¢ð§ð¢ð¦ð®ð¦- ðŸðŸŽðŸŽðŠ ð•ð¢ðžð°ð¬ | Speed Up To 500K/Day | ( $ðŸ“ðŸŽðŸŽ ððžð« ðŸ ðŒð¢ð¥ð¥ð¢ð¨ð§ ),278.21,100 000,10 000 000,Lifetime Refill,16 minutes
8182,YouTube Google AdWords Views | Max 10M | Never Drop | Delivery Time: 1-2 Days | ðŒð¢ð§ð¢ð¦ð®ð¦- ðŸðŸŽðŸŽðŠ ð•ð¢ðžð°ð¬ | Speed Up To 500K/Day | ( $ðŸ’ðŸðŸŽ ððžð« ðŸ ðŒð¢ð¥ð¥ð¢ð¨ð§ ),233.6964,200 000,10 000 000,Lifetime Refill,55 minutes
13143,YouTube ð†ð¨ð¨ð ð¥ðž ð€ðƒð’ Views - [Non-Drop] [Minimum 1K] [ Speed 30K/Day] [0-30Mins],2642.995,2 000,2 000 000,Lifetime Refill,17 minutes
16037,YouTube Subscribers | â™»ï¸ 30 Days Refill | Max 1M | ð™ðžð«ð¨ ðƒð«ð¨ð© & ððžð¬ð­ ð’ð©ðžðžð | Speed 500/Day | 0-5 Mins,10633.1862,100,50 000,30 Days Refill,118 hours 35 minutes
16799,YouTube Subscribers | Max 50K | HQ | Speed 200/Day | â™»ï¸ 30 Days Refill | 0-30 Mins,11551.2792,50,50 000,30 Days Refill,104 hours 44 minutes
16798,YouTube Subscribers | Max 30K | HQ | Speed 100/Day | â™»ï¸ 30 Days Refill | 0-30 Mins,10805.6764,50,30 000,30 Days Refill,42 hours 40 minutes
16036,YouTube Subscribers | ðð¨ ð•ð¢ððžð¨ð¬ ð‘ðžðªð®ð¢ð«ðžð / ð€ð¥ð¥ ð‚ð¡ðšð§ð§ðžð¥ð¬ ð€ðœðœðžð©ð­ðžð | Max 100K | Speed 1-2K/Day | 0-6HRS,13103.691,100,100 000,30 Days Refill,75 hours 1 minute
15964,YouTube Subscribers | â™»ï¸ 30 Days Refill | Max 100K | ð‡ð & ððžð¬ð­ ð’ð©ðžðžð | Speed 1-2K/Day | 0-15 Mins,14466.92,500,100 000,30 Days Refill,73 hours 36 minutes
16034,YouTube Subscribers | ðŒð¨ð›ð¢ð¥ðž | â™»ï¸ 30 Days Refill | Max 200K | ð…ð€ð’ð“ | Speed 2K/D | 0-6 HRS,14439.099,500,200 000,30 Days Refill,17 minutes
15851,YouTube Subscribers | Max 20K | HQ | Speed 500/Day | â™»ï¸ 30 Days Refill | 0-30 Mins,11796.104,100,20 000,30 Days Refill,86 hours 54 minutes
16038,YouTube Subscribers | ðð¨ ð•ð¢ððžð¨ð¬ ð‘ðžðªð®ð¢ð«ðžð / ð€ð¥ð¥ ð‚ð¡ðšð§ð§ðžð¥ð¬ ð€ðœðœðžð©ð­ðžð | Max 100K | Speed 100-200/Day | 0-6HRS,14550.383,100,1 000 000,30 Days Refill,37 hours 28 minutes
3289,YouTube Real Watch Time Views | 4000 HR | 30 Days Refill | ðŸðŸŽðŸŽðŸŽ ðð®ðšð§ð­ð¢ð­ð² = ðŸðŸŽðŸŽðŸŽ ð‡ð‘ | ð”ð¬ðž ð•ð¢ððžð¨ ðŸ”ðŸŽ ðŒð¢ð§ð¬+ ðŽð§ð¥ð² | Speed 2K/Day | ðð¨ð§-ðƒð«ð¨ð© | 0-15 Mins,15423.9624,100,4 000,30 Days Refill,4 hours 23 minutes
16167,Youtube Organic Ads Watchtime | 4000 Hours | ð’ð¨ð®ð«ðœðž: ð†ð¨ð¨ð ð¥ðž ð€ðð¬ | 1000 Quantity = 1000 HR | 30 Days Refill | 60 Minutes Video | Speed 1K/Day | ð‘ðžðšð ðƒðžð¬ðœð«ð¢ð©ð­ð¢ð¨ð§,15301.55,100,4 000,30 Days Refill,55 minutes
10521,YouTube 100% Organic Watch Hours - [30 Days Refill] [60 Mins+ Video] [Non-Drop] [Speed 250/Day],15023.34,100,4 000,30 Days Refill,22 minutes
13350,YouTube Watch Hours 4000 HR Package - 30 Days Refill | 1 HR+ Video | Speed 1-2K/Day | INSTANT,14077.426,4 000,4 000,30 Days Refill,55 minutes
16045,YouTube 100% Watch Hours - [30 Days Refill] [ðŸ”ðŸŽ ðŒð¢ð§ð¬+ Video] [Speed 1K/Day] [ð–ð¨ð«ð¤ð¢ð§ð ð€ðŸð­ðžð« ðŽðœð­ð¨ð›ðžð« ð”ð©ððšð­ðž],16692.6,100,4 000,30 Days Refill,1 hour 46 minutes
16003,YouTube Watch Hours 4000 HR Package - 30 Days Refill | 30 Min+ Video | Speed 1-2K/Day | INSTANT,13409.722,4 000,4 000,30 Days Refill,33 minutes
16583,YouTube Views + Likes + AI Comments ( %5-10 ) | ð‹ð¢ðŸðžð­ð¢ð¦ðž ð‘ðžðŸð¢ð¥ð¥ | Speed 5K/Day | ð‘ðžð­ðžð§ð­ð¢ð¨ð§: ðŸ‘ðŸŽ ð’ðžðœð¨ð§ðð¬ | ð’ð¨ð®ð«ðœðž: ð„ð±ð­ðžð«ð§ðšð¥ | INSTANT,511.9064,100,1 000 000,Lifetime Refill,25 hours 42 minutes
16585,YouTube Views + Likes + AI Comments ( %5-10 ) | ð‹ð¢ðŸðžð­ð¢ð¦ðž ð‘ðžðŸð¢ð¥ð¥ | Speed 10K/Day | ð‘ðžð­ðžð§ð­ð¢ð¨ð§: ðŸ-ðŸ‘ ðŒð¢ð§ð®ð­ðžs | ð’ð¨ð®ð«ðœðž: ð„ð±ð­ðžð«ð§ðšð¥ | INSTANT,1257.5092,1 000,100 000,Lifetime Refill,35 hours 17 minutes
16587,YouTube Views + Likes + AI Comments ( %5-10 ) | ð‹ð¢ðŸðžð­ð¢ð¦ðž ð‘ðžðŸð¢ð¥ð¥ | Speed 3K/Day | ð‘ðžð­ðžð§ð­ð¢ð¨ð§: ðŸ“-ðŸðŸŽ ðŒð¢ð§ð®ð­ðžð¬ | ð’ð¨ð®ð«ðœðž: ð„ð±ð­ðžð«ð§ðšð¥ | INSTANT,1340.9722,100,100 000,Lifetime Refill,104 hours 36 minutes
16584,YouTube Views + Likes + AI Comments ( %5-10 ) | ð‹ð¢ðŸðžð­ð¢ð¦ðž ð‘ðžðŸð¢ð¥ð¥ | Speed 5K/Day | ð‘ðžð­ðžð§ð­ð¢ð¨ð§: ðŸ-ðŸ‘ ðŒð¢ð§ð®ð­ðžð¬ | ð’ð¨ð®ð«ðœðž: ð’ð¨ðœð¢ðšð¥ ððžð­ð°ð¨ð«ð¤ð¬ | INSTANT,1168.482,1 000,100 000,Lifetime Refill,33 minutes
16586,YouTube Views + Likes + AI Comments ( %5-10 ) | ð‹ð¢ðŸðžð­ð¢ð¦ðž ð‘ðžðŸð¢ð¥ð¥ | Short and Long Videos | Speed 5K/Day | ð‘ðžð­ðžð§ð­ð¢ð¨ð§: ðŸ‘-ðŸðŸŽ ðŒð¢ð§ð®ð­ðžð¬ | ð’ð¨ð®ð«ðœðž: ð’ð¨ðœð¢ðšð¥ ððžð­ð°ð¨ð«ð¤ð¬ | INSTANT,1185.1746,1 000,100 000,30 Days Refill,58 hours 58 minutes
16552,YouTube Comments | No Refill | 10K Max | Speed 10K/Day | INSTANT,3132.6446,5,10 000,No Refill,54 minutes
16548,YouTube Comment Likes ðŸ‘ | No Refill | 100K Max | Speed 50K/Day | INSTANT,1569.1044,10,100 000,No Refill,4 minutes
16551,YouTube Comment Likes ðŸ‘ | 30 Days Refill â™»ï¸ | 100K Max | Speed 50K/Day | INSTANT,1880.6996,10,100 000,30 Days Refill,4 minutes
16229,YouTube CTR Views + 10% Likes | Best for SEO | 30 Days Refill | ð’ð¨ð®ð«ðœðž: ð†ð¨ð¨ð ð¥ðž ð’ðžðšð«ðœð¡ + ð„ð±ð­ðžð«ð§ðšð¥ ðð² ðŠðžð²ð°ð¨ð«ðð¬ | Speed 1K/Day | ð‘ðžð­ðžð§ð­ð¢ð¨ð§: ðŸðŸ“-ðŸðŸŽ ðŒð¢ð§ð®ð­ðžð¬ | Instant,6710.4252,100,1 000 000,30 Days Refill,8 hours 33 minutes
16236,YouTube CTR Views + 10% Likes | Custom Keywords | Best for SEO | 30 Days Refill | ð’ð¨ð®ð«ðœðž: Youtube Search | Speed 1K/Day | ð‘ðžð­ðžð§ð­ð¢ð¨ð§: ðŸ”ðŸŽ ð’ðžðœð¨ð§ðð¬ | Instant,10683.264,100,100 000,30 Days Refill,9 hours 9 minutes
16237,YouTube CTR Views + 10% Likes | Custom Keywords | Best for SEO | 30 Days Refill | ð’ð¨ð®ð«ðœðž: Youtube Search | Speed 1K/Day | ð‘ðžð­ðžð§ð­ð¢ð¨ð§: ðŸ‘ðŸŽðŸŽ ð’ðžðœð¨ð§ðð¬ | Instant,17360.304,100,100 000,30 Days Refill,9 hours 57 minutes
16238,YouTube CTR Views + 10% Likes | Custom Keywords | Best for SEO | 30 Days Refill | ð’ð¨ð®ð«ðœðž: Youtube Search | Speed 1K/Day | ð‘ðžð­ðžð§ð­ð¢ð¨ð§: ðŸ—ðŸŽðŸŽ ð’ðžðœð¨ð§ðð¬ | Instant,21366.528,100,100 000,30 Days Refill,17 minutes
16239,YouTube CTR Views + 10% Likes | Custom Keywords | Best for SEO | 30 Days Refill | ð’ð¨ð®ð«ðœðž: Youtube Search | Speed 1K/Day | ð‘ðžð­ðžð§ð­ð¢ð¨ð§: ðŸðŸ–ðŸŽðŸŽ ð’ðžðœð¨ð§ðð¬ | Instant,40062.24,100,100 000,30 Days Refill,16 minutes
16228,YouTube Shorts CTR Views + 10% Likes | Best for SEO | 30 Days Refill | ð’ð¨ð®ð«ðœðž: ð†ð¨ð¨ð ð¥ðž ð’ðžðšð«ðœð¡ + ð„ð±ð­ðžð«ð§ðšð¥ ðð² ðŠðžð²ð°ð¨ð«ðð¬ | Speed 1K/Day | ð‘ðžð­ðžð§ð­ð¢ð¨ð§: ðŸ‘-ðŸ“ ðŒð¢ð§ð®ð­ðžð¬ | Instant,6710.4252,100,1 000 000,30 Days Refill,14 hours 59 minutes
16235,YouTube Shorts CTR Views + 10% Likes | Custom Keywords | Best for SEO | 30 Days Refill | ð’ð¨ð®ð«ðœðž: Youtube Search | Speed 1K/Day | ð‘ðžð­ðžð§ð­ð¢ð¨ð§: ðŸ”ðŸŽ ð’ðžðœð¨ð§ðð¬ | Instant,10683.264,100,100 000,30 Days Refill,22 minutes
13469,YouTube CTR Search Views | SHORTS | Custom Keywords,19713.9606,100,1 000,No Refill,33 minutes
13470,YouTube CTR Search Views For Videos [60 Sec Retention] [Custom Keywords],22807.6558,100,1 000,No Refill,13 hours 31 minutes
13471,YouTube CTR Search Views For Videos [ 120+ Secs Retention] [Custom Keywords],45615.3116,100,1 000,No Refill,16 hours 40 minutes
16164,Youtube Views - [Lifetime Warranty] [Max 100K] [ð’ð¨ð®ð«ðœðž: ð„ð±ð­ðžð«ð§ðšð¥] [Non-Drop] [Speed UpTo 5K/Day] [INSTANT],445.136,10,2 000 000,Lifetime Refill,61 hours
9169,YouTube Views - [High Retention] [ð’ð¨ð®ð«ðœðž - ð†ð¨ð¨ð ð¥ðž ð’ðžðšð«ðœð¡] [Retention 2-15 Mins] [Speed 1-2K/Day] [INSTANT],1001.556,100,5 000,30 Days Refill,3 hours 24 minutes
11803,YouTube Views - [Lifetime Warranty] [ð’ð¨ð®ð«ðœðž: ð„ð±ð­ðžð«ð§ðšð¥] [Speed 20-30K/Day] [INSTANT] ðŸ’§,1029.377,100,1 000 000,Lifetime Refill,44 hours 15 minutes
11911,YouTube Native Views - [Lifetime Warranty] [Max 1M] [ð’ð¨ð®ð«ðœðž: ðƒð¢ð«ðžðœð­ + ð„ð±ð­ðžð«ð§ðšð¥] [ðð¨ð§-ðƒð«ð¨ð©] [Speed 20-30K/Day] [INSTANT],589.8052,100,10 000 000,Lifetime Refill,41 hours 43 minutes
11815,Youtube Views - [Lifetime Warranty] [Max 1M] [ð’ð¨ð®ð«ðœðž: ð’ð®ð ð ðžð¬ð­ðžð + ð„ð±ð­ðžð«ð§ðšð¥] [ðŸ-ðŸ ðŒð¢ð§ð¬ ð‘ðžð­ðžð§ð­ð¢ð¨ð§] [Refill Button] [Speed 50-100K/Day] [INSTANT],406.1866,15,350 000,Lifetime Refill,20 hours 40 minutes
13107,YouTube Views - [Lifetime Warranty] [ð’ð¨ð®ð«ðœðž - ð„ð±ð­ðžð«ð§ðšð¥] [Refill Button] [Speed 50K/Day] [0-2 Mins],389.494,100,300 000,Lifetime Refill,32 hours 52 minutes
11804,Youtube HR Views - [30 Days Refill] [Max 5M] [ð’ð¨ð®ð«ðœðž: ð„ð±ð­ðžð«ð§ðšð¥ + ð†ð¨ð¨ð ð¥ðž ð’ðžðšð«ðœð¡] [Speed 500/Day] [ðŸ-ðŸ“ ðŒð¢ð§ð®ð­ðžð¬ ð‘ðžð­ðžð§ð­ð¢ð¨ð§] [INSTANT],1062.7622,100,5 000 000,30 Days Refill,34 hours 57 minutes
8936,YouTube Views - [Lifetime Warranty] [ð’ð¨ð®ð«ðœðž - ð„ð±ð­ðžð«ð§ðšð¥] [Refill Button Enabled] [ðð¨ð§-ðƒð«ð¨ð©] [Speed 5-10K/Day] [INSTANT],556.42,100,2 000 000,Lifetime Refill,5 hours 22 minutes
11813,Youtube Views - [Lifetime Warranty] [Max 1M] [ð’ð¨ð®ð«ðœðž: ð’ð®ð ð ðžð¬ð­ðžð + ð„ð±ð­ðžð«ð§ðšð¥] [ðŸ-ðŸ ðŒð¢ð§ð¬ ð‘ðžð­ðžð§ð­ð¢ð¨ð§] [Speed 50K/Day] [INSTANT],411.7508,100,300 000,Lifetime Refill,4 hours 54 minutes
11816,YouTube Views - [Lifetime Warranty] [ð’ð¨ð®ð«ðœðž - ðƒð¢ð«ðžðœð­ + ð„ð±ð­ðžð«ð§ðšð¥ + ð”ð§ð¤ð§ð¨ð°ð§] [â™»ï¸ Refill Button Enabled] [Speed 30-50K/Day] [INSTANT],600.9336,100,2 000 000,Lifetime Refill,151 hours 23 minutes
11818,YouTube Views - [Lifetime Warranty] [ð’ð¨ð®ð«ðœðž - ð‘ðžðšð¥ ð•ð¢ðžð°ð¬] [â™»ï¸ Refill Button Enabled] [Speed 30K/Day] [Retention 0-10 Mins] [0-15Mins],723.346,100,1 000 000,Lifetime Refill,58 hours 42 minutes
11817,YouTube Views - [Lifetime Warranty] [ð’ð¨ð®ð«ðœðž - ðƒð¢ð«ðžðœð­ + ð„ð±ð­ðžð«ð§ðšð¥] [â™»ï¸ Refill Button Enabled] [Speed 20-40K/Day] [INSTANT],395.0582,100,300 000,Lifetime Refill,5 hours 26 minutes
11814,Youtube Views - [Lifetime Warranty] [ð’ð¨ð®ð«ðœðž: ðŒð¢ð±ðžð] [Speed 25K/Day] [INSTANT]ðŸ’§â›”,506.3422,100,2 000 000,Lifetime Refill,4 hours 19 minutes
9015,YouTube Views - [Lifetime Warranty] [ð’ð¨ð®ð«ðœðž - ðŸðŸŽðŸŽ% ð’ð®ð ð ðžð¬ð­ð¢ð¨ð§ð¬] [Refill Button Enabled] [Speed 30K/Day] [Retention 0-2Mins] [INSTANT],461.8286,100,2 000 000,Lifetime Refill,8 hours 47 minutes
13131,YouTube Views - [Lifetime Warranty] [ð’ð¨ð®ð«ðœðž - ðƒð¢ð«ðžðœð­ / ð”ð§ð¤ð¨ð°ð§ / ð„ð±ð­ðžð«ð§ðšð¥] [ðŸ ðŒð¢ð§ ð‘ðžð­ðžð§ð­ð¢ð¨ð§] [Speed 20-30K/Day] [INSTANT],623.1904,100,100 000,Lifetime Refill,4 hours 19 minutes
8935,YouTube Views - [Lifetime Warranty] [REAL] [ð†ð„ðŽ ð“ð‘ð€ð…ð…ðˆð‚] [Speed 50K/Day] [0-10Mins],400.6224,15,350 000,Lifetime Refill,5 hours 22 minutes
10011,YouTube Views - [Lifetime Warranty] [ð’ð¨ð®ð«ðœðž - ð˜ð¨ð®ð“ð®ð›ðž ð‘ðžðœð¨ð¦ð¦ðžð§ððšð­ð¢ð¨ð§] [Speed 200-300K/Day] [INSTANT] ðŸš€ðŸš€,667.704,15,350 000,Lifetime Refill,4 hours 25 minutes
8606,YouTube Views - [Lifetime Warranty] [Speed 50-100K/Day] [0-30Mins],567.5484,15,350 000,Lifetime Refill,51 minutes
9028,YouTube Views - [ð’ð¨ð®ð«ðœðž - ð„ð±ð­ðžð«ð§ðšð¥] [Good for Ranking] [Speed 10K/Day] [INSTANT],1096.1474,100,1 500 000 000,30 Days Refill,20 hours 3 minutes
9168,YouTube Views - [ð’ð¨ð®ð«ðœðž - ð’ð®ð ð ðžð¬ð­ðžð / ð„ð±ð­ðžð«ð§ðšð¥ / ðƒð¢ð«ðžðœð­] [Good for Ranking] [Speed 50-100K/Day] [INSTANT],1040.5054,100,15 000 000,30 Days Refill,5 hours 47 minutes
9180,YouTube Native Ads Views - [REAL] [Lifetime Refill] [ð’ð¨ð®ð«ðœðž - ððšð­ð¢ð¯ðž ð„ð¦ð›ðžð] [Speed 50-100K/Day] [Natural Engagement] [INSTANT],695.525,10 000,3 000 000,Lifetime Refill,7 hours 41 minutes
9181,YouTube Native Ads Views - [REAL] [Lifetime Refill] [ð’ð¨ð®ð«ðœðž - ð’ð¨ðœð¢ðšð¥ ð•ð¢ðžð°ð¬] [Speed 100-200K/Day] [Natural Engagement] [INSTANT],717.7818,10 000,2 000 000,Lifetime Refill,33 minutes
13130,YouTube Views - [Lifetime Warranty] [ð’ð¨ð®ð«ðœðž - ðƒð¢ð«ðžðœð­ / ð”ð§ð¤ð¨ð°ð§ / ð„ð±ð­ðžð«ð§ðšð¥] [Speed 200-300K/Day] [0-1HR],645.4472,15,350 000,Lifetime Refill,152 hours 1 minute
10012,YouTube Views - [Lifetime Warranty] [ð’ð¨ð®ð«ðœðž - ð‘ðžðšð¥ ððšð­ð¢ð¯ðž ð•ð¢ðžð°ð¬] [ð’ð“ð€ðð‹ð„] [Speed 200-500K/Day] [INSTANT],478.5212,40 000,100 000 000,Lifetime Refill,32 hours 39 minutes
9182,YouTube Native Ads Views - [REAL] [Lifetime Refill] [ð’ð¨ð®ð«ðœðž - ððšð­ð¢ð¯ðž ð„ð¦ð›ðžð] [Speed 500-600K/Day] [Natural Engagement] [ð’ð”ðð„ð‘ ð…ð€ð’ð“],912.5288,5 000,3 000 000,Lifetime Refill,55 minutes
9170,YouTube Views + Likes - [High Retention] [ð’ð¨ðœð¢ðšð¥ ð•ð¢ðžð°ð¬] [Retention 10-30 Seconds] [Speed 10K/Day] [INSTANT],1251.945,1 000,1 000 000,30 Days Refill,4 hours 24 minutes
16166,Youtube Views - [Lifetime Warranty] [Max 100K] [ð’ð¨ð®ð«ðœðž: ð„ð±ð­ðžð«ð§ðšð¥] [Non-Drop] [Speed UpTo 5K/Day] [INSTANT],500.778,10,2 000 000,Lifetime Refill,13 hours 48 minutes
15962,YouTube Views - [ð‘ðžðšð¥ ð‘ð€ð– ð•ð¢ðžð°ð¬] [Lifetime Warranty] [Unlimited] [ð„ð±ð­ðžð«ð§ðšð¥] [ð™ðžð«ð¨ ðƒð«ð¨ð©] [Speed Upto 10K/Day] [0-6HRS],906.9646,100,2 147 483 647,Lifetime Refill,5 hours
12486,YouTube Views - [ð‘ðžðšð¥ ð€ðœð­ð¢ð¯ðž ð•ð¢ðžð°ð¬] [Lifetime Warranty] [Unlimited] [ð†ð¨ð¨ð ð¥ðž ð’ðžðšð«ðœð¡ + ð„ð±ð­ðžð«ð§ðšð¥] [Speed Upto 5K/Day] [INSTANT],712.2176,100,1 000 000,Lifetime Refill,2 hours 11 minutes
13388,YouTube Views - RAVâ„¢ | ðŽð«ð ðšð§ð¢ðœ ð†ð¨ð¨ð ð¥ðž ð’ðžðšð«ðœð¡ | ðŒðšð² ð†ðžð§ðžð«ðšð­ðž ð‘ðžð¯ðžð§ð®ðž | Speed 10-100K/Day | ð‘ðžð­ðžð§ð­ð¢ð¨ð§: ðŸ“ðŸŽ-ðŸðŸðŸŽ ð’ðžðœð¬ | 0-2HRS,979.2992,100,50 000 000,Lifetime Refill,6 hours 34 minutes
11833,YouTube Views - [ð‘ðžðšð¥ ð€ðœð­ð¢ð¯ðž ð•ð¢ðžð°ð¬] [Lifetime Warranty] [Max 200K] [ð’ð¨ð®ð«ðœðž: ð„ð±ð­ðžð«ð§ðšð¥] [Non-Drop] [Speed 5-10K/Day] [INSTANT],979.2992,100,10 000 000,Lifetime Refill,4 hours 14 minutes
11835,YouTube Views - [ð‘ðžðšð¥ ð€ðœð­ð¢ð¯ðž ð•ð¢ðžð°ð¬] [Lifetime Warranty] [Unlimited] [ð’ð¨ð®ð«ðœðž: ðƒð¢ð«ðžðœð­ + ð”ð§ð¤ð§ð¨ð°ð§ + ð„ð±ð­ðžð«ð§ðšð¥] [Non-Drop] [Speed 50K/Day] [INSTANT],1001.556,100,500 000 000,Lifetime Refill,7 hours 56 minutes
11837,Youtube HR Views - [30 Days Refill] [ðŸ-ðŸ“ ðŒð¢ð§ð®ð­ðžð¬ ð‘ðžð­ðžð§ð­ð¢ð¨ð§] [Max 5M] [ð’ð¨ð®ð«ðœðž: ð„ð±ð­ðžð«ð§ðšð¥ + ð†ð¨ð¨ð ð¥ðž ð’ðžðšð«ðœð¡] [Speed 500/Day] [Non-Drop] [INSTANT],1034.9412,100,5 000 000,30 Days Refill,4 hours 37 minutes
13387,YouTube Views - [ð‘ðžðšð¥ ð€ðœð­ð¢ð¯ðž ð•ð¢ðžð°ð¬] [Lifetime Warranty] [Unlimited] [ð†ð¨ð¨ð ð¥ðž ð’ðžðšð«ðœð¡ + ð„ð±ð­ðžð«ð§ðšð¥] [Speed Upto 50-100K/Day] [INSTANT],923.6572,100,50 000 000,Lifetime Refill,23 minutes
11824,YouTube Views - [Max 1M] [Speed 3-5K/Day] [30 Days Refill] [ðð¨ð§-ðƒð«ð¨ð©] [INSTANT],728.9102,1 000,500 000,30 Days Refill,16 minutes
11825,YouTube Views - [Max 1M] [Speed 10-30K/Day] [30 Days Refill] [ð’ð¨ð®ð«ðœðž: ð„ð±ð­ðžð«ð§ðšð¥] [Non-Drop] [INSTANT],1090.5832,100,1 000 000,30 Days Refill,33 minutes
11834,YouTube Views - RAVâ„¢ [ð‘ðžðšð¥ ð•ð¢ðžð°ð¬ & ð„ð§ð ðšð ðžð¦ðžð§ð­ð¬] [30 Days Refill] [Max 100K] [ðð¨ð§-ðƒð«ð¨ð©] [Speed 1-3K/Day] [0-2HRS],945.914,100,100 000,30 Days Refill,3 hours 4 minutes
13571,YouTube Native Views - [Max 1M] [Lifetime Warranty] [ð’ð¨ð®ð«ðœðž: ðƒð¢ð«ðžðœð­ + ðŽð­ð¡ðžð«ð¬ + ð„ð±ð­ðžð«ð§ðšð¥] [Speed 20-40K/Day] [ð™ðžð«ð¨ ðƒð«ð¨ð©] [15-30 Minutes],667.704,100,10 000 000,Lifetime Refill,40 hours 16 minutes
13128,YouTube Native Views - [Max 1M] [Lifetime Warranty] [ð’ð¨ð®ð«ðœðž: ðƒð¢ð«ðžðœð­ + ðŽð­ð¡ðžð«ð¬ + ð„ð±ð­ðžð«ð§ðšð¥] [Speed 2-4K/Day] [15-30 Minutes],651.0114,100,10 000 000,Lifetime Refill,59 hours 52 minutes
8296,YouTube Native Views - [Lifetime Warranty] [ð’ð¨ð®ð«ðœðž - ð„ð±ð­ðžð«ð§ðšð¥ + ð˜ð¨ð®ð“ð®ð›ðž ðŽð­ð¡ðžð« ð…ðžðšð­ð®ð«ðžð¬] [Speed 20K/Day] [0-3 HRS]ðŸ’§,589.8052,100,10 000 000,Lifetime Refill,71 hours 31 minutes
13367,YouTube Native Views - [Lifetime Warranty] [Max 1M] [ð’ð¨ð®ð«ðœðž - ð„ð±ð­ðžð«ð§ðšð¥ + ð˜ð¨ð®ð“ð®ð›ðž ðŽð­ð¡ðžð« ð…ðžðšð­ð®ð«ðžð¬] [Speed 100K/Day] [0-2HRS],517.4706,2 000,1 000 000,Lifetime Refill,11 minutes
13366,YouTube Native Views - [Lifetime Warranty] [Max 1M] [ð’ð¨ð®ð«ðœðž - ð„ð±ð­ðžð«ð§ðšð¥ + ð˜ð¨ð®ð“ð®ð›ðž ðŽð­ð¡ðžð« ð…ðžðšð­ð®ð«ðžð¬] [Speed 50K/Day] [0-2HRS],600.9336,100,10 000 000,Lifetime Refill,43 hours 49 minutes
12485,YouTube Views - [Lifetime Warranty] [ð’ð“ð€ðð‹ð„] [ð’ð¨ð®ð«ðœðž - ðƒð¢ð«ðžðœð­ / ð„ð±ð­ðžð«ð§ðšð¥] [Speed 5-10K/Day] [0-2HRS],667.704,10,10 000 000,Lifetime Refill,2 hours 18 minutes
1270,YouTube Views - [Lifetime Warranty] [Max 10M] [Non Drop 1 Year+] [1-5 Mins Retention] [Speed 10K/Day] [INSTANT] [ð‘ð„ð‚ðŽðŒðŒð„ððƒð„ðƒ],1363.229,100,10 000 000,Lifetime Refill,7 hours 30 minutes
11819,Youtube Views - [Lifetime Warranty] [ð’ð¨ð®ð«ðœðž: ðŒð¢ð±ðžð] [Speed 50K/Day] [INSTANT],511.9064,100,2 000 000,Lifetime Refill,6 hours 12 minutes
11821,Youtube Views - [Max 1M] [Lifetime Warranty] [ð’ð¨ð®ð«ðœðž: ð’ð®ð ð ðžð¬ð­ðžð + ð„ð±ð­ðžð«ð§ðšð¥] [ðŸ-ðŸ ðŒð¢ð§ð¬ ð‘ðžð­ðžð§ð­ð¢ð¨ð§] [Speed 10-30K/Day] [INSTANT],378.3656,40,300 000,Lifetime Refill,107 hours 5 minutes
11820,YouTube Native Views - [Lifetime Warranty] [ð’ð¨ð®ð«ðœðž - ð„ð±ð­ðžð«ð§ðšð¥ + ð˜ð¨ð®ð“ð®ð›ðž ðŽð­ð¡ðžð«ð¬] [Non-Drop] [Speed 5K/Day] [0-1HR],589.8052,100,10 000 000,Lifetime Refill,46 hours 56 minutes
7725,YouTube Views - [Lifetime Warranty] [ð’ð¨ð®ð«ðœðž - ð’ð®ð ð ðžð¬ð­ðžð + ðƒð¢ð«ðžðœð­ + ðð«ð¨ð°ð¬ðž ð…ðžðšð­ð®ð«ðžð¬] [Speed 50-100K/Day] [INSTANT],406.1866,15,350 000,Lifetime Refill,43 hours 43 minutes
7371,YouTube Views - [Lifetime Warranty] [ð’ð¨ð®ð«ðœðž - ðŒð¢ð±ðžð] [Speed Upto 25K/Day] [INSTANT],417.315,15,350 000,Lifetime Refill,11 minutes
11822,Youtube Views - [Max 1M] [Lifetime Warranty] [ð’ð¨ð®ð«ðœðž: ð’ð®ð ð ðžð¬ð­ðžð + ð„ð±ð­ðžð«ð§ðšð¥] [ðŸ-ðŸ ðŒð¢ð§ð¬ ð‘ðžð­ðžð§ð­ð¢ð¨ð§] [Speed 20-30K/Day] [ð‘ðžðŸð¢ð¥ð¥ ðð®ð­ð­ð¨ð§] [INSTANT],434.0076,15,350 000,Lifetime Refill,33 minutes
11836,YouTube Views - [Lifetime Warranty] [ð’ð¨ð®ð«ðœðž: ð„ð±ð­ðžð«ð§ðšð¥] [Speed 20-30K/Day] [INSTANT],1029.377,100,1 000 000,Lifetime Refill,12 hours 16 minutes
8937,YouTube Views - [Lifetime Warranty] [ð’ð¨ð®ð«ðœðž - ðƒð¢ð«ðžðœð­ + ð„ð±ð­ðžð«ð§ðšð¥ + ð”ð§ð¤ð§ð¨ð°ð§] [Refill Button Enabled] [Speed 5-10K/Day] [INSTANT],890.272,100,300 000,Lifetime Refill,55 minutes
8595,YouTube Views - [Lifetime Warranty] [ð’ð¨ð®ð«ðœðž - ðƒð¢ð«ðžðœð­ + ð„ð±ð­ðžð«ð§ðšð¥ + ð”ð§ð¤ð§ð¨ð°ð§] [Refill Button Enabled] [Speed 2-5K/Day] [INSTANT],383.9298,100,300 000,Lifetime Refill,59 hours 17 minutes
9016,YouTube Views - [Lifetime Warranty] [ð’ð¨ð®ð«ðœðž - ð„ð±ð­ðžð«ð§ðšð¥] [Speed 50K/Day] [0-15Mins],623.1904,100,1 000 000,Lifetime Refill,17 minutes
8407,YouTube Views - [Lifetime Warranty] [ð’ð¨ð®ð«ðœðž - ð„ð±ð­ðžð«ð§ðšð¥] [Speed 60K/Day] [0-15Mins],550.8558,100,1 000 000,Lifetime Refill,1 hour 14 minutes
5646,YouTube Views + Likes - [60 Days Refill] [ð’ð¨ð®ð«ðœðž - ðˆð§ð­ðžð«ð§ðšð¥] [Speed 30-50K/Day] [INSTANT],573.1126,15,10 000 000,60 Days Refill,55 minutes
12487,YouTube Views - [Lifetime Warranty] [ð’ð¨ð®ð«ðœðž - ð’ð®ð ð ðžð¬ð­ðžð] [Retention 20-30 Sec] [Speed 2-3K/Day] [INSTANT]ðŸ’§,528.599,15,350 000,Lifetime Refill,13 hours 13 minutes
8227,YouTube Views - [Lifetime Warranty] [ð’ð¨ð®ð«ðœðž - ðƒð¢ð«ðžðœð­ / ð”ð§ð¤ð§ð¨ð°ð§ + ð’ð®ð ð ðžð¬ð­ðžð + ð„ð±ð­ðžð«ð§ðšð¥] [Non-Drop] [Speed 5-8K/Day] [INSTANT],567.5484,15,350 000,Lifetime Refill,23 minutes
3708,YouTube Views - [Lifetime Warranty] [ð’ð¨ð®ð«ðœðž - ð’ð®ð ð ðžð¬ð­ðžð] [Speed 5-10K/Day] [0-24HRS],600.9336,15,350 000,Lifetime Refill,3 hours 52 minutes
7771,YouTube Views - [Lifetime Warranty] [ð’ð¨ð®ð«ðœðž - ðƒð¢ð«ðžðœð­ + ð„ð±ð­ðžð«ð§ðšð¥ + ð”ð§ð¤ð§ð¨ð°ð§] [Speed 200-500K/Day] [INSTANT],656.5756,100,1 000 000,Lifetime Refill,2 hours 17 minutes
2892,YouTube Views - [No Refill] [Max 1M] [Speed â€‹â€‹1-5K/Day] [0-1HR] [Cheapest In The Market],222.568,200,5 000 000,No Refill,46 hours 10 minutes
7740,YouTube Views - [No Refill] [Max 1M] [Speed 5-10K/Day] [INSTANT],261.5174,200,1 000 000,No Refill,33 minutes
7745,YouTube Views - [ð‡ð¢ð ð¡ ð‘ðžð­ðžð§ð­ð¢ð¨ð§] [No Refill] [ð’ð¨ð®ð«ðœðž - ð’ðžðšð«ðœð¡ + ðð«ð¨ð°ð¬ðžð« ð…ðžðšð­ð®ð«ðž] [Retention 3-5 Mins] [Speed 10K/Day] [INSTANT],484.0854,1 000,100 000,No Refill,5 minutes
7746,YouTube Views - [ð‡ð¢ð ð¡ ð‘ðžð­ðžð§ð­ð¢ð¨ð§] [No Refill] [ð’ð¨ð®ð«ðœðž - ð’ð®ð ð ðžð¬ð­+ð“ð«ðžð§ðð¢ð§ð +ð‘ðšð§ðð¨ð¦] [Retention 3-5 Mins] [Speed 5-10K/Day] [INSTANT],484.0854,1 000,100 000,No Refill,7 minutes
7744,YouTube Views - [ð‡ð¢ð ð¡ ð‘ðžð­ðžð§ð­ð¢ð¨ð§] [No Refill] [ð’ð¨ð®ð«ðœðž - ðð¢ðœð¡ðž / ðŠðžð²ð°ð¨ð«ð ð’ðžðšð«ðœð¡] [Retention 3-5 Mins] [Speed 5-10K/Day] [INSTANT],801.2448,1 000,100 000,No Refill,55 hours 40 minutes
7719,YouTube Native Ads Views - [REAL] [Lifetime Refill] [ð’ð¨ð®ð«ðœðž - ððšð­ð¢ð¯ðž ð„ð¦ð›ðžð] [Speed 500-600K/Day] [Natural Engagement] [ð’ð”ðð„ð‘ ð…ð€ð’ð“],901.4004,5 000,3 000 000,Lifetime Refill,11 minutes
7720,YouTube Native Ads Views - [REAL] [Lifetime Refill] [ð’ð¨ð®ð«ðœðž - ððšð­ð¢ð¯ðž ð„ð¦ð›ðžð] [Speed 50-100K/Day] [Natural Engagement] [INSTANT],723.346,10 000,3 000 000,Lifetime Refill,55 minutes
7718,YouTube Native Ads Views - [REAL] [Lifetime Refill] [ð’ð¨ð®ð«ðœðž - ð’ð¨ðœð¢ðšð¥ ð•ð¢ðžð°ð¬] [Speed 100-200K/Day] [Natural Engagement] [INSTANT],723.346,10 000,2 000 000,Lifetime Refill,33 minutes
11926,YouTube Views - [ðŸ’¡ððšð­ð¢ð¯ðž ð€ðð°ð¨ð«ð ð•ð¢ðžð°ð¬] [ðŒð¢ð§ð¢ð¦ð®ð¦ ðŸ“ðŸŽðŸŽðŠ] [Speed 1M/Day] | ðŸ‘‘ ð’ð¨ð®ð«ðœðž - ððšð­ð¢ð¯ðž ð„ð¦ð›ðžð [Non-Drop] [Lifetime Warranty] [0-1HR],589.8052,500 000,10 000 000,Lifetime Refill,23 minutes
11925,YouTube Views - [ðŸ’¡ððšð­ð¢ð¯ðž ð€ðð°ð¨ð«ð ð•ð¢ðžð°ð¬] [ðŒð¢ð§ð¢ð¦ð®ð¦ ðŸðŒ] [Speed 1M/Day] | ðŸ‘‘ ð’ð¨ð®ð«ðœðž - ððšð­ð¢ð¯ðž ð„ð¦ð›ðžð [Non-Drop] [Lifetime Warranty] [0-1HR],628.7546,1 000 000,100 000 000,Lifetime Refill,23 minutes
16011,YouTube Views - [ðŸ’¡ððšð­ð¢ð¯ðž ð€ðð°ð¨ð«ð ð•ð¢ðžð°ð¬] [ðŒð¢ð§ð¢ð¦ð®ð¦ ðŸ‘ðŒ] [Speed 200-500K/Day] | ðŸ‘‘ ð’ð¨ð®ð«ðœðž - ððšð­ð¢ð¯ðž ð„ð¦ð›ðžð [Non-Drop] [Lifetime Warranty] [0-2HRS],361.673,3 000 000,100 000 000,Lifetime Refill,16 minutes
11923,YouTube Views - [ðŸ’¡ððšð­ð¢ð¯ðž ð€ðð°ð¨ð«ð ð•ð¢ðžð°ð¬] [ðŒð¢ð§ð¢ð¦ð®ð¦ ðŸðŒ] [Speed 200-500K/Day] | ðŸ‘‘ ð’ð¨ð®ð«ðœðž - ððšð­ð¢ð¯ðž ð„ð¦ð›ðžð [Non-Drop] [Lifetime Warranty] [0-2HRS],367.2372,1 000 000,100 000 000,Lifetime Refill,11 minutes
16012,YouTube Views - [ðŸ’¡ððšð­ð¢ð¯ðž ð€ðð°ð¨ð«ð ð•ð¢ðžð°ð¬] [ðŒð¢ð§ð¢ð¦ð®ð¦ ðŸ“ðŸŽðŸŽðŠ] [Speed 200-500K/Day] | ðŸ‘‘ ð’ð¨ð®ð«ðœðž - ððšð­ð¢ð¯ðž ð„ð¦ð›ðžð [Non-Drop] [Lifetime Warranty] [0-2HRS],411.7508,500 000,100 000 000,Lifetime Refill,11 minutes
16013,YouTube Views - [ðŸ’¡ððšð­ð¢ð¯ðž ð€ðð°ð¨ð«ð ð•ð¢ðžð°ð¬] [ðŒð¢ð§ð¢ð¦ð®ð¦ ðŸ‘ðŸŽðŸŽðŠ] [Speed 200-500K/Day] | ðŸ‘‘ ð’ð¨ð®ð«ðœðž - ððšð­ð¢ð¯ðž ð„ð¦ð›ðžð [Non-Drop] [Lifetime Warranty] [0-2HRS],389.494,300 000,100 000 000,Lifetime Refill,17 minutes
11929,YouTube Views - [ðŸ’¡ððšð­ð¢ð¯ðž ð€ðð°ð¨ð«ð ð•ð¢ðžð°ð¬] [ðŒð¢ð§ð¢ð¦ð®ð¦ ðŸðŸŽðŸŽðŠ] [Speed 300K/Day] | ðŸ‘‘ ð’ð¨ð®ð«ðœðž - ððšð­ð¢ð¯ðž ð„ð¦ð›ðžð [Non-Drop] [Lifetime Warranty] [0-6HRS],395.0582,100 000,10 000 000,Lifetime Refill,17 minutes
11924,YouTube Views - [ðŸ’¡ððšð­ð¢ð¯ðž ð€ðð°ð¨ð«ð ð•ð¢ðžð°ð¬] [ðŒð¢ð§ð¢ð¦ð®ð¦ ðŸ’ðŸŽðŠ] [Speed 200-500K/Day] | ðŸ‘‘ ð’ð¨ð®ð«ðœðž - ððšð­ð¢ð¯ðž ð„ð¦ð›ðžð [Non-Drop] [Lifetime Warranty] [0-3HRS],411.7508,40 000,100 000 000,Lifetime Refill,77 hours 36 minutes
11928,YouTube Views - [ðŸ’¡ððšð­ð¢ð¯ðž ð€ðð°ð¨ð«ð ð•ð¢ðžð°ð¬] [ðŒð¢ð§ð¢ð¦ð®ð¦ ðŸ‘ðŸŽðŠ] [Speed 100-300K/Day] | ðŸ‘‘ ð’ð¨ð®ð«ðœðž - ððšð­ð¢ð¯ðž ð„ð¦ð›ðžð [Non-Drop] [Lifetime Warranty] [0-3 HRS],584.241,30 000,10 000 000,Lifetime Refill,21 hours 53 minutes
11927,YouTube Views - [ðŸ’¡ððšð­ð¢ð¯ðž ð€ðð°ð¨ð«ð ð•ð¢ðžð°ð¬] [ðŒð¢ð§ð¢ð¦ð®ð¦ ðŸðŸŽðŠ] [Speed 100-300K/Day] | ðŸ‘‘ ð’ð¨ð®ð«ðœðž - ððšð­ð¢ð¯ðž ð„ð¦ð›ðžð [Non-Drop] [Lifetime Warranty] [0-3 HRS],445.136,20 000,10 000 000,Lifetime Refill,50 hours 53 minutes
16014,YouTube Views - [ðŸ’¡ððšð­ð¢ð¯ðž ð€ðð°ð¨ð«ð ð•ð¢ðžð°ð¬] [ðŒð¢ð§ð¢ð¦ð®ð¦ ðŸðŸŽðŠ] [Speed 100-300K/Day] | ðŸ‘‘ ð’ð¨ð®ð«ðœðž - ððšð­ð¢ð¯ðž ð„ð¦ð›ðžð [Non-Drop] [Lifetime Warranty] [0-3 HRS],456.2644,10 000,10 000 000,Lifetime Refill,31 hours 47 minutes
16015,YouTube Views - [ðŸ’¡ððšð­ð¢ð¯ðž ð€ðð°ð¨ð«ð ð•ð¢ðžð°ð¬] [ðŒð¢ð§ð¢ð¦ð®ð¦ ðŸ“ðŠ] [Speed 100-300K/Day] | ðŸ‘‘ ð’ð¨ð®ð«ðœðž - ððšð­ð¢ð¯ðž ð„ð¦ð›ðžð [Non-Drop] [Lifetime Warranty] [0-3 HRS],578.6768,5 000,10 000 000,Lifetime Refill,20 hours 28 minutes
16016,YouTube Views - [ðŸ’¡ððšð­ð¢ð¯ðž ð€ðð°ð¨ð«ð ð•ð¢ðžð°ð¬] [ðŒð¢ð§ð¢ð¦ð®ð¦ ðŸ‘ðŠ] [Speed 100-300K/Day] | ðŸ‘‘ ð’ð¨ð®ð«ðœðž - ððšð­ð¢ð¯ðž ð„ð¦ð›ðžð [Non-Drop] [Lifetime Warranty] [0-3 HRS],612.062,3 000,10 000 000,Lifetime Refill,18 hours 22 minutes
16017,YouTube Views - [ðŸ’¡ððšð­ð¢ð¯ðž ð€ðð°ð¨ð«ð ð•ð¢ðžð°ð¬] [ðŒð¢ð§ð¢ð¦ð®ð¦ ðŸ‘ðŠ] [Speed 100-300K/Day] | ðŸ‘‘ ð’ð¨ð®ð«ðœðž - ððšð­ð¢ð¯ðž ð„ð¦ð›ðžð [Non-Drop] [Lifetime Warranty] [0-3 HRS],656.5756,1 000,10 000 000,Lifetime Refill,6 hours 3 minutes
13137,YouTube Views - [ð‡ð¢ð ð¡ ð‘ðžð­ðžð§ð­ð¢ð¨ð§] [Lifetime Warranty] [ð’ð¨ð®ð«ðœðž - ð…ðšðœðžð›ð¨ð¨ð¤] [ðŸ-ðŸ– ðŒð¢ð§ð¬ ð‘ðžð­ðžð§ð­ð¢ð¨ð§] [Non-Drop] [Speed 5K/Day] [INSTANT],1051.6338,1 000,70 000,Lifetime Refill,33 hours 5 minutes
13138,YouTube Views - [ð‡ð¢ð ð¡ ð‘ðžð­ðžð§ð­ð¢ð¨ð§] [Lifetime Warranty] [ð’ð¨ð®ð«ðœðž - ðŒð¨ð›ð¢ð¥ðž] [ðŸ-ðŸ– ðŒð¢ð§ð¬ ð‘ðžð­ðžð§ð­ð¢ð¨ð§] [Non-Drop] [Speed 500/Day] [INSTANT],1240.8166,1 000,1 000 000,Lifetime Refill,71 hours 35 minutes
13140,YouTube Views - [ð‡ð¢ð ð¡ ð‘ðžð­ðžð§ð­ð¢ð¨ð§] [Lifetime Warranty] [ð’ð¨ð®ð«ðœðž - ð†ð¨ð¨ð ð¥ðž ð’ðžðšð«ðœð¡] [ðŸ-ðŸ“ ðŒð¢ð§ð¬ ð‘ðžð­ðžð§ð­ð¢ð¨ð§] [Non-Drop] [Speed 500/Day] [INSTANT],995.9918,100,10 000,Lifetime Refill,1 hour 40 minutes
11828,YouTube Views + Likes - [ð‡ð¢ð ð¡ ð‘ðžð­ðžð§ð­ð¢ð¨ð§] [30 Days Refill] [ð’ð¨ðœð¢ðšð¥ ð•ð¢ðžð°ð¬] [Retention 10-30 Seconds] [Speed 3-5K/Day] [INSTANT],1285.3302,500,500 000,30 Days Refill,45 hours 5 minutes
13141,YouTube Views - [ð‡ð¢ð ð¡ ð‘ðžð­ðžð§ð­ð¢ð¨ð§] [Lifetime Warranty] [ð’ð¨ð®ð«ðœðž - ð†ð¨ð¨ð ð¥ðž ð’ðžðšð«ðœð¡] [ðŸ-ðŸ‘ ðŒð¢ð§ð¬ ð‘ðžð­ðžð§ð­ð¢ð¨ð§] [Non-Drop] [Speed 500/Day] [INSTANT],979.2992,100,1 000 000,Lifetime Refill,6 hours 56 minutes
7723,YouTube Views + Likes - [ð‡ð¢ð ð¡ ð‘ðžð­ðžð§ð­ð¢ð¨ð§] [30 Days Refill] [ð’ð¨ð®ð«ðœðž - ð†ð¨ð¨ð ð¥ðž ð’ðžðšð«ðœð¡] [Retention 2-15 Mins] [Speed 1-2K/Day] [INSTANT],1079.4548,100,5 000,30 Days Refill,4 hours 41 minutes
13292,YouTube Views + Likes - [ð‡ð¢ð ð¡ ð‘ðžð­ðžð§ð­ð¢ð¨ð§] [30 Days Refill] [ðŒð¨ð›ð¢ð¥ðž ð•ð¢ðžð°ð¬] [Retention 1-5 Mins] [Speed 10K/Day] [INSTANT],1385.4858,1 000,500 000,30 Days Refill,102 hours 12 minutes
6284,YouTube Views + Likes - [ð‡ð¢ð ð¡ ð‘ðžð­ðžð§ð­ð¢ð¨ð§] [30 Days Refill] [ð’ð¨ðœð¢ðšð¥ ð•ð¢ðžð°ð¬] [Retention 10-30 Seconds] [Speed 10K/Day] [INSTANT],1268.6376,1 000,1 000 000,30 Days Refill,33 minutes
7717,YouTube Views + Likes - [ð‡ð¢ð ð¡ ð‘ðžð­ðžð§ð­ð¢ð¨ð§] [30 Days Refill] [ð’ð¨ðœð¢ðšð¥ ð•ð¢ðžð°ð¬] [Retention 10-30 Seconds] [Speed 20K/Day] [INSTANT],1313.1512,1 000,1 000 000,30 Days Refill,17 minutes
7721,YouTube Views + Likes - [ð‡ð¢ð ð¡ ð‘ðžð­ðžð§ð­ð¢ð¨ð§] [30 Days Refill] [ð’ð¨ð®ð«ðœðž - ðƒðžð¬ð¤ð­ð¨ð©] [Retention 10-30 Seconds] [Speed 5-10K/Day] [INSTANT],1285.3302,1 000,500 000,30 Days Refill,16 minutes
7722,YouTube Views + Likes - [ð‡ð¢ð ð¡ ð‘ðžð­ðžð§ð­ð¢ð¨ð§] [30 Days Refill] [ð’ð¨ð®ð«ðœðž - ðŒð¨ð›ð¢ð¥ðž] [Retention 2-8 Mins] [Speed 5-10K/Day] [INSTANT],1385.4858,1 000,500 000,30 Days Refill,79 hours 47 minutes
10729,YouTube Views + Likes - [ð‡ð¢ð ð¡ ð‘ðžð­ðžð§ð­ð¢ð¨ð§] [30 Days Refill] [ð’ð¨ð®ð«ðœðž - ðŒð¨ð›ð¢ð¥ðž] [Retention 10-30 Seconds] [Speed 5-10K/Day] [INSTANT],1396.6142,1 000,500 000,30 Days Refill,16 minutes
7724,YouTube Views + Likes - [ð‡ð¢ð ð¡ ð‘ðžð­ðžð§ð­ð¢ð¨ð§] [30 Days Refill] [Retention 2-5 Mins] [Speed 100K/Day] [INSTANT],1413.3068,1 000,1 000 000,30 Days Refill,46 hours 37 minutes
10523,YouTube Views - [ð‡ð¢ð ð¡ ð‘ðžð­ðžð§ð­ð¢ð¨ð§] [ð’ð¨ð®ð«ðœðž - ðƒð¢ð«ðžðœð­ + ð’ðžðšð«ðœð¡] [Lifetime Warranty] [Retention 30 Secs] [Speed 1-2K/Day] [0-1HR],730.02304,100,1 000 000,Lifetime Refill,8 hours 41 minutes
8959,YouTube Views - [ð‡ð¢ð ð¡ ð‘ðžð­ðžð§ð­ð¢ð¨ð§] [ð’ð¨ð®ð«ðœðž - ð…ðšðœðžð›ð¨ð¨ð¤] [Lifetime Warranty] [Retention 2-8 Minutes] [Speed 5K/Day] [0-1HR],1051.6338,1 000,1 000 000,Lifetime Refill,48 hours 32 minutes
13351,YouTube High Retention Views - Lifetime Warranty | Speed 10-15K/Day | Source : External | Retention 10 Seconds | 0-5 Mins,1118.4042,100,300 000,Lifetime Refill,22 minutes
13352,YouTube High Retention Views - Lifetime Warranty | Speed 10-15K/Day | Source : External | Retention 20 Seconds | 0-5 Mins,1296.4586,100,300 000,Lifetime Refill,21 minutes
13353,YouTube High Retention Views - Lifetime Warranty | Speed 10-15K/Day | Source : External | Retention 90 Seconds | 0-5 Mins,3082.5668,100,30 000,Lifetime Refill,36 minutes
8627,YouTube Views - [ð‡ð¢ð ð¡ ð‘ðžð­ðžð§ð­ð¢ð¨ð§] [No Refill] [ð’ð¨ð®ð«ðœðž - ð’ðžðšð«ðœð¡ + ðð«ð¨ð°ð¬ðžð« ð…ðžðšð­ð®ð«ðž] [Retention 3-5 Mins] [Speed 10K/Day] [INSTANT],484.0854,1 000,100 000,No Refill,8 minutes
8628,YouTube Views - [ð‡ð¢ð ð¡ ð‘ðžð­ðžð§ð­ð¢ð¨ð§] [No Refill] [ð’ð¨ð®ð«ðœðž - ð’ð®ð ð ðžð¬ð­+ð“ð«ðžð§ðð¢ð§ð +ð‘ðšð§ðð¨ð¦] [Retention 3-5 Mins] [Speed 5-10K/Day] [INSTANT],484.0854,1 000,100 000,No Refill,33 minutes
8629,YouTube Views - [ð‡ð¢ð ð¡ ð‘ðžð­ðžð§ð­ð¢ð¨ð§] [No Refill] [ð’ð¨ð®ð«ðœðž - ðð¢ðœð¡ðž / ðŠðžð²ð°ð¨ð«ð ð’ðžðšð«ðœð¡] [Retention 3-5 Mins] [Speed 5-10K/Day] [INSTANT],801.2448,1 000,100 000,No Refill,6 hours 54 minutes
8910,YouTube Views - [ð”ð’ð€ ðŸ‡ºðŸ‡¸] [ð‡ð¢ð ð¡ ð‘ðžð­ðžð§ð­ð¢ð¨ð§] [No Refill] [ð’ð¨ð®ð«ðœðž - ð˜ð¨ð®ð­ð®ð›ðž ð’ðžðšð«ðœð¡ ðð² ðŠðžð²ð°ð¨ð«ðð¬] [Retention 3-5 Mins] [Speed 5-10K/Day] [INSTANT],484.0854,1 000,100 000,No Refill,5 minutes
8911,YouTube Views - [ð”ð’ð€ ðŸ‡ºðŸ‡¸] [ð‡ð¢ð ð¡ ð‘ðžð­ðžð§ð­ð¢ð¨ð§] [No Refill] [ð’ð¨ð®ð«ðœðž - ð’ð®ð ð ðžð¬ð­/ð’ðžðšð«ðœð¡/ðð«ð¨ð°ð¬ðž ð…ðžðšð­ð®ð«ðžð¬ ðð² ðŠðžð²ð°ð¨ð«ðð¬] [Retention 3-5 Mins] [Speed 5-10K/Day] [INSTANT],484.0854,1 000,100 000,No Refill,4 minutes
8912,YouTube Views - [ð”ð’ð€ ðŸ‡ºðŸ‡¸] [ð‡ð¢ð ð¡ ð‘ðžð­ðžð§ð­ð¢ð¨ð§] [No Refill] [ð’ð¨ð®ð«ðœðž - ð’ð®ð ð ðžð¬ð­/ð’ðžðšð«ðœð¡/ðð«ð¨ð°ð¬ðž ð…ðžðšð­ð®ð«ðžð¬ ðð² ðŠðžð²ð°ð¨ð«ðð¬] [Retention 7-10 Mins] [Speed 5-10K/Day] [INSTANT],951.4782,1 000,100 000,No Refill,17 minutes
8913,YouTube Views - [ð”ð’ð€ ðŸ‡ºðŸ‡¸] [ð‡ð¢ð ð¡ ð‘ðžð­ðžð§ð­ð¢ð¨ð§] [No Refill] [ð’ð¨ð®ð«ðœðž - ð’ð®ð ð ðžð¬ð­/ð’ðžðšð«ðœð¡/ðð«ð¨ð°ð¬ðž ð…ðžðšð­ð®ð«ðžð¬ ðð² ðŠðžð²ð°ð¨ð«ðð¬] [Retention 15-20 Mins] [Speed 5-10K/Day] [INSTANT],1997.5478,1 000,100 000,No Refill,22 minutes
11604,Youtube Views - [Lifetime Warranty] [USA ðŸ‡ºðŸ‡¸] [ð†ð„ðŽ - ððšð­ð¢ð¯ðž ð„ð¦ð›ðžð] [Speed 20-100K/Day] [Real & Non-Drop] [0-3HRS],3344.0842,5 000,3 000 000,Lifetime Refill,151 hours 23 minutes
11615,Youtube Views - [Lifetime Warranty] [Asia] [ð†ð„ðŽ - ððšð­ð¢ð¯ðž ð„ð¦ð›ðžð] [Speed 20-100K/Day] [Real & Non-Drop] [0-3HRS],1246.3808,20 000,3 000 000,Lifetime Refill,23 minutes
11616,Youtube Views - [Lifetime Warranty] [ð“ðˆð„ð‘ ðŽðð„ ð‚ðŽð”ðð“ð‘ðˆð„ð’] [ð†ð„ðŽ - ððšð­ð¢ð¯ðž ð„ð¦ð›ðžð] [Speed 20-100K/Day] [Real & Non-Drop] [0-3HRS],3277.3138,10 000,3 000 000,Lifetime Refill,23 minutes
11589,Youtube Views - [Lifetime Warranty] [India ðŸ‡®ðŸ‡³] [ð†ð„ðŽ - ððšð­ð¢ð¯ðž ð„ð¦ð›ðžð] [Speed 20-100K/Day] [Real & Non-Drop] [0-3HRS],1085.019,10 000,3 000 000,Lifetime Refill,22 minutes
11614,Youtube Views - [Lifetime Warranty] [Latin America ðŸ‡¦ðŸ‡·] [ð†ð„ðŽ - ððšð­ð¢ð¯ðž ð„ð¦ð›ðžð] [Speed 20-100K/Day] [Real & Non-Drop] [0-3HRS],1641.439,10 000,3 000 000,Lifetime Refill,11 minutes
11590,Youtube Views - [Lifetime Warranty] [Vietnam ðŸ‡»ðŸ‡³] [ð†ð„ðŽ - ððšð­ð¢ð¯ðž ð„ð¦ð›ðžð] [Speed 20-100K/Day] [Real & Non-Drop] [0-3HRS],4134.2006,10 000,3 000 000,Lifetime Refill,17 minutes
11591,Youtube Views - [Lifetime Warranty] [Vietnam ðŸ‡»ðŸ‡³] [ð†ð„ðŽ - ððšð­ð¢ð¯ðž ð„ð¦ð›ðžð] [Speed 20-60K/Day] [Real & Non-Drop] [0-3HRS],2425.9912,10 000,60 000,Lifetime Refill,23 minutes
11593,Youtube Views - [Lifetime Warranty] [South Korea ðŸ‡°ðŸ‡·] [ð†ð„ðŽ - ððšð­ð¢ð¯ðž ð„ð¦ð›ðžð] [Speed 20-100K/Day] [Real & Non-Drop] [0-3HRS],6554.6276,10 000,3 000 000,Lifetime Refill,17 minutes
11594,Youtube Views - [Lifetime Warranty] [Philippines ðŸ‡µðŸ‡­] [ð†ð„ðŽ - ððšð­ð¢ð¯ðž ð„ð¦ð›ðžð] [Speed 20-100K/Day] [Real & Non-Drop] [0-3HRS],2164.4738,10 000,3 000 000,Lifetime Refill,17 minutes
11595,Youtube Views - [Lifetime Warranty] [Iraq ðŸ‡®ðŸ‡¶] [ð†ð„ðŽ - ððšð­ð¢ð¯ðž ð„ð¦ð›ðžð] [Speed 20-100K/Day] [Real & Non-Drop] [0-3HRS],2626.3024,10 000,3 000 000,Lifetime Refill,17 minutes
11596,Youtube Views - [Lifetime Warranty] [Colombia ðŸ‡¨ðŸ‡´] [ð†ð„ðŽ - ððšð­ð¢ð¯ðž ð„ð¦ð›ðžð] [Speed 20-100K/Day] [Real & Non-Drop] [0-3HRS],2003.112,10 000,3 000 000,Lifetime Refill,55 minutes
11597,Youtube Views - [Lifetime Warranty] [Brazil ðŸ‡§ðŸ‡·] [ð†ð„ðŽ - ððšð­ð¢ð¯ðž ð„ð¦ð›ðžð] [Speed 20-100K/Day] [Real & Non-Drop] [0-3HRS],2003.112,10 000,3 000 000,Lifetime Refill,55 minutes
11598,Youtube Views - [Lifetime Warranty] [Indonesia ðŸ‡®ðŸ‡©] [ð†ð„ðŽ - ððšð­ð¢ð¯ðž ð„ð¦ð›ðžð] [Speed 20-100K/Day] [Real & Non-Drop] [0-3HRS],1936.3416,10 000,3 000 000,Lifetime Refill,33 minutes
11599,Youtube Views - [Lifetime Warranty] [Pakistan ðŸ‡µðŸ‡°] [ð†ð„ðŽ - ððšð­ð¢ð¯ðž ð„ð¦ð›ðžð] [Speed 20-100K/Day] [Real & Non-Drop] [0-3HRS],2492.7616,10 000,3 000 000,Lifetime Refill,33 minutes
11600,Youtube Views - [Lifetime Warranty] [Japan ðŸ‡¯ðŸ‡µ] [ð†ð„ðŽ - ððšð­ð¢ð¯ðž ð„ð¦ð›ðžð] [Speed 20-100K/Day] [Real & Non-Drop] [0-3HRS],1708.2094,10 000,3 000 000,Lifetime Refill,23 minutes
11601,Youtube Views - [Lifetime Warranty] [Bangladesh ðŸ‡§ðŸ‡©] [ð†ð„ðŽ - ððšð­ð¢ð¯ðž ð„ð¦ð›ðžð] [Speed 20-100K/Day] [Real & Non-Drop] [0-3HRS],2003.112,10 000,3 000 000,Lifetime Refill,11 minutes
11602,Youtube Views - [Lifetime Warranty] [Thailand ðŸ‡¹ðŸ‡­] [ð†ð„ðŽ - ððšð­ð¢ð¯ðž ð„ð¦ð›ðžð] [Speed 20-100K/Day] [Real & Non-Drop] [0-3HRS],2003.112,10 000,3 000 000,Lifetime Refill,55 minutes
11603,Youtube Views - [Lifetime Warranty] [Malaysia ðŸ‡²ðŸ‡¾] [ð†ð„ðŽ - ððšð­ð¢ð¯ðž ð„ð¦ð›ðžð] [Speed 20-100K/Day] [Real & Non-Drop] [0-3HRS],2003.112,10 000,3 000 000,Lifetime Refill,11 minutes
11605,Youtube Views - [Lifetime Warranty] [France ðŸ‡«ðŸ‡·] [ð†ð„ðŽ - ððšð­ð¢ð¯ðž ð„ð¦ð›ðžð] [Speed 20-100K/Day] [Real & Non-Drop] [0-3HRS],3277.3138,10 000,3 000 000,Lifetime Refill,16 minutes
11606,Youtube Views - [Lifetime Warranty] [Albania ðŸ‡¦ðŸ‡±] [ð†ð„ðŽ - ððšð­ð¢ð¯ðž ð„ð¦ð›ðžð] [Speed 20-100K/Day] [Real & Non-Drop] [0-3HRS],2954.5902,10 000,3 000 000,Lifetime Refill,55 minutes
11607,Youtube Views - [Lifetime Warranty] [Mexico ðŸ‡²ðŸ‡½] [ð†ð„ðŽ - ððšð­ð¢ð¯ðž ð„ð¦ð›ðžð] [Speed 20-100K/Day] [Real & Non-Drop] [0-3HRS],2754.279,10 000,3 000 000,Lifetime Refill,11 minutes
11608,Youtube Views - [Lifetime Warranty] [Venezuela ðŸ‡»ðŸ‡ª] [ð†ð„ðŽ - ððšð­ð¢ð¯ðž ð„ð¦ð›ðžð] [Speed 20-100K/Day] [Real & Non-Drop] [0-3HRS],2003.112,10 000,3 000 000,Lifetime Refill,23 minutes
11609,Youtube Views - [Lifetime Warranty] [Argentina ðŸ‡¦ðŸ‡·] [ð†ð„ðŽ - ððšð­ð¢ð¯ðž ð„ð¦ð›ðžð] [Speed 20-100K/Day] [Real & Non-Drop] [0-3HRS],2003.112,10 000,3 000 000,Lifetime Refill,22 minutes
11610,Youtube Views - [Lifetime Warranty] [Chile ðŸ‡¨ðŸ‡±] [ð†ð„ðŽ - ððšð­ð¢ð¯ðž ð„ð¦ð›ðžð] [Speed 20-100K/Day] [Real & Non-Drop] [0-3HRS],2131.0886,10 000,3 000 000,Lifetime Refill,33 minutes
11611,Youtube Views - [Lifetime Warranty] [Uruguay ðŸ‡ºðŸ‡¾] [ð†ð„ðŽ - ððšð­ð¢ð¯ðž ð„ð¦ð›ðžð] [Speed 20-100K/Day] [Real & Non-Drop] [0-3HRS],3277.3138,10 000,3 000 000,Lifetime Refill,11 minutes
11612,Youtube Views - [Lifetime Warranty] [Italy ðŸ‡®ðŸ‡¹] [ð†ð„ðŽ - ððšð­ð¢ð¯ðž ð„ð¦ð›ðžð] [Speed 20-100K/Day] [Real & Non-Drop] [0-3HRS],1902.9564,10 000,3 000 000,Lifetime Refill,16 minutes
15696,Youtube Views - [Lifetime Warranty] [Dominican ðŸ‡©ðŸ‡´] [ð†ð„ðŽ - ððšð­ð¢ð¯ðž ð„ð¦ð›ðžð] [Speed 20-100K/Day] [Real & Non-Drop] [0-3HRS],3277.3138,10 000,3 000 000,Lifetime Refill,22 minutes
11613,Youtube Views - [Lifetime Warranty] [South America ðŸ‡ºðŸ‡¸] [ð†ð„ðŽ - ððšð­ð¢ð¯ðž ð„ð¦ð›ðžð] [Speed 20-100K/Day] [Real & Non-Drop] [0-3HRS],1836.186,10 000,3 000 000,Lifetime Refill,23 minutes
7733,YouTube Views - [Lifetime Warranty] [ð’ð¨ð®ð«ðœðž - ð’ð®ð ð ðžð¬ð­ðžð] [Retention 20-30 Sec] [Speed 5K/Day] [INSTANT],545.2916,100,300 000,Lifetime Refill,6 hours 54 minutes
11909,YouTube Views - [Max 1M] [Lifetime Warranty] [ð’ð¨ð®ð«ðœðž: ð’ð®ð ð ðžð¬ð­ðžð] [WorldWide] [Stable] [Speed 5-10K/Day] [INSTANT],517.4706,15,500 000 000,Lifetime Refill,32 hours 27 minutes
6289,YouTube Views - [ð’ð¨ð®ð«ðœðž - ð„ð±ð­ðžð«ð§ðšð¥ / ð’ð®ð ð ðžð¬ð­ðžð] [Good for Ranking] [Speed 10K/Day] [INSTANT],1096.1474,100,1 500 000 000,30 Days Refill,13 hours 45 minutes
16338,YouTube Views - [ð’ð¨ð®ð«ðœðž - ð„ð±ð­ðžð«ð§ðšð¥ / ð’ð®ð ð ðžð¬ð­ðžð] [Good for Ranking] [Speed 10K/Day] [INSTANT],1096.1474,100,1 500 000 000,No Refill,13 hours 25 minutes
6283,YouTube Views - [ð’ð¨ð®ð«ðœðž - ð’ð®ð ð ðžð¬ð­ðžð / ð„ð±ð­ðžð«ð§ðšð¥ / ðƒð¢ð«ðžðœð­] [Good for Ranking] [Speed 50-100K/Day] [INSTANT],1057.198,100,15 000 000,30 Days Refill,53 minutes
13132,YouTube Views - [Lifetime Warranty] [ð’ð¨ð®ð«ðœðž - ð’ð®ð ð ðžð¬ð­ð¢ð¨ð§ð¬ / ð„ð±ð­ðžð«ð§ðšð¥] [Non-Drop] [Speed 1-5K/Day] [INSTANT],851.3226,100,700 000,Lifetime Refill,7 hours 49 minutes
13133,YouTube Views - [Lifetime Warranty] [ð’ð¨ð®ð«ðœðž - ð’ð®ð ð ðžð¬ð­ð¢ð¨ð§ð¬ / ð„ð±ð­ðžð«ð§ðšð¥] [Non-Drop] [Speed 200-300K/Day] [INSTANT],995.9918,10 000,10 000 001,Lifetime Refill,22 minutes
16339,YouTube Views - [Lifetime Warranty] [ð’ð¨ð®ð«ðœðž - ð˜ð¨ð®ð“ð®ð›ðž ð‘ðžðœð¨ð¦ð¦ðžð§ððšð­ð¢ð¨ð§] [Speed 5K/Day] [INSTANT] ðŸš€ðŸš€,495.2138,15,1 000 000,Lifetime Refill,6 hours 7 minutes
16515,Youtube ð•ð¢ðžð°ð¬ + ð‹ð¢ð¤ðžð¬ + ð—–ð—¼ð—ºð—ºð—²ð—»ð˜ð˜€ { Natural Engagement } | Lifetime Warranty | Max 500K | ð’ð¨ð®ð«ðœðž: ð™€ð™­ð™©ð™šð™§ð™£ð™–ð™¡ | Retention : 0-1 Min | Speed UpTo 25K/Day | INSTANT,400.6224,100,500 000,No Refill,9 hours 2 minutes
16340,Youtube Views | Lifetime Warranty | Max 10M | ð’ð¨ð®ð«ðœðž: ð„ð±ð­ðžð«ð§ðšð¥ | 5% Drop | Auto Refill | Speed UpTo 10K/Day | INSTANT,489.6496,100,500 000,No Refill,23 hours 32 minutes
16165,Youtube Views | Lifetime Warranty | Max 10M | ð’ð¨ð®ð«ðœðž: ð„ð±ð­ðžð«ð§ðšð¥ | ðð¨ð§-ðƒð«ð¨ð© | Speed UpTo 5K/Day | INSTANT,500.778,10,2 000 000 000,No Refill,4 hours 5 minutes
16205,Youtube Views | Lifetime Warranty | Max 10M | ð’ð¨ð®ð«ðœðž: ð’ð®ð ð ðžð¬ð­ðžð | 0-5% Drop | Refill Button | Speed UpTo 3K/Day | INSTANT,411.7508,100,1 000 000,No Refill,32 hours 34 minutes
16331,Youtube Views | Lifetime Warranty | Max 10M | ð’ð¨ð®ð«ðœðž: ð— ð—¶ð˜…ð—²ð—± | 0-3% Drop | Auto Refill | Speed UpTo 30K/Day | INSTANT,417.315,100,1 000 000,No Refill,5 hours 53 minutes
16168,YouTube Views | ð‘ðžðšð¥ ð‘ð€ð– ð•ð¢ðžð°ð¬ | Lifetime Warranty | Unlimited | Speed Upto 3K/Day | 0-1HRS,834.63,100,100 000,Lifetime Refill,5 hours 47 minutes
16341,Youtube Views | Lifetime Warranty | ð…ðšð¬ð­ðžð¬ð­ ð€ðŸð­ðžð« ð”ð©ððšð­ðž | ð’ð¨ð®ð«ðœðž: ð„ð±ð­ðžð«ð§ðšð¥ + ðƒð¢ð«ðžðœð­ | Refill Button | Speed UpTo 15K/Day | INSTANT,534.1632,100,1 000 000,365 Days Refill,22 hours 9 minutes
16336,YouTube Views - RAVâ„¢ [ð‘ðžðšð¥ ð•ð¢ðžð°ð¬ & ð„ð§ð ðšð ðžð¦ðžð§ð­ð¬] [30 Days Refill] [Max 100K] [ðð¨ð§-ðƒð«ð¨ð©] [Speed 1-3K/Day] [0-2HRS],1040.5054,100,100 000,30 Days Refill,2 hours 10 minutes
16162,YouTube Views | Geo-Mixed | 30 Days Refill | Source : ðð«ð¨ð°ð¬ðž ðŸðžðšð­ð®ð«ðžð¬ / ð’ð®ð ð ðžð¬ð­ðžð / ð˜ð¨ð®ð“ð®ð›ðž ð’ðžðšð«ðœð¡ | ðð¨ð§-ðƒð«ð¨ð© | Speed UpTo 15K/Day | 0-15 Mins,445.136,100,2 000 000,30 Days Refill,6 hours 47 minutes
16332,Youtube Views | Lifetime Warranty | Max 100K | ð’ð¨ð®ð«ðœðž: ð—¦ð˜‚ð—´ð—´ð—²ð˜€ð˜ð—¶ð—¼ð—»ð˜€ + ð— ð—¶ð˜…ð—²ð—± | 0-5% Drop | Auto Refill | Speed UpTo 300/Day | INSTANT,250.389,100,25 000,No Refill,1 hour
16337,YouTube Views - [ð’ð¨ð®ð«ðœðž - ð„ð±ð­ðžð«ð§ðšð¥ / ð’ð®ð ð ðžð¬ð­ðžð] [Good for Ranking] [Speed 10K/Day] [INSTANT],1096.1474,100,1 500 000 000,30 Days Refill,13 hours 22 minutes
16163,YouTube Views | Geo-Mixed | 30 Days Refill | Source : ðð«ð¨ð°ð¬ðž ðŸðžðšð­ð®ð«ðžð¬ / ð’ð®ð ð ðžð¬ð­ðžð / ð˜ð¨ð®ð“ð®ð›ðž ð’ðžðšð«ðœð¡ | ðð¨ð§-ðƒð«ð¨ð© | Speed UpTo 100K/Day | 0-15 Mins,472.957,100,10 000 000,30 Days Refill,11 hours 55 minutes
17610,Youtube Views | 30 Days Refill | Max 1M | ð’ð¨ð®ð«ðœðž: ð™€ð™­ð™©ð™šð™§ð™£ð™–ð™¡ | Speed UpTo 5K/Day | INSTANT,389.494,10,1 000 000,30 Days Refill,83 hours 27 minutes
17611,Youtube Views | Lifetime Warranty | Max 1M | ð’ð¨ð®ð«ðœðž: ð™€ð™­ð™©ð™šð™§ð™£ð™–ð™¡ | Speed UpTo 15K/Day | INSTANT,395.0582,10,1 000 000,No Refill,8 hours 38 minutes
16514,Youtube ð•ð¢ðžð°ð¬ + ððšð­ð®ð«ðšð¥ ð‹ð¢ð¤ðžð¬ | Lifetime Warranty | Max 100K | ð’ð¨ð®ð«ðœðž: ð™€ð™­ð™©ð™šð™§ð™£ð™–ð™¡ | Retention : 0-1 Min | Speed UpTo 15K/Day | INSTANT,400.6224,10,100 000,No Refill,13 hours 13 minutes
16541,YouTube Likes | ð™ðžð«ð¨ ðƒð«ð¨ð© | 365 Days Refill â™»ï¸ | Max 20K | Speed 20K/Day | 0-5 Mins | ð‡ð¢ð ð¡ð¥ð² ð‘ðžðœð¨ð¦ð¦ðžð§ððžð,2225.68,10,20 000,365 Days Refill,3 minutes
16506,YouTube Likes | ð™ðžð«ð¨ ðƒð«ð¨ð© | 30 Days Refill â™»ï¸ | Max 20K | Speed 20K/Day | 0-5 Mins | ð‡ð¢ð ð¡ð¥ð² ð‘ðžðœð¨ð¦ð¦ðžð§ððžð,2170.038,10,20 000,30 Days Refill,3 minutes
16505,YouTube Likes | ð™ðžð«ð¨ ðƒð«ð¨ð© | 15 Days Refill â™»ï¸ | Max 20K | Speed 20K/Day | 0-5 Mins | ð‡ð¢ð ð¡ð¥ð² ð‘ðžðœð¨ð¦ð¦ðžð§ððžð,2142.217,10,20 000,15 Days Refill,3 minutes
16801,YouTube Likes | â™»ï¸ 15 Days Refill | Max 10K | ðŒðžðð¢ð®ð¦ ðƒð«ð¨ð© | Speed 5K/Day | 0-10 Mins,434.0076,10,10 000,15 Days Refill,3 minutes
16802,YouTube Likes | â™»ï¸ 30 Days Refill | Max 10K | ðŒðžðð¢ð®ð¦ ðƒð«ð¨ð© | Speed 5K/Day | 0-10 Mins,445.136,10,10 000,30 Days Refill,4 minutes
16803,YouTube Likes | â™»ï¸ 365 Days Refill | Max 10K | ðŒðžðð¢ð®ð¦ ðƒð«ð¨ð© | Speed 10K/Day | 0-10 Mins,450.7002,10,10 000,365 Days Refill,8 minutes
16521,YouTube Likes | ð‹ð¨ð° ðƒð«ð¨ð© | 30 Days Refill â™»ï¸ | Max 20K | Speed 20K/Day | 0-5 Mins,472.957,10,20 000,7 Days Refill,4 minutes
16520,YouTube Likes | ð‹ð¨ð° ðƒð«ð¨ð© | 7 Days Refill â™»ï¸ | Max 20K | Speed 20K/Day | 0-5 Mins,456.2644,10,10 000,No Refill,7 minutes
16507,YouTube Likes | ð‹ð¨ð° ðƒð«ð¨ð© | No Refill âŒ | Max 20K | Speed 2K/Day | 0-5 Mins,445.136,10,10 000,No Refill,4 minutes
16582,YouTube Likes | 30 Days Refill â™»ï¸ | Max 5K | Speed 5K/Day | 0-5 Mins,417.315,10,5 000,30 Days Refill,3 minutes
16581,YouTube Likes | 15 Days Refill â™»ï¸ | Max 5K | Speed 5K/Day | 0-5 Mins,411.7508,10,5 000,15 Days Refill,6 minutes
16495,YouTube Likes | ðŸðŸŽðŸŽ% ð‘ðžðšð¥ ð€ðœðœð¨ð®ð§ð­ð¬ | 10 Days Refill â™»ï¸ | Max 5K | Speed 3K/Day | 0-5 Mins,500.778,20,5 000,No Refill,3 minutes
16496,YouTube Likes | ðŸðŸŽðŸŽ% ð‘ðžðšð¥ ð€ðœðœð¨ð®ð§ð­ð¬ | 20 Days Refill â™»ï¸ | Max 5K | Speed 3K/Day | 0-5 Mins,528.599,20,5 000,No Refill,5 minutes
16497,YouTube Likes | ðŸðŸŽðŸŽ% ð‘ðžðšð¥ ð€ðœðœð¨ð®ð§ð­ð¬ | 30 Days Refill â™»ï¸ | Max 5K | Speed 3K/Day | 0-5 Mins,545.2916,20,5 000,30 Days Refill,5 minutes
16540,YouTube Likes | ðŸðŸŽðŸŽ% ð‘ðžðšð¥ ð€ðœðœð¨ð®ð§ð­ð¬ | 365 Days Refill â™»ï¸ | Max 5K | Speed 3K/Day | 0-5 Mins,556.42,20,5 000,365 Days Refill,8 minutes
16425,ðŸ”´ YouTube Video Boost Combo ðŸ”— - ðŸ“¹ ð•ð¢ððžð¨ ð‹ð¢ð¤ðžð¬ + ð•ð¢ðžð°ð¬ + ð’ð®ð›ð¬ðœð«ð¢ð›ðžð«ð¬ + ð€ðˆ ðŸ¤– ð‚ð¨ð¦ð¦ðžð§ð­ð¬ ðŸ’¬ [ READ DESCRIPTION ],3338.52,100,50 000,Lifetime Refill,6 minutes
17618,ðŸ”´ YouTube Video Boost Combo ðŸ”— - ðŸ“¹ ð•ð¢ððžð¨ ð‹ð¢ð¤ðžð¬ + ð€ðˆ ðŸ¤– ð‚ð¨ð¦ð¦ðžð§ð­ð¬ ðŸ’¬ [ READ DESCRIPTION ],1669.26,100,50 000,Lifetime Refill,6 minutes
17619,ðŸ”´ YouTube Video Boost Combo ðŸ”— - ðŸ“¹ ð•ð¢ððžð¨ ð‹ð¢ð¤ðžð¬ + ð’ð®ð›ð¬ðœð«ð¢ð›ðžð«ð¬ ðŸ—£ï¸ [ READ DESCRIPTION ],1780.544,100,50 000,Lifetime Refill,4 minutes
17620,ðŸ”´ YouTube Video Boost Combo ðŸ”— - ðŸ“¹ ð•ð¢ððžð¨ ð‹ð¢ð¤ðžð¬ + ð•ð¢ðžð°ð¬ + ð’ð®ð›ð¬ðœð«ð¢ð›ðžð«ð¬ ðŸ—£ï¸ [ READ DESCRIPTION ],2576.2246,100,50 000,Lifetime Refill,6 minutes
17505,YouTube Watch Time Views | 4000 HR | 30 Days Refill | ðŸðŸŽðŸŽðŸŽ ðð®ðšð§ð­ð¢ð­ð² = ðŸðŸŽðŸŽðŸŽ ð‡ð‘ | ð”ð¬ðž ð•ð¢ððžð¨ ðŸ ð‡ð‘+ ðŽð§ð¥ð² | Speed 5K/Day | ðð¨ð§-ðƒð«ð¨ð© | 0-3 HRS,15023.34,100,4 000,60 Days Refill,5 hours 12 minutes
17506,YouTube Watch Time Views | 4000 HR | 30 Days Refill | ðŸðŸŽðŸŽðŸŽ ðð®ðšð§ð­ð¢ð­ð² = ðŸðŸŽðŸŽðŸŽ ð‡ð‘ | ð”ð¬ðž ð•ð¢ððžð¨ ðŸ ð‡ð‘+ ðŽð§ð¥ð² | Speed 5K/Day | ðð¨ð§-ðƒð«ð¨ð© | 0-3 HRS,15579.76,100,4 000,60 Days Refill,79 hours 25 minutes
17507,YouTube Watch Time Views | 4000 HR | 30 Days Refill | ðŸðŸŽðŸŽðŸŽ ðð®ðšð§ð­ð¢ð­ð² = ðŸðŸŽðŸŽðŸŽ ð‡ð‘ | ð”ð¬ðž ð•ð¢ððžð¨ ðŸ ð‡ð‘+ ðŽð§ð¥ð² | Speed 5K/Day | ðð¨ð§-ðƒð«ð¨ð© | 0-3 HRS,14912.056,100,4 000,60 Days Refill,44 hours 28 minutes
17627,YouTube Subscribers | â™»ï¸ 30 Days Refill | Max 100K | ðð¨ð§-ðƒð«ð¨ð© | Speed 100-200/Day | 0-5 Mins,9542.603,50,100 000,30 Days Refill,18 hours 32 minutes
17630,YouTube Subscribers | â™»ï¸ 30 Days Refill | Max 50K | Speed 50/Day | 0-15 Mins,9342.2918,50,50 000,30 Days Refill,80 hours 33 minutes
17631,YouTube Subscribers | â™»ï¸ 30 Days Refill | Max 50K | Speed 100-200/Day | 0-15 Mins,10126.844,50,50 000,30 Days Refill,33 hours 2 minutes
17629,YouTube Subscribers | No Refill | Max 150K | Speed 1-2K/Day | 0-15 Mins,14466.92,500,150 000,No Refill,21 hours 37 minutes